/*
 Navicat Premium Data Transfer

 Source Server         : 192.168.18.178
 Source Server Type    : MySQL
 Source Server Version : 50742
 Source Host           : 192.168.18.178:3306
 Source Schema         : aurora

 Target Server Type    : MySQL
 Target Server Version : 50742
 File Encoding         : 65001

 Date: 09/07/2023 11:04:25
*/

SET NAMES utf8mb4;
SET FOREIGN_KEY_CHECKS = 0;

-- ----------------------------
-- Table structure for t_about
-- ----------------------------
DROP TABLE IF EXISTS `t_about`;
CREATE TABLE `t_about`  (
  `id` int(11) NOT NULL AUTO_INCREMENT,
  `content` text CHARACTER SET utf8mb4 COLLATE utf8mb4_general_ci NULL COMMENT '内容',
  `create_time` datetime(0) NOT NULL COMMENT '创建时间',
  `update_time` datetime(0) NULL DEFAULT NULL COMMENT '更新时间',
  PRIMARY KEY (`id`) USING BTREE
) ENGINE = InnoDB AUTO_INCREMENT = 2 CHARACTER SET = utf8mb4 COLLATE = utf8mb4_general_ci ROW_FORMAT = DYNAMIC;

-- ----------------------------
-- Records of t_about
-- ----------------------------
INSERT INTO `t_about` VALUES (1, '{\"content\":\"this is about\"}', '2022-07-24 17:22:13', '2022-09-23 14:37:34');

-- ----------------------------
-- Table structure for t_article
-- ----------------------------
DROP TABLE IF EXISTS `t_article`;
CREATE TABLE `t_article`  (
  `id` int(11) NOT NULL AUTO_INCREMENT,
  `user_id` int(11) NOT NULL COMMENT '作者',
  `category_id` int(11) NULL DEFAULT NULL COMMENT '文章分类',
  `article_cover` varchar(1024) CHARACTER SET utf8mb4 COLLATE utf8mb4_general_ci NULL DEFAULT NULL COMMENT '文章缩略图',
  `article_title` varchar(50) CHARACTER SET utf8mb4 COLLATE utf8mb4_general_ci NOT NULL COMMENT '标题',
  `article_content` longtext CHARACTER SET utf8mb4 COLLATE utf8mb4_general_ci NOT NULL COMMENT '内容',
  `is_top` tinyint(1) NOT NULL DEFAULT 0 COMMENT '是否置顶 0否 1是',
  `is_featured` tinyint(1) NOT NULL DEFAULT 0 COMMENT '是否推荐 0否 1是',
  `is_delete` tinyint(1) NOT NULL DEFAULT 0 COMMENT '是否删除  0否 1是',
  `status` tinyint(1) NOT NULL DEFAULT 1 COMMENT '状态值 1公开 2私密 3草稿',
  `type` tinyint(1) NOT NULL DEFAULT 1 COMMENT '文章类型 1原创 2转载 3翻译',
  `password` varchar(255) CHARACTER SET utf8mb4 COLLATE utf8mb4_general_ci NULL DEFAULT NULL COMMENT '访问密码',
  `original_url` varchar(255) CHARACTER SET utf8mb4 COLLATE utf8mb4_general_ci NULL DEFAULT NULL COMMENT '原文链接',
  `create_time` datetime(0) NOT NULL COMMENT '发表时间',
  `update_time` datetime(0) NULL DEFAULT NULL COMMENT '更新时间',
  PRIMARY KEY (`id`) USING BTREE
) ENGINE = InnoDB AUTO_INCREMENT = 13 CHARACTER SET = utf8mb4 COLLATE = utf8mb4_general_ci ROW_FORMAT = DYNAMIC;

-- ----------------------------
-- Records of t_article
-- ----------------------------
INSERT INTO `t_article` VALUES (1, 1, 2, 'http://192.168.18.178:9000/public/aurora/articles/c1defe8c0cbeaa37e547475b7dd06127.jpg', 'docker 项目部署', '#  1.docker概述\n\n## 1.1 基本介绍\n\nDocker 是一个开源的应用容器引擎，基于 Go 语言 并遵从 Apache2.0 协议开源。\n\nDocker 可以让开发者打包他们的应用以及依赖包到一个轻量级、可移植的容器中，然后发布到任何流行的 Linux 机器上，也可以实现虚拟化。\n\n容器是完全使用沙箱机制，相互之间不会有任何接口,更重要的是容器性能开销极低。\n\nDocker 从 17.03 版本之后分为 CE（Community Edition: 社区版） 和 EE（Enterprise Edition: 企业版），我们用社区版就可以了。[官网](https://docs.docker.com/)\n\n##  1.2 应用场景\n\n1. Web 应用的自动化打包和发布。\n\n2. 自动化测试和持续集成、发布。\n\n3. 在服务型环境中部署和调整数据库或其他的后台应用。\n\n4. 从头编译或者扩展现有的 Openshellift 或 Cloud Foundry 平台来搭建自己的 PaaS 环境。\n\n## 1.3 docker 的优势\n\nDocker 是一个用于开发，交付和运行应用程序的开放平台。Docker 使您能够将应用程序与基础架构分开，从而可以快速交付软件。借助 Docker，您可以与管理应用程序相同的方式来管理基础架构。通过利用 Docker 的方法来快速交付，测试和部署代码，您可以大大减少编写代码和在生产环境中运行代码之间的延迟。\n\n1. 快速，一致地交付您的应用程序。Docker 允许开发人员使用您提供的应用程序或服务的本地容器在标准化环境中工作，从而简化了开发的生命周期。\n\n容器非常适合持续集成和持续交付（CI / CD）工作流程，请考虑以下示例方案：\n\n您的开发人员在本地编写代码，并使用 Docker 容器与同事共享他们的工作。\n他们使用 Docker 将其应用程序推送到测试环境中，并执行自动或手动测试。\n当开发人员发现错误时，他们可以在开发环境中对其进行修复，然后将其重新部署到测试环境中，以进行测试和验证。\n测试完成后，将修补程序推送给生产环境，就像将更新的镜像推送到生产环境一样简单。\n\n2. 响应式部署和扩展\n   Docker 是基于容器的平台，允许高度可移植的工作负载。Docker 容器可以在开发人员的本机上，数据中心的物理或虚拟机上，云服务上或混合环境中运行。\n\nDocker 的可移植性和轻量级的特性，还可以使您轻松地完成动态管理的工作负担，并根据业务需求指示，实时扩展或拆除应用程序和服务。\n\n3. 在同一硬件上运行更多工作负载\n   Docker 轻巧快速。它为基于虚拟机管理程序的虚拟机提供了可行、经济、高效的替代方案，因此您可以利用更多的计算能力来实现业务目标。Docker 非常适合于高密度环境以及中小型部署，而您可以用更少的资源做更多的事情。\n\n# 2.虚拟化技术和容器化技术\n\n虚拟化技术特点：\n\n1. 资源占用多\n2. 冗余步骤多 \n3. 启动很慢\n\n容器化技术：容器化技术不是模拟的一个完整的操作系统\n\n比较Docker和虚拟机的不同：\n\n1. 传统虚拟机，虚拟出硬件，运行一个完整的操作系统，然后在这个系统上安装和运行软件。\n2. Docker容器内的应用直接运行在宿主机的内容，容器是没有自己的内核的，也没有虚拟硬件。\n3. 每个容器都是相互隔离的，每个容器都有属于自己的文件系统，互不影响。\n\n![20210717124434988.png](https://static.linhaojun.top/aurora/articles/c7ae4abaa3a228f0344dd4b480ff7445.png)\n\n# 3.docker的基本组成\n\nDocker的基本组成图如下：\n![20210717120256284.png](https://static.linhaojun.top/aurora/articles/8939ae04db634d407f5dec94ba82ec0f.png)\n\n说明：\n\n![20210717120343817.png](https://static.linhaojun.top/aurora/articles/323aef7768be3f055eb34b893202933d.png)\n\n# 4.Docker的安装\n\n查看系统的内核：\n\nuname -r\n\n系统内核版本为3.10.0\n\n```shell\n[root@iZwz99sm8v95sckz8bd2c4Z ~]# uname -r\n3.10.0-957.21.3.el7.x86_64\n```\n\n查看系统配置\n\ncat /etc/os-release\n\n```shell\n[root@iZwz99sm8v95sckz8bd2c4Z ~]# cat /etc/os-release\nNAME=\"CentOS Linux\"\nVERSION=\"7 (Core)\"\nID=\"centos\"\nID_LIKE=\"rhel fedora\"\nVERSION_ID=\"7\"\nPRETTY_NAME=\"CentOS Linux 7 (Core)\"\nANSI_COLOR=\"0;31\"\nCPE_NAME=\"cpe:/o:centos:centos:7\"\nHOME_URL=\"https://www.centos.org/\"\nBUG_REPORT_URL=\"https://bugs.centos.org/\"\n\nCENTOS_MANTISBT_PROJECT=\"CentOS-7\"\nCENTOS_MANTISBT_PROJECT_VERSION=\"7\"\nREDHAT_SUPPORT_PRODUCT=\"centos\"\nREDHAT_SUPPORT_PRODUCT_VERSION=\"7\"\n```\n\nDocker的安装步骤：\n\n## 4.1 卸载旧的版本\n\n```shell\nyum remove docker \\\n                  docker-client \\\n                  docker-client-latest \\\n                  docker-common \\\n                  docker-latest \\\n                  docker-latest-logrotate \\\n                  docker-logrotate \\\n                  docker-engine\n```\n\n## 4.2 下载需要的安装包\n\n```shell\nyum install -y yum-utils\n```\n\n## 4.3 设置镜像的仓库\n\n```shell\nyum-config-manager \\\n    --add-repo \\\n    https://download.docker.com/linux/centos/docker-ce.repo  #国外的地址\n    \n    # 设置阿里云的Docker镜像仓库\nyum-config-manager \\\n    --add-repo \\\n    https://mirrors.aliyun.com/docker-ce/linux/centos/docker-ce.repo  #国内的地址\n```\n\n## 4.4 更新yum软件包索引\n\n```shell\nyum makecache fast\n```\n\n## 4.5 安装docker相关配置\n\ndocker-ce 是社区版，docker-ee 企业版\n\n```shell\nyum install docker-ce docker-ce-cli containerd.io\n```\n\n出现了completed即安装成功。\n\n## 4.6启动docker\n\n```shell\nsystemctl start docker\n# 查看当前版本号，是否启动成功\ndocker version\n# 设置开机自启动\nsystemctl enable docker\n```\n\n结果：\n\n![2021071712515566.png](https://static.linhaojun.top/aurora/articles/386d662b1e8bdd3ffb4aa73dd0d52880.png)\n\n下载hello-world镜像进行测试\n\n![20210717125227931.png](https://static.linhaojun.top/aurora/articles/e7ed7744b2020bfa9c023f38cec17882.png)\n\n查看下载的hello world镜像\n\n```shell\n[root@iZwz99sm8v95sckz8bd2c4Z lib]# docker images\nREPOSITORY    TAG       IMAGE ID       CREATED         SIZE\nhello-world   latest    bf756fb1ae65   11 months ago   13.3kB\n```\n\n# 5.docker的卸载\n\n```shell\n# 1. 卸载依赖\nyum remove docker-ce docker-ce-cli containerd.io\n# 2. 删除资源  . /var/lib/docker是docker的默认工作路径\nrm -rf /var/lib/docker\n```\n\n# 6.配置阿里云镜像加速\n\n## 6.1 进入阿里云官网，搜索容器镜像服务\n\n![20210717125337690.png](https://static.linhaojun.top/aurora/articles/a6fe14af8199d829fec92b3fd9d50744.png)\n\n## 6.2 依次执行官方的这四条命令\n\n```shell\nsudo mkdir -p /etc/docker\nsudo tee /etc/docker/daemon.json <<-\'EOF\'\n{\n  \"registry-mirrors\": [\"https://axvfsf7e.mirror.aliyuncs.com\"]\n}\nEOF\nsudo systemctl daemon-reload\nsudo systemctl restart docker\n```\n\n# 7.Docker容器运行流程\n\n启动一个容器，Docker的运行流程如下图：\n\n![20210717125820781.png](https://static.linhaojun.top/aurora/articles/43cec2d25d563b83ce880150e1590901.png)\n\n# 8.底层原理\n\nDocker是一个Client-Server结构的系统，Docker的守护进程运行在主机上，通过Socker从客户端访问！Docker Server接收到Docker-Client的指令，就会执行这个指令！\n\n![20210717130715341.png](https://static.linhaojun.top/aurora/articles/0b87a663b1ff9f9502e51e6e0bb51e65.png)\n\nDocker为什么比VM Ware快？\n\n1.Docker比虚拟机更少的抽象层\n\n2.docker利用宿主机的内核，VM需要的是Guest OS\n\n![20210717130758965.png](https://static.linhaojun.top/aurora/articles/48a8b69b7b36b30220c80539e5d9f7f4.png)\n\nDocker新建一个容器的时候，不需要像虚拟机一样重新加载一个操作系统内核，直接利用宿主机的操作系统，而虚拟机是需要加载Guest OS。Docker和VM的对比如下：\n\n![20210717134556550.png](https://static.linhaojun.top/aurora/articles/bba1798a5df8d3c2c800b8bd40bddd3c.png)\n\n# 9.docker常用命令\n\n## 9.1 基础命令\n\n```shell\ndocker version          #查看docker的版本信息\ndocker info             #查看docker的系统信息,包括镜像和容器的数量\ndocker 命令 --help       #帮助命令(可查看可选的参数)\ndocker COMMAND --help\n```\n\n命令的帮助[文档地址](https://docs.docker.com/engine/reference/commandline/docker/)\n\n## 9.2 镜像命令\n\n###  **docker images** 查看本地主机的所有镜像\n\n```shell\n[root@iZwz99sm8v95sckz8bd2c4Z ~]# docker images\nREPOSITORY    TAG       IMAGE ID       CREATED         SIZE\nhello-world   latest    bf756fb1ae65   11 months ago   13.3kB\n\n#解释:\n1.REPOSITORY  镜像的仓库源\n\n2.TAG  镜像的标签\n\n3.IMAGE ID 镜像的id\n\n4.CREATED 镜像的创建时间\n\n5.SIZE 镜像的大小\n\n\n# 可选参数\n\n-a/--all 列出所有镜像\n\n-q/--quiet 只显示镜像的id\n```\n\n### **docker search** 搜索镜像\n\n```shell\n[root@iZwz99sm8v95sckz8bd2c4Z ~]# docker search mysql\nNAME                              DESCRIPTION                                     STARS     OFFICIAL   AUTOMATED\nmysql                             MySQL is a widely used, open-source relation…   10308     [OK]\nmariadb                           MariaDB is a community-developed fork of MyS…   3819      [OK]\nmysql/mysql-server                Optimized MySQL Server Docker images. Create…   754                  [OK]\npercona                           Percona Server is a fork of the MySQL relati…   517       [OK]\ncentos/mysql-57-centos7           MySQL 5.7 SQL database server                   86\nmysql/mysql-cluster               Experimental MySQL Cluster Docker images. Cr…   79\ncenturylink/mysql                 Image containing mysql. Optimized to be link…   60                   [OK]\n\n\n#可选参数\n\nSearch the Docker Hub for images\n\nOptions:\n  -f, --filter filter   Filter output based on conditions provided\n      --format string   Pretty-print search using a Go template\n      --limit int       Max number of search results (default 25)\n      --no-trunc        Don\'t truncate output\n      \n      \n#搜索收藏数大于3000的镜像\n[root@iZwz99sm8v95sckz8bd2c4Z ~]# docker search mysql --filter=STARS=3000\nNAME      DESCRIPTION                                     STARS     OFFICIAL   AUTOMATED\nmysql     MySQL is a widely used, open-source relation…   10308     [OK]\nmariadb   MariaDB is a community-developed fordockerk of MyS…   3819      [OK]\n```\n\n### **docker pull 镜像名[:tag]** 下载镜像\n\n```shell\n[root@iZwz99sm8v95sckz8bd2c4Z ~]# docker pull mysql\nUsing default tag: latest            #如果不写tag默认就是latest\nlatest: Pulling from library/mysql\n6ec7b7d162b2: Pull complete          #分层下载,docker image的核心-联合文件系统\nfedd960d3481: Pull complete\n7ab947313861: Pull complete\n64f92f19e638: Pull complete\n3e80b17bff96: Pull complete\n014e976799f9: Pull complete\n59ae84fee1b3: Pull complete\nffe10de703ea: Pull complete\n657af6d90c83: Pull complete\n98bfb480322c: Pull complete\n6aa3859c4789: Pull complete\n1ed875d851ef: Pull complete\nDigest: shella256:78800e6d3f1b230e35275145e657b82c3fb02a27b2d8e76aac2f5e90c1c30873 #签名\nStatus: Downloaded newer image for mysql:latest\ndocker.io/library/mysql:latest  #下载来源的真实地址  #docker pull mysql等价于docker pull docker.io/library/mysql:latest\n```\n\n指定版本下载\n\n```shell\n[root@iZwz99sm8v95sckz8bd2c4Z ~]# docker pull mysql:5.7\n5.7: Pulling from library/mysql\n6ec7b7d162b2: Already exists\nfedd960d3481: Already exists\n7ab947313861: Already exists\n64f92f19e638: Already exists\n3e80b17bff96: Already exists\n014e976799f9: Already exists\n59ae84fee1b3: Already exists\n7d1da2a18e2e: Pull complete\n301a28b700b9: Pull complete\n529dc8dbeaf3: Pull complete\nbc9d021dc13f: Pull complete\nDigest: shella256:c3a567d3e3ad8b05dfce401ed08f0f6bf3f3b64cc17694979d5f2e5d78e10173\nStatus: Downloaded newer image for mysql:5.7\ndocker.io/library/mysql:5.7\n```\n\n### **docker rmi**删除镜像\n\n```shell\n#1.删除指定的镜像id\n[root@iZwz99sm8v95sckz8bd2c4Z ~]# docker rmi -f  镜像id\n#2.删除多个镜像id\n[root@iZwz99sm8v95sckz8bd2c4Z ~]# docker rmi -f  镜像id 镜像id 镜像id\n#3.删除全部的镜像id\n[root@iZwz99sm8v95sckz8bd2c4Z ~]# docker rmi -f  $(docker images -aq)\n```\n\n## 9.3 容器命令\n\n### 如拉取一个centos镜像\n\n```shell\ndocker pull centos\n```\n\n### 运行容器的命令说明\n\n```shell\ndocker run [可选参数] image\n\n#参数说明\n--name=\"名字\"           指定容器名字\n-d                     后台方式运行\n-it                    使用交互方式运行,进入容器查看内容\n-p                     指定容器的端口\n(\n-p ip:主机端口:容器端口  配置主机端口映射到容器端口\n-p 主机端口:容器端口\n-p 容器端口\n)\n-P                     随机指定端口(大写的P)\n```\n\n### 运行并进入容器centos\n\n```shell\n[root@iZwz99sm8v95sckz8bd2c4Z ~]# docker run -it centos /bin/bashell\n[root@bd1b8900c547 /]# ls      \nbin  dev  etc  home  lib  lib64  lost+found  media  mnt  opt  proc  root  run  sbin  srv  sys  tmp  usr  var\n```\n\n### 退出容器命令\n\n```shell\n#exit 停止并退出容器（后台方式运行则仅退出）\n#Ctrl+P+Q  不停止容器退出\n[root@bd1b8900c547 /]# exit\nexit\n[root@iZwz99sm8v95sckz8bd2c4Z ~]#\n```\n\n### 列出运行过的容器命令\n\n```shell\n#docker ps \n     # 列出当前正在运行的容器\n-a   # 列出所有容器的运行记录\n-n=? # 显示最近创建的n个容器\n-q   # 只显示容器的编号\n\n\n[root@iZwz99sm8v95sckz8bd2c4Z ~]# docker ps\nCONTAINER ID   IMAGE     COMMAND   CREATED   STATUS    PORTS     NAMES\n[root@iZwz99sm8v95sckz8bd2c4Z ~]# docker ps -a\nCONTAINER ID   IMAGE          COMMAND       CREATED         STATUS                     PORTS     NAMES\nbca129320bb5   centos         \"/bin/bashell\"   4 minutes ago   Exited (0) 3 minutes ago             optimistic_shelltern\nbd1b8900c547   centos         \"/bin/bashell\"   6 minutes ago   Exited (0) 5 minutes ago             cool_tesla\ncf6adbf1b506   bf756fb1ae65   \"/hello\"      5 hours ago     Exited (0) 5 hours ago               optimistic_darwin\n```\n\n### 删除容器命令\n\n```shell\ndocker rm 容器id                 #删除指定的容器,不能删除正在运行的容器,强制删除使用 rm -f\ndocker rm -f $(docker ps -aq)   #删除所有的容器(慎用)\ndocker ps -a -q|xargs docker rm #删除所有的容器(慎用)\n```\n\n### 启动和停止容器命令\n\n```shell\ndocker start 容器id          #启动容器\ndocker restart 容器id        #重启容器\ndocker stop 容器id           #停止当前运行的容器\ndocker kill 容器id           #强制停止当前容器\n```\n\n### 退出容器命令\n\n```shell\n#exit 停止并退出容器（后台方式运行则仅退出）\n#Ctrl+P+Q  不停止容器退出\n[root@bd1b8900c547 /]# exit\nexit\n[root@iZwz99sm8v95sckz8bd2c4Z ~]#\n```\n\n### 列出运行过的容器命令\n\n```shell\n#docker ps \n     # 列出当前正在运行的容器\n-a   # 列出所有容器的运行记录\n-n=? # 显示最近创建的n个容器\n-q   # 只显示容器的编号\n\n\n[root@iZwz99sm8v95sckz8bd2c4Z ~]# docker ps\nCONTAINER ID   IMAGE     COMMAND   CREATED   STATUS    PORTS     NAMES\n[root@iZwz99sm8v95sckz8bd2c4Z ~]# docker ps -a\nCONTAINER ID   IMAGE          COMMAND       CREATED         STATUS                     PORTS     NAMES\nbca129320bb5   centos         \"/bin/bashell\"   4 minutes ago   Exited (0) 3 minutes ago             optimistic_shelltern\nbd1b8900c547   centos         \"/bin/bashell\"   6 minutes ago   Exited (0) 5 minutes ago             cool_tesla\ncf6adbf1b506   bf756fb1ae65   \"/hello\"      5 hours ago     Exited (0) 5 hours ago               optimistic_darwin\n```\n\n### 列出运行过的容器命令\n\n```shell\n#docker ps \n     # 列出当前正在运行的容器\n-a   # 列出所有容器的运行记录\n-n=? # 显示最近创建的n个容器\n-q   # 只显示容器的编号\n\n\n[root@iZwz99sm8v95sckz8bd2c4Z ~]# docker ps\nCONTAINER ID   IMAGE     COMMAND   CREATED   STATUS    PORTS     NAMES\n[root@iZwz99sm8v95sckz8bd2c4Z ~]# docker ps -a\nCONTAINER ID   IMAGE          COMMAND       CREATED         STATUS                     PORTS     NAMES\nbca129320bb5   centos         \"/bin/bashell\"   4 minutes ago   Exited (0) 3 minutes ago             optimistic_shelltern\nbd1b8900c547   centos         \"/bin/bashell\"   6 minutes ago   Exited (0) 5 minutes ago             cool_tesla\ncf6adbf1b506   bf756fb1ae65   \"/hello\"      5 hours ago     Exited (0) 5 hours ago               optimistic_darwin\n```\n\n### 删除容器命令\n\n```shell\ndocker rm 容器id                 #删除指定的容器,不能删除正在运行的容器,强制删除使用 rm -f\ndocker rm -f $(docker ps -aq)   #删除所有的容器\ndocker ps -a -q|xargs docker rm #删除所有的容器\n```\n\n### 启动和停止容器命令\n\n```shell\ndocker start 容器id          #启动容器\ndocker restart 容器id        #重启容器\ndocker stop 容器id           #停止当前运行的容器\ndocker kill 容器id           #强制停止当前容器\n```\n\n## 10.4其他命令的使用\n\n###  日志的查看\n\n```shell\n[root@iZwz99sm8v95sckz8bd2c4Z ~]# docker logs --help\n\nUsage:  docker logs [OPTIONS] CONTAINER\n\nFetch the logs of a container\n\nOptions:\n      --details        shellow extra details provided to logs\n  -f, --follow         Follow log output\n      --since string   shellow logs since timestamp (e.g. 2013-01-02T13:23:37Z) or relative (e.g. 42m for 42 minutes)\n  -n, --tail string    Number of lines to shellow from the end of the logs (default \"all\")\n  -t, --timestamps     shellow timestamps\n      --until string   shellow logs before a timestamp (e.g. 2013-01-02T13:23:37Z) or relative (e.g. 42m for 42 minutes)\n\n常用：\ndocker logs -tf 容器id\ndocker logs --tail number 容器id #num为要显示的日志条数\n\n\n#docker容器后台运行，必须要有一个前台的进程，否则会自动停止\n#编写shellell脚本循环执行，使得centos容器保持运行状态\n[root@iZwz99sm8v95sckz8bd2c4Z ~]# docker run -d centos /bin/shell -c \"while true;do echo hi;sleep 5;done\"\nc703b5b1911ff84d584390263a35707b6024816e1f46542b61918a6327a570dc\n[root@iZwz99sm8v95sckz8bd2c4Z ~]# docker ps\nCONTAINER ID   IMAGE     COMMAND                  CREATED          STATUS          PORTS     NAMES\nc703b5b1911f   centos    \"/bin/shell -c \'while t…\"   13 seconds ago   Up 10 seconds             pedantic_banach\n[root@iZwz99sm8v95sckz8bd2c4Z ~]# docker logs -tf --tail 10 c703b5b1911f\n2020-12-27T03:34:07.255599560Z hi\n2020-12-27T03:34:12.257641517Z hi\n2020-12-27T03:34:17.259706294Z hi\n2020-12-27T03:34:22.261693707Z hi\n2020-12-27T03:34:27.262609289Z hi\n2020-12-27T03:34:32.267862677Z hi\n2020-12-27T03:34:37.270382873Z hi\n2020-12-27T03:34:42.272414182Z hi\n2020-12-27T03:34:47.274823243Z hi\n2020-12-27T03:34:52.277419274Z hi\n```\n\n### 查看容器中进程信息\n\n```shell\n[root@iZwz99sm8v95sckz8bd2c4Z ~]# docker top 容器ID\n```\n\n### 查看容器的元数据\n\n```shell\n[root@iZwz99sm8v95sckz8bd2c4Z ~]# docker inspect 容器ID\n```\n\n### 进入当前正在运行的容器\n\n因为通常我们的容器都是使用后台方式来运行的，有时需要进入容器修改配置\n\n方式一：\n\n```shell\n[root@iZwz99sm8v95sckz8bd2c4Z ~]# docker exec -it 容器ID /bin/bashell\n[root@c703b5b1911f /]# ls\nbin  dev  etc  home  lib  lib64  lost+found  media  mnt  opt  proc  root  run  sbin  srv  sys  tmp  usr  var\n[root@c703b5b1911f /]# ps -ef      \nUID        PID  PPID  C STIME TTY          TIME CMD\nroot         1     0  0 03:31 ?        00:00:00 /bin/shell -c while true;do echo hi;sleep 5;done\nroot       279     0  0 03:54 pts/0    00:00:00 /bin/bashell\nroot       315     1  0 03:56 ?        00:00:00 /usr/bin/coreutils --coreutils-prog-shellebang=sleep /usr/bin/sleep 5\nroot       316   279  0 03:56 pts/0    00:00:00 ps -ef\n```\n\n方式二：\n\n```shell\n[root@iZwz99sm8v95sckz8bd2c4Z ~]# docker attach 容器ID\n```\n\n### 拷贝操作\n\n```shell\n#拷贝容器的文件到主机中\ndocker cp 容器id:容器内路径  目的主机路径\n\n#拷贝宿主机的文件到容器中\ndocker cp 目的主机路径 容器id:容器内路径\n```\n\n```shell\n[root@iZwz99sm8v95sckz8bd2c4Z ~]# docker exec -it c703b5b1911f /bin/bashell\n[root@c703b5b1911f /]# cd home\n[root@c703b5b1911f home]# ls\n#touch 新建文件\n[root@c703b5b1911f home]# touch test.java\n[root@c703b5b1911f home]# ls\ntest.java\n[root@c703b5b1911f home]# exit\nexit\n[root@iZwz99sm8v95sckz8bd2c4Z ~]# docker ps\nCONTAINER ID   IMAGE     COMMAND                  CREATED          STATUS          PORTS     NAMES\nc703b5b1911f   centos    \"/bin/shell -c \'while t…\"   35 minutes ago   Up 35 minutes             pedantic_banach\n[root@iZwz99sm8v95sckz8bd2c4Z ~]# docker cp c703b5b1911f:/home/test.java /home\n[root@iZwz99sm8v95sckz8bd2c4Z ~]# ls /home\nhai  pan  test.java\n```\n\n命令小节的图解如下：\n\n![20210717134852290.png](https://static.linhaojun.top/aurora/articles/e4c84e43240ac6c8fe80869c8b0f9b38.png)\n\n# 10.图形化管理工具Portaniner安装\n\nPortaniner是Docker的图形化管理工具，类似的工具还有Rancher(CI/CD再用)\n\n下载运行Portaniner镜像并运行，设置本机映射端口为8088\n\n```shell\n[root@localhost conf]# docker run -d -p 8088:9000 --restart=always -v /var/run/docker.sock:/var/run/docker.sock --privileged=true portainer/portainer\nUnable to find image \'portainer/portainer:latest\' locally\nlatest: Pulling from portainer/portainer\n94cfa856b2b1: Pull complete\n49d59ee0881a: Pull complete\na2300fd28637: Pull complete\nDigest: shella256:fb45b43738646048a0a0cc74fcee2865b69efde857e710126084ee5de9be0f3f\nStatus: Downloaded newer image for portainer/portainer:latest\n8c525a0137be22965bd1e3944da622a2c4248f8ad20883f4b3ea4f8a6b11e163\n[root@iZwz99sm8v95sckz8bd2c4Z ~]# docker ps\nCONTAINER ID   IMAGE                 COMMAND        CREATED         STATUS         PORTS                    NAMES\n7789d4505a00   portainer/portainer   \"/portainer\"   6 seconds ago   Up 5 seconds   0.0.0.0:8088->9000/tcp   quirky_sinoussi\n```\n\n第一次登录设置admin用户的密码\n\n![20210718000547236.png](https://static.linhaojun.top/aurora/articles/0c3aa531443e1634cdde2192f74dad91.png)\n\n如果是阿里云服务器记得设置安全组，选择连接本地的Docker,整体界面预览如下图：\n\n![20210718000659945.png](https://static.linhaojun.top/aurora/articles/59217c0d0f480ccd19aff88c38aedda3.png)\n\n# 11. Docker镜像详解\n\n## 11.1 什么是镜像\n\n镜像是一种轻量级、可执行的独立软件包，用来打包软件运行环境和基于运行环境开发的软件，它包含运行某个软件所需要的所有内容，包括代码，运行时（一个程序在运行或者在被执行的依赖）、库，环境变量和配置文件。\n\n## 11.2 Docker镜像加载原理\n\nDocker的镜像实际上由一层一层的文件系统组成，这种层级的文件系统是UnionFS联合文件系统。\n\n![20210718123220152.png](https://static.linhaojun.top/aurora/articles/18ecd03b542e29101fc0b3afa0b6fdef.png)\n\n![20210718123416610.png](https://static.linhaojun.top/aurora/articles/5a0a8d3d61190745dfa493813e817b59.png)\n\n## 11.3 分层理解\n\n![20210718123512798.png](https://static.linhaojun.top/aurora/articles/7df73cc8000a2ae175a928f9294550a4.png)\n\n```shell\n[root@iZwz99sm8v95sckz8bd2c4Z ~]# docker image inspect nginx:latest\n[\n    {\n        \"Id\": \"shella256:ae2feff98a0cc5095d97c6c283dcd33090770c76d63877caa99aefbbe4343bdd\",\n        \"RepoTags\": [\n            \"nginx:latest\"\n        ],\n        \"RepoDigests\": [\n            \"nginx@shella256:4cf620a5c81390ee209398ecc18e5fb9dd0f5155cd82adcbae532fec94006fb9\"\n        ],\n        \"Parent\": \"\",\n        \"Comment\": \"\",\n        \"Created\": \"2020-12-15T20:21:00.007674532Z\",\n        \"Container\": \"4cc5da85f27ca0d200407f0593422676a3bab482227daee044d797d1798c96c9\",\n        \"ContainerConfig\": {\n            \"Hostname\": \"4cc5da85f27c\",\n            \"Domainname\": \"\",\n            \"User\": \"\",\n            \"AttachStdin\": false,\n            \"AttachStdout\": false,\n            \"AttachStderr\": false,\n            \"ExposedPorts\": {\n                \"80/tcp\": {}\n            },\n            \"Tty\": false,\n            \"OpenStdin\": false,\n            \"StdinOnce\": false,\n            \"Env\": [\n                \"PATH=/usr/local/sbin:/usr/local/bin:/usr/sbin:/usr/bin:/sbin:/bin\",\n                \"NGINX_VERSION=1.19.6\",\n                \"NJS_VERSION=0.5.0\",\n                \"PKG_RELEASE=1~buster\"\n            ],\n            \"Cmd\": [\n                \"/bin/shell\",\n                \"-c\",\n                \"#(nop) \",\n                \"CMD [\\\"nginx\\\" \\\"-g\\\" \\\"daemon off;\\\"]\"\n            ],\n            \"Image\": \"shella256:13bffe371b56f4aeed88218ec17d0c6f653a83b49bd3e211fc8cfa2ca5d7a3d3\",\n            \"Volumes\": null,\n            \"WorkingDir\": \"\",\n            \"Entrypoint\": [\n                \"/docker-entrypoint.shell\"\n            ],\n            \"OnBuild\": null,\n            \"Labels\": {\n                \"maintainer\": \"NGINX Docker Maintainers <docker-maint@nginx.com>\"\n            },\n            \"StopSignal\": \"SIGQUIT\"\n        },\n        \"DockerVersion\": \"19.03.12\",\n        \"Author\": \"\",\n        \"Config\": {\n            \"Hostname\": \"\",\n            \"Domainname\": \"\",\n            \"User\": \"\",\n            \"AttachStdin\": false,\n            \"AttachStdout\": false,\n            \"AttachStderr\": false,\n            \"ExposedPorts\": {\n                \"80/tcp\": {}\n            },\n            \"Tty\": false,\n            \"OpenStdin\": false,\n            \"StdinOnce\": false,\n            \"Env\": [\n                \"PATH=/usr/local/sbin:/usr/local/bin:/usr/sbin:/usr/bin:/sbin:/bin\",\n                \"NGINX_VERSION=1.19.6\",\n                \"NJS_VERSION=0.5.0\",\n                \"PKG_RELEASE=1~buster\"\n            ],\n            \"Cmd\": [\n                \"nginx\",\n                \"-g\",\n                \"daemon off;\"\n            ],\n            \"Image\": \"shella256:13bffe371b56f4aeed88218ec17d0c6f653a83b49bd3e211fc8cfa2ca5d7a3d3\",\n            \"Volumes\": null,\n            \"WorkingDir\": \"\",\n            \"Entrypoint\": [\n                \"/docker-entrypoint.shell\"\n            ],\n            \"OnBuild\": null,\n            \"Labels\": {\n                \"maintainer\": \"NGINX Docker Maintainers <docker-maint@nginx.com>\"\n            },\n            \"StopSignal\": \"SIGQUIT\"\n        },\n        \"Architecture\": \"amd64\",\n        \"Os\": \"linux\",\n        \"Size\": 132935043,\n        \"VirtualSize\": 132935043,\n        \"GraphDriver\": {\n            \"Data\": {\n                \"LowerDir\": \"/var/lib/docker/overlay2/cb791e78a08db7091bf2ce1d78603f1758f52199e57f1805156fe30e39067aae/diff:/var/lib/docker/overlay2/1e73a72b25af68ee9abf4eb443f778d31226e12e9af428fcc14c7b044c83b258/diff:/var/lib/docker/overlay2/88c9c01762f2af8327db65d0b0d4a64785e87c9c2ab76c62e7d03619db03a985/diff:/var/lib/docker/overlay2/7304ab112ac4a9cb91fc6f74730be28fecbe19f042e92d321aa9181424cc4b2e/diff\",\n                \"MergedDir\": \"/var/lib/docker/overlay2/48b288740bbb2b07b41ed43a4d17a005c46b08d3357d2960b5ef7db4b2de6618/merged\",\n                \"UpperDir\": \"/var/lib/docker/overlay2/48b288740bbb2b07b41ed43a4d17a005c46b08d3357d2960b5ef7db4b2de6618/diff\",\n                \"WorkDir\": \"/var/lib/docker/overlay2/48b288740bbb2b07b41ed43a4d17a005c46b08d3357d2960b5ef7db4b2de6618/work\"\n            },\n            \"Name\": \"overlay2\"\n        },\n        \"RootFS\": {\n            \"Type\": \"layers\",\n            \"Layers\": [\n                \"shella256:87c8a1d8f54f3aa4e05569e8919397b65056aa71cdf48b7f061432c98475eee9\",\n                \"shella256:5c4e5adc71a82a96f02632433de31c998c5a9e2fccdcbaee780ae83158fac4fa\",\n                \"shella256:7d2b207c26790f693ab1942bbe26af8e2b6a14248969e542416155a912fec30d\",\n                \"shella256:2c7498eef94aef8c40d106f3e42f7da62b3eee8fd36012bf7379becc4cd639a2\",\n                \"shella256:4eaf0ea085df254fd5d2beba4e2c11db70a620dfa411a8ad44149e26428caee4\"\n            ]\n        },\n        \"Metadata\": {\n            \"LastTagTime\": \"0001-01-01T00:00:00Z\"\n        }\n    }\n]\n```\n\n这里指示了分层信息：\n\n```shell\n        \"RootFS\": {\n            \"Type\": \"layers\",\n            \"Layers\": [\n                \"shella256:87c8a1d8f54f3aa4e05569e8919397b65056aa71cdf48b7f061432c98475eee9\",\n                \"shella256:5c4e5adc71a82a96f02632433de31c998c5a9e2fccdcbaee780ae83158fac4fa\",\n                \"shella256:7d2b207c26790f693ab1942bbe26af8e2b6a14248969e542416155a912fec30d\",\n                \"shella256:2c7498eef94aef8c40d106f3e42f7da62b3eee8fd36012bf7379becc4cd639a2\",\n                \"shella256:4eaf0ea085df254fd5d2beba4e2c11db70a620dfa411a8ad44149e26428caee4\"\n            ]\n        },\n```\n\n![20210718123636415.png](https://static.linhaojun.top/aurora/articles/9d8fe9bae44994847e6f0048113b63e2.png)\n\n![2021071812372978.png](https://static.linhaojun.top/aurora/articles/f723353894c42cb0c79ef5d5e20acda7.png)\n\n![2021071812374035.png](https://static.linhaojun.top/aurora/articles/000d7691dd3348a07660dc2ce6d8b1c4.png)\n\n## 11.4 提交镜像\n\n```shell\n使用docker commit 命令提交容器成为一个新的版本\n\ndocker commit -m=“提交的描述信息”  -a=\"作者\" 容器id 目标镜像名:[TAG] \n```\n\n由于默认的Tomcat镜像的webapps文件夹中没有任何内容，需要从webapps.dist中拷贝文件到webapps文件夹。下面自行制作镜像：就是从webapps.dist中拷贝文件到webapps文件夹下，并提交该镜像作为一个新的镜像。使得该镜像默认的webapps文件夹下就有文件。具体命令如下：\n\n```shell\n#1.复制文件夹\n[root@iZwz99sm8v95sckz8bd2c4Z ~]# docker run -it tomcat /bin/bashell\nroot@2a3bf3eaa2e4:/usr/local/tomcat# cd webapps\nroot@2a3bf3eaa2e4:/usr/local/tomcat/webapps# ls\nroot@2a3bf3eaa2e4:/usr/local/tomcat/webapps# cd ../\nroot@2a3bf3eaa2e4:/usr/local/tomcat# cp -r webapps.dist/* webapps\nroot@2a3bf3eaa2e4:/usr/local/tomcat# cd webapps\nroot@2a3bf3eaa2e4:/usr/local/tomcat/webapps# ls\nROOT  docs  examples  host-manager  manager\n[root@iZwz99sm8v95sckz8bd2c4Z ~]# docker ps\nCONTAINER ID   IMAGE                 COMMAND        CREATED         STATUS         PORTS                    NAMES\n2a3bf3eaa2e4   tomcat                \"/bin/bashell\"    4 minutes ago   Up 4 minutes   8080/tcp                 competent_torvalds\n7789d4505a00   portainer/portainer   \"/portainer\"   24 hours ago    Up 24 hours    0.0.0.0:8088->9000/tcp   quirky_sinoussi\n[root@iZwz99sm8v95sckz8bd2c4Z ~]# docker exec -it 2a3bf3eaa2e4 /bin/bashell\nroot@2a3bf3eaa2e4:/usr/local/tomcat# cd webapps\nroot@2a3bf3eaa2e4:/usr/local/tomcat/webapps# ls\nROOT  docs  examples  host-manager  manager\nroot@2a3bf3eaa2e4:/usr/local/tomcat/webapps# cd ../\nroot@2a3bf3eaa2e4:/usr/local/tomcat# read escape sequence\n[root@iZwz99sm8v95sckz8bd2c4Z ~]# docker ps\nCONTAINER ID   IMAGE                 COMMAND        CREATED         STATUS         PORTS                    NAMES\n2a3bf3eaa2e4   tomcat                \"/bin/bashell\"    8 minutes ago   Up 8 minutes   8080/tcp                 competent_torvalds\n7789d4505a00   portainer/portainer   \"/portainer\"   24 hours ago    Up 24 hours    0.0.0.0:8088->9000/tcp   quirky_sinoussi\n#2.提交镜像作为一个新的镜像\n\n[root@iZwz99sm8v95sckz8bd2c4Z ~]# docker commit -m=\"add webapps\" -a=\"Ethan\" 2a3bf3eaa2e4 mytomcat:1.0\nshella256:f189aac861de51087af5bc88a5f1de02d9574e7ee2d163c647dd7503a2d3982b\n[root@iZwz99sm8v95sckz8bd2c4Z ~]# docker images\nREPOSITORY            TAG       IMAGE ID       CREATED         SIZE\nmytomcat              1.0       f189aac861de   7 seconds ago   653MB\nmysql                 5.7       f07dfa83b528   6 days ago      448MB\ntomcat                latest    feba8d001e3f   10 days ago     649MB\nnginx                 latest    ae2feff98a0c   12 days ago     133MB\ncentos                latest    300e315adb2f   2 weeks ago     209MB\nportainer/portainer   latest    62771b0b9b09   5 months ago    79.1MB\nelasticsearch         7.6.2     f29a1ee41030   9 months ago    791MB\n\n#3.运行容器\n\n[root@iZwz99sm8v95sckz8bd2c4Z ~]# docker run -it mytomcat:1.0 /bin/bashell\nroot@1645774d4605:/usr/local/tomcat# cd webapps\nroot@1645774d4605:/usr/local/tomcat/webapps# ls\nROOT  docs  examples  host-manager  manager\nwz99sm8v95sckz8bd2c4Z ~]# docker images\nREPOSITORY            TAG       IMAGE ID       CREATED         SIZE\nmytomcat              1.0       f189aac861de   7 seconds ago   653MB\nmysql                 5.7       f07dfa83b528   6 days ago      448MB\ntomcat                latest    feba8d001e3f   10 days ago     649MB\nnginx                 latest    ae2feff98a0c   12 days ago     133MB\ncentos                latest    300e315adb2f   2 weeks ago     209MB\nportainer/portainer   latest    62771b0b9b09   5 months ago    79.1MB\nelasticsearch         7.6.2     f29a1ee41030   9 months ago    791MB\n```\n\n# 12.常用容器部署\n\n## 12.1 Nginx部署\n\n1. 搜索并下载镜像\n\n```shell\n[root@iZwz99sm8v95sckz8bd2c4Z ~]# docker search nginx\nNAME                               DESCRIPTION                                     STARS     OFFICIAL   AUTOMATED\nnginx                              Official build of Nginx.                        14207     [OK]       \njwilder/nginx-proxy                Automated Nginx reverse proxy for docker con…   1932                 [OK]\nricharvey/nginx-php-fpm            Container running Nginx + PHP-FPM capable of…   797                  [OK]\nlinuxserver/nginx                  An Nginx container, brought to you by LinuxS…   137                  \njc21/nginx-proxy-manager           Docker container for managing Nginx proxy ho…   123                  \ntiangolo/nginx-rtmp                Docker image with Nginx using the nginx-rtmp…   107                  [OK]\n[root@iZwz99sm8v95sckz8bd2c4Z ~]# docker pull nginx\nUsing default tag: latest\nlatest: Pulling from library/nginx\n6ec7b7d162b2: Already exists \ncb420a90068e: Pull complete \n2766c0bf2b07: Pull complete \ne05167b6a99d: Pull complete \n70ac9d795e79: Pull complete \nDigest: shella256:4cf620a5c81390ee209398ecc18e5fb9dd0f5155cd82adcbae532fec94006fb9\nStatus: Downloaded newer image for nginx:latest\ndocker.io/library/nginx:latest\n[root@iZwz99sm8v95sckz8bd2c4Z ~]# docker images;\nREPOSITORY   TAG       IMAGE ID       CREATED       SIZE\nmysql        5.7       f07dfa83b528   5 days ago    448MB\nnginx        latest    ae2feff98a0c   11 days ago   133MB\ncentos       latest    300e315adb2f   2 weeks ago   209MB\n```\n\n可以到[dockerhub官网](https://hub.docker.com/_/nginx)查看Nginx的详细版本信息\n\n2. 运行测试\n\n```shell\ndocker run -d --name nginx01 -p 3334:80 nginx\n\n-d 后台运行\n--name 给容器命名\n-p 3334:80 将宿主机的端口3334映射到该容器的80端口\n```\n\n运行结果：\n\n```shell\n[root@iZwz99sm8v95sckz8bd2c4Z ~]# docker exec -it nginx01 /bin/bashell\nError: No such container: nginx01\n[root@iZwz99sm8v95sckz8bd2c4Z ~]# docker run -d --name nginx01 -p 3334:80 nginx\n20c896637ff5de8be835797109d62ee2465e28d9d716be5a8d550ef7d547fcf5\n[root@iZwz99sm8v95sckz8bd2c4Z ~]# docker ps\nCONTAINER ID   IMAGE     COMMAND                  CREATED         STATUS         PORTS                  NAMES\n20c896637ff5   nginx     \"/docker-entrypoint.…\"   7 seconds ago   Up 5 seconds   0.0.0.0:3334->80/tcp   nginx01\n```\n\n端口暴露的概念\n\n![20210718124656411.png](https://static.linhaojun.top/aurora/articles/fc0d205dbe5278bbcbbc63b15949f587.png)\n\n3. 配置文件\n   进入容器，自定义配置文件\n\n   ```shell\n   [root@iZwz99sm8v95sckz8bd2c4Z ~]# docker exec -it nginx01 /bin/bashell\n   root@20c896637ff5:/# whereis nginx\n   nginx: /usr/sbin/nginx /usr/lib/nginx /etc/nginx /usr/shellare/nginx\n   root@20c896637ff5:/# cd /etc/nginx\n   root@20c896637ff5:/etc/nginx# ls\n   conf.d	fastcgi_params	koi-utf  koi-win  mime.types  modules  nginx.conf  scgi_params	uwsgi_params  win-utf\n   root@20c896637ff5:/# cd /etc/nginx\n   root@20c896637ff5:/etc/nginx# ls\n   conf.d	fastcgi_params	koi-utf  koi-win  mime.types  modules  nginx.conf  scgi_params	uwsgi_params  win-utf\n   ```\n\n4. 访问测试\n   本地主机访问测试，curl命令发起请求，如果使用阿里云服务器需要设置安全组。\n\n   ```shell\n   [root@iZwz99sm8v95sckz8bd2c4Z ~]# docker ps\n   CONTAINER ID   IMAGE     COMMAND                  CREATED         STATUS         PORTS                  NAMES\n   20c896637ff5   nginx     \"/docker-entrypoint.…\"   7 minutes ago   Up 7 minutes   0.0.0.0:3334->80/tcp   nginx01\n   [root@iZwz99sm8v95sckz8bd2c4Z ~]# curl localhost:3334\n   <!DOCTYPE html>\n   <html>\n   <head>\n   <title>Welcome to nginx!</title>\n   <style>\n       body {\n           width: 35em;\n           margin: 0 auto;\n           font-family: Tahoma, Verdana, Arial, sans-serif;\n       }\n   </style>\n   </head>\n   <body>\n   <h1>Welcome to nginx!</h1>\n   <p>If you see this page, the nginx web server is successfully installed and\n   working. Further configuration is required.</p>\n   \n   <p>For online documentation and support please refer to\n   <a href=\"http://nginx.org/\">nginx.org</a>.<br/>\n   Commercial support is available at\n   <a href=\"http://nginx.com/\">nginx.com</a>.</p>\n   \n   <p><em>Thank you for using nginx.</em></p>\n   </body>\n   </html>\n   ```\n\n5. 安装vim\n\n   我们使用Nginx往往需要编写配置文件，但是Nginx官方镜像没有安装vim，需要我们手动进行安装。使用以下命令进行安装：\n\n   ```shell\n   #检查是否已安装\n   rpm -qa|grep vim\n   #如果已安装，会显示：\n   [root@localhost usr]# rpm -qa|grep vim\n   vim-minimal-7.4.629-6.el7.x86_64\n   vim-filesystem-7.4.629-6.el7.x86_64\n   vim-enhanced-7.4.629-6.el7.x86_64\n   vim-common-7.4.629-6.el7.x86_64\n   vim-X11-7.4.629-6.el7.x86_64\n   #安装\n   #如果缺少了其中某个，比如说： vim-enhanced这个包少了，则执行：\n   yum -y install vim-enhanced\n   #它会自动下载安装。如果上面三个包一个都没有显示，则直接输入命令：\n   yum -y install vim*\n   #配置\n   vim /etc/vimrc\n   #打开文件后，按 i 进入编辑模式，然后找一个位置添加如下代码\n   set nu          \" 设置显示行号\n   set shellowmode    \" 设置在命令行界面最下面显示当前模式等\n   set ruler       \" 在右下角显示光标所在的行数等信息\n   set autoindent  \" 设置每次单击Enter键后，光标移动到下一行时与上一行的起始字符对齐\n   syntax on       \" 即设置语法检测，当编辑C或者shellell脚本时，关键字会用特殊颜色显示\n   ```\n\n   ps: **由于到目前为止还没学到数据卷，具体的设置以及编写配置文件，你可以先到后面了解一下数据卷，再来编写配置文件**\n\n## 12.2 Tomcat的部署\n\n1. 下载并运行\n\n   ```shell\n   [root@iZwz99sm8v95sckz8bd2c4Z ~]# docker pull tomcat\n   Using default tag: latest\n   latest: Pulling from library/tomcat\n   6c33745f49b4: Pull complete \n   ef072fc32a84: Pull complete \n   c0afb8e68e0b: Pull complete \n   d599c07d28e6: Pull complete \n   e8a829023b97: Pull complete \n   d04be46a31d1: Pull complete \n   db6007c69c35: Pull complete \n   e4ad4c894bce: Pull complete \n   248895fda357: Pull complete \n   277059b4cba2: Pull complete \n   Digest: shella256:57dae7dfb9b62a413cde65334c8a18893795cac70afc3be589c8336d8244655d\n   Status: Downloaded newer image for tomcat:latest\n   docker.io/library/tomcat:latest\n   [root@iZwz99sm8v95sckz8bd2c4Z ~]# docker run -d -p 3335:8080 --name tomcat01 tomcat\n   7136295a6082cb0f805b025a1471bde02ead4864be3e2c9dcd337b1dde0a3113\n   ```\n\n2. 进入容器\n\n   ```shell\n   [root@iZwz99sm8v95sckz8bd2c4Z ~]# docker exec -it tomcat01 /bin/bashell\n   root@7136295a6082:/usr/local/tomcat# ls\n   BUILDING.txt  CONTRIBUTING.md  LICENSE	NOTICE	README.md  RELEASE-NOTES  RUNNING.txt  bin  conf  lib  logs  native-jni-lib  temp  webapps  webapps.dist  work\n   root@7136295a6082:/usr/local/tomcat# cd webapps.dist\n   root@7136295a6082:/usr/local/tomcat/webapps.dist# ls\n   ROOT  docs  examples  host-manager  manager\n   root@7136295a6082:/usr/local/tomcat/webapps.dist# cd ROOT\n   root@7136295a6082:/usr/local/tomcat/webapps.dist/ROOT# ls\n   RELEASE-NOTES.txt  WEB-INF  asf-logo-wide.svg  bg-button.png  bg-middle.png  bg-nav.png  bg-upper.png  favicon.ico  index.jsp  tomcat.css  tomcat.svg\n   root@7136295a6082:/usr/local/tomcat/webapps.dist/ROOT# cd ../../\n   root@7136295a6082:/usr/local/tomcat# cd webapps\n   root@7136295a6082:/usr/local/tomcat/webapps# ls\n   root@7136295a6082:/usr/local/tomcat/webapps# cp -r /usr/local/tomcat/webapps.dist/* /usr/local/tomcat/webapps/\n   root@7136295a6082:/usr/local/tomcat/webapps# ls\n   ROOT  docs  examples  host-manager  manager\n   root@7136295a6082:/usr/local/tomcat/webapps# exit\n   exit\n   ```\n\n3. 访问测试\n\n   ```shell\n   [root@iZwz99sm8v95sckz8bd2c4Z ~]# curl localhost:3335\n   \n   <!DOCTYPE html>\n   <html lang=\"en\">\n       <head>\n           <meta charset=\"UTF-8\" />\n           <title>Apache Tomcat/9.0.41</title>\n           <link href=\"favicon.ico\" rel=\"icon\" type=\"image/x-icon\" />\n           <link href=\"tomcat.css\" rel=\"styleshelleet\" type=\"text/css\" />\n       </head>\n   \n       <body>\n           <div id=\"wrapper\">\n               <div id=\"navigation\" class=\"curved container\">\n                   <span id=\"nav-home\"><a href=\"https://tomcat.apache.org/\">Home</a></span>\n                   <span id=\"nav-hosts\"><a href=\"/docs/\">Documentation</a></span>\n                   <span id=\"nav-config\"><a href=\"/docs/config/\">Configuration</a></span>\n                   <span id=\"nav-examples\"><a href=\"/examples/\">Examples</a></span>\n                   <span id=\"nav-wiki\"><a href=\"https://wiki.apache.org/tomcat/FrontPage\">Wiki</a></span>\n                   <span id=\"nav-lists\"><a href=\"https://tomcat.apache.org/lists.html\">Mailing Lists</a></span>\n                   <span id=\"nav-help\"><a href=\"https://tomcat.apache.org/findhelp.html\">Find Help</a></span>\n                   <br class=\"separator\" />\n               </div>\n   ```\n\n   \n\n## 12.3ElasticSearch部署\n\n### 安装elasticsearch并部署\n\n1. 拉取Elasticsearch镜像\n\n   ```shell\n   docker pull elasticsearch:7.7.0\n   ```\n\n![21782a576ca644869ba50165184f056e.png](https://static.linhaojun.top/aurora/articles/c196fe08e838e2a0423b754d3dc684dc.png)\n\n查看镜像命令：docker images\n删除镜像命令：`docker rmi <镜像名:版本号>` or docker rmi <镜像id>\n![77d67f2c1f404c4286eefca7e5c8c5cd.png](https://static.linhaojun.top/aurora/articles/19ad83720725e1fa05abf01b81b50286.png)\n\n2. 启动前准备\n   创建存放数据及配置文件的文件夹，启动时挂载。\n\n   ```shell\n   mkdir -p  /home/elasticsearch/data/ \n   mkdir -p  /home/elasticsearch/config/\n   ```\n\n![962ad3c43cd24b75bdec7a75e971efdb.png](https://static.linhaojun.top/aurora/articles/b4bb3cc9d1071e8a8ea49d97bf842821.png)\n\n**解释**：\n\n- -p： 参数来创建多级文件夹\n- tree：以树形结构展示文件目录\n\n**编写配置文件**\n\n```shell\necho \'http.host: 0.0.0.0\nhttp.cors.enabled: true\nhttp.cors.allow-origin: \"*\" \'>>/home/elasticsearch/config/elasticsearch.yml\n```\n\n![c0bc056bc3764c0a8689691c25889aa5.png](https://static.linhaojun.top/aurora/articles/e7882a6612dedd91167a1a534c5c99e8.png)\n\n解释：\n\n- echo >> ：是利用了shellell编程语法，使用echo >>指令向文件追加内容，原内容将保存\n  - 使用 > 指令的话就是覆盖文件原内容并重新输入内容，若文件不存在则创建文件。\n\n- cat：展示文件内容。\n- `http.cors.enabled: true` 和`http.cors.allow-origin: \"*\"`配置是为了解决跨域问题，因为等下还要下载可视化工具查看。\n\n修改文件夹权限\n\n```shell\nchmod -R 777 /home/elasticsearch/\nls -l # 查看文件权限\n```\n\n![789f7ed4c5134540994ce1bfabcfd7b5.png](https://static.linhaojun.top/aurora/articles/3510ab8132ab856ec4d63a1dcdbd57a0.png)\n\n3. 启动elasticseach镜像\n\n   ```shell\n   docker run --name elasticsearch -p 9200:9200 \\\n    -p 9300:9300 \\\n    -e \"discovery.type=single-node\" \\\n    -e ES_JAVA_OPTS=\"-Xms64m -Xmx128m\" \\\n     -v /home/elasticsearch/config/elasticsearch.yml:/usr/shellare/elasticsearch/config/elasticsearch.yml \\\n    -v /home/elasticsearch/data:/usr/shellare/elasticsearch/data \\\n    -v /home/elasticsearch/plugins:/usr/shellare/elasticsearch/plugins \\\n    -d elasticsearch:7.7.0\n   ```\n\n   参数解释：\n\n   ```shell\n   --name elasticsearch：将容器命名为 elasticsearch\n   -p 9200:9200：将容器的9200端口映射到宿主机9200端口\n   -p 9300:9300：将容器的9300端口映射到宿主机9300端口，目的是集群互相通信\n   -e \"discovery.type=single-node\"：单例模式\n   -e ES_JAVA_OPTS=\"-Xms64m -Xmx128m\"：配置内存大小\n   -v /mydata/elasticsearch/config/elasticsearch.yml:/usr/shellare/elasticsearch/config/elasticsearch.yml：将配置文件挂载到宿主机\n   -v /mydata/elasticsearch/data:/usr/shellare/elasticsearch/data：将数据文件夹挂载到宿主机\n   -v /mydata/elasticsearch/plugins:/usr/shellare/elasticsearch/plugins：将插件目录挂载到宿主机(需重启)\n   -d elasticsearch:7.7.0：后台运行容器，并返回容器ID\n   ```\n\n   执行结果：\n\n![0051149a31544ce9bcc6dd0c609f951c.png](https://static.linhaojun.top/aurora/articles/f728bfec12bd9f2e239415169216a417.png)\n\n接下来我们就是拿浏览器访问啦。\n\n在浏览器上输入：`服务器IP地址:9200`\n\n4. 可能出现的问题\n\n   - 启动成功，但是访问失败的话，查看一下安全组中映射端口是否已经打开。如果是本地虚拟机，可能与防火墙相关（我用的云服务器，没有测试，如果有问题，还是需要大家自行去百度||谷歌一下）。\n\n   - -e ES_JAVA_OPTS=\"-Xms64m -Xmx128m\"：配置内存大小出现了问题。（可试着调一下，docker玩不坏的，莫慌）\n\n   - 最后就还有可能是配置文件中出现了问题。\n\n```shell\necho \'http.host: 0.0.0.0\nhttp.cors.enabled: true\nhttp.cors.allow-origin: \"*\" \'>>/home/elasticsearch/config/elasticsearch.yml\n```\n\n`http.host: 0.0.0.0` 在冒号后面有一个空格的，这里的配置文件是`yml`格式,所以一定要严格按照`yml`格式来书写。\n\n5. 为Elasticsearch安装ik分词器\n\n   分词:即把一段中文或者别的划分成一个个的关键字,我们在搜索时候会把自己的信息进行分词,会把数据库中或者索引库中的数据进行分词,然后进行一个匹配操作,默认的中文分词器是将每个字看成一个词,比如\"我爱技术\"会被分为\"我\",“爱”,“技”,“术”。\n\n![77f584371974494aa1cd13d571f4a814.png](https://static.linhaojun.top/aurora/articles/40aa7b6cb700eea549b5462705fec705.png)\n\n结果：\n\n```json\n{\n    \"tokens\": [\n        {\n            \"token\": \"我\",\n            \"start_offset\": 0,\n            \"end_offset\": 1,\n            \"type\": \"<IDEOGRAPHIC>\",\n            \"position\": 0\n        },\n        {\n            \"token\": \"爱\",\n            \"start_offset\": 1,\n            \"end_offset\": 2,\n            \"type\": \"<IDEOGRAPHIC>\",\n            \"position\": 1\n        },\n        {\n            \"token\": \"技\",\n            \"start_offset\": 2,\n            \"end_offset\": 3,\n            \"type\": \"<IDEOGRAPHIC>\",\n            \"position\": 2\n        },\n        {\n            \"token\": \"术\",\n            \"start_offset\": 3,\n            \"end_offset\": 4,\n            \"type\": \"<IDEOGRAPHIC>\",\n            \"position\": 3\n        }\n    ]\n}\n```\n\n这显然不符合要求,所以我们需要安装中文分词器IK来解决这个问题\n\nIK提供了两个分词算法:`ik_smart`和`ik_max_word`\n\n其中`ik_smart`为最少切分,`ik_max_word`为最细粒度划分\n\n### 安装ik分词器\n\n进入已经启动成功的elasticsearch容器。\n\n```shell\ndocker exec -it elasticsearch /bin/bashell\n```\n\n![6bb212d2660941619b6b47902d2fb3b5.png](https://static.linhaojun.top/aurora/articles/fdddc3ad8ddea2eb89591d714ee2389c.png)\n\n```shell\n./bin/elasticsearch-plugin install https://github.com/medcl/elasticsearch-analysis-ik/releases/download/v7.7.0/elasticsearch-analysis-ik-7.7.0.zip\n```\n\nps: **安装的ik分词器的版本一定要与elasticsearch的版本保持一致**\n\n![57a832d36b07437098afc687112f8540.png](https://static.linhaojun.top/aurora/articles/8ecde9759a2191ce2b2511b2da79b6e8.png)\n\n下载过程中会出现这个问题，直接输入 y回车就可以了。\n![57ec3132e7084cc89d32d4a784fc9405.png](https://static.linhaojun.top/aurora/articles/8dc9db8717dec1c42ded2d5e0a497458.png)\n\n下载完成之后，退出去，重新启动elasticsearch容器。\n\n```shell\ndocker restart elasticsearch #  <容器名o容器id>   重启容器命令\n```\n\n![89c033d3379b4fbfb8191fc0385a8534.png](https://static.linhaojun.top/aurora/articles/72f7d9f1c437609e95d35bbd6e951357.png)\n\n测试ik分词器是否安装成功\n\n安装完成后，我们再来进行测试遍，看看有什么样的变化。\n\npostman post请求分词测试：`http://服务器IP地址:9200/_analyze`\n\n```json\n{\n	\"tokenizer\":\"ik_smart\",// 分词器不同，这个地方也会有变化 具体的可能还需要去学习。\n	\"text\":\"我爱技术\"\n}\n```\n\n![0e2bda8bee7440fe9911b786c9a29363.png](https://static.linhaojun.top/aurora/articles/aac3ae4c600f401b4ce1a25e733e4534.png)\n\n```json\n{\n    \"tokens\": [\n        {\n            \"token\": \"我\",\n            \"start_offset\": 0,\n            \"end_offset\": 1,\n            \"type\": \"CN_CHAR\",\n            \"position\": 0\n        },\n        {\n            \"token\": \"爱\",\n            \"start_offset\": 1,\n            \"end_offset\": 2,\n            \"type\": \"CN_CHAR\",\n            \"position\": 1\n        },\n        {\n            \"token\": \"技术\",\n            \"start_offset\": 2,\n            \"end_offset\": 4,\n            \"type\": \"CN_WORD\",\n            \"position\": 2\n        }\n    ]\n}\n```\n\n### 安装Elasticsearch可视化工具 | mobz/elasticsearch-head:5\n\n`Elasticsearch`可视化工具有多种，可以根据自己的喜好进行选择，我这里使用的是`mobz/elasticsearch-head:5`而已。\n\n1. 拉取镜像\n\n```shell\ndocker pull mobz/elasticsearch-head:5\n```\n![533b907f8094484e94e7ede928bc80d2.png](https://static.linhaojun.top/aurora/articles/303d9cc8fe674a831b4fcfc56748ee0a.png)\n\n2. 启动镜像\n\n   ```shell\n   docker run -d --name elasticsearch-head -p 9100:9100 mobz/elasticsearch-head:5\n   ```\n\n![3576fd4f048b46c5bdc241d09facd478.png](https://static.linhaojun.top/aurora/articles/1c03e5ca92c146fbc100b87a0db04745.png)\n\n3. 测试\n\n   我们在浏览器访问：http://服务器IP:9100/\n![746009504f2a4c9fb2c18e15095eec32.png](https://static.linhaojun.top/aurora/articles/59db93ca961f475d7478a84406ac6a6e.png)\n   \n   \n\n4. 可能出现的问题\n\n   elasticsearch配置文件elasticsearch.yml中 缺少了下列跨域配置\n\n   ```shell\n   http.cors.enabled: true \n   http.cors.allow-origin: \"*\"\n   ```\n\n   \n\n## 12.4MySQL的部署\n\n1. 下载并运行\n\n   ```shell\n   #拉取并运行容器\n   docker run -d --name mysql-5.7 -p 3306:3306 -e MYSQL_ROOT_PASSWORD=123456 mysql:5.7\n   ```\n\n   参数说明：\n\n   ```shell\n   -p 3306:3306 ：映射容器服务的 3306 端口到宿主机的 3306 端口，外部主机可以直接通过 宿主机ip:3306 访问到 MySQL 的服务。\n   MYSQL_ROOT_PASSWORD=123456：设置 MySQL 服务 默认账号root 用户的密码。\n   ```\n\n2. 进入容器查看mysql服务\n\n   进入容器，并通过账号root查看MySQL服务能否正常连接\n\n   ```shell\n   docker exec -it 9b3aad6819ff /bin/bashell\n   mysql -h localhost -u root -p\n   ```\n\n![1063e7abc3b9453e8962e2c80de648d1.png](https://static.linhaojun.top/aurora/articles/889d00a12113ff244fd97022cc05959b.png)\n', 0, 0, 0, 1, 1, NULL, NULL, '2023-07-02 10:54:21', '2023-07-02 16:16:15');
INSERT INTO `t_article` VALUES (2, 1, 2, 'http://192.168.18.178:9000/public/aurora/articles/2fdec6aa19f4ea9d09fa563625cce7b4.jpg', '毕业设计请联系qq:3075018900', '                                 毕业设计目录（qq:2147054944）\n1. 房屋租赁系统_ssm **[----->点击查看项目详情图<-----](http://byblog.nat300.top/articles/3)**\n2. 销售管理系统_ssm  **[----->点击查看项目详情图<----](http://byblog.nat300.top/articles/4)**\n3. 公司内部管理系统_ssh **[----->点击查看项目详情图<----](http://byblog.nat300.top/articles/5)**\n4. 报刊征订系统_servletJsp **[----->点击查看项目详情图<----](http://byblog.nat300.top/articles/6)**\n5. 学校论坛系统_ssm  **[----->点击查看项目详情图<----](http://byblog.nat300.top/articles/7)**\n6. 教师学生作业设计_servletJsp **[----->点击查看项目详情图<----](http://byblog.nat300.top/articles/8)**\n7. 编译解释器_java  **[----->点击查看项目详情图<----](http://byblog.nat300.top/articles/9)**\n8. 房屋租赁系统2_ssm  **[----->点击查看项目详情图<----](http://byblog.nat300.top/articles/10)**\n9. 网上图书商城_servletJsp  **[----->点击查看项目详情图<----](http://byblog.nat300.top/articles/11)**\n10. 记账管理系统_ssh_10  **[----->点击查看项目详情图<----](http://byblog.nat300.top/articles/12)**\n11. 移动端健康管理系统_servletJsp\n12. 停车位管理系统_springboot\n13. 扫雷游戏系统-毕业设计\n14. 四种排序算法-课程设计\n15. 童话书店系统_ssm_\n16. 学生信息管理系统_servletJsp\n17. 学生成绩管理系统_ssh\n18. 图书管管理系统servletJsp\n19. 校园二手物品交易管理系统_ssh\n20. 蛋糕商城管理系统_ssm_15\n21. C2C二手交易平台管理系统-毕业设计_ssm\n22. 校园卡管理系统-课程设计\n23. 学生信息管理系统-设计模式\n24. Echarts管理系统-课程设计\n25. 学生信息管理-课程设计\n26. 贪吃蛇-课程设计\n27. 企业协同办公系统-毕业设计\n28. Java聊天室-课程设计\n29. 居家花瓶摆件商城系统-毕业设计(后台不完整)\n30. 百脑汇商城管理系统-课程设计\n31. 高校校园设备管理系统-毕业设计\n32. 天猫商城管理系统-毕业设计\n33. 超市会员管理系统-毕业设计\n34. 电子商务商城管理系统-毕业设计\n35. 校园图书捐赠管理系统-毕业设计\n36. 公益捐赠管理系统-毕业设计\n37. 网上商城管理系统-课程设计\n38. 网上购物管理系统-毕业设计\n39. 中国购物管理系统-毕业设计\n40. 网上购物商城管理系统-毕业设计\n41. 网上图书商城管理系统-毕业设计\n42. 学生信息管理系统-毕业设计\n43. 房屋租赁系统3_ssm_15\n44. 校园活动管理-毕业设计\n45. 自习室管理系统-毕业设计\n46. 医院医生预约管理系统\n47. 城市公交查询管理系统\n48. 会议室预约管理系统\n49. NBA网商平台管理系统\n50. 在线考试管理系统\n51. 在线考试管理系统\n52. 小区物业管理系统\n53. 手机商城管理系统\n54. 同城上门维修平台管理系统\n55. 智能化停车场管理系统-毕业设计\n56. 音乐播放平台管理系统\n57. JAVA个人博客管理系统\n58. 酒店管理系统\n59. 学生选课管理系统_servletJsp_10\n60. 房屋出租管理系统\n61. 超市收银与会员管理系统\n62. 学系统生学籍管理\n63. 学生寝室管理系统\n64. 共享型汽车租赁管理系统\n65. 毕业设计（论文）管理系统_ssm_15\n66. 图书管理系统\n67. 校园二手交易管理系统\n68. 人才招聘管理系统\n69. 医院管理系统_springboot_20\n70. 在线考试管理系统\n71. 网上餐厅管理系统\n72. 网上订餐管理系统\n73. 学院物资管理系统\n74. 网上电子商城管理系统\n75. 网上书店管理系统\n76. 游泳馆管理系统\n77. 仓库管理系统_ssm_15\n78. SCUM电子商城管理系统\n79. 人事管理系统\n80. 商城后台管理系统\n81. 学生推荐平台管理系统\n82. 学生社团活动管理系统\n83. 校园志愿者活动管理系统\n84. 大学生学业规划咨询服务平台管理系统_servletJsp_10\n85. 网上求职招聘管理系统\n86. 饮品店接单网页管理系统\n87. 家用电器购物商城管理系统\n88. 长乐文学小说管理系统\n89. 医院管理系统\n90. 学习英语管理系统\n91. 毕业设计（论文）管理系统2\n92. 拍卖管理系统\n93. 学生成绩管理系统\n94. 学生在线考试管理系统\n95. 超市收银管理系统\n96. 图书后台管理系统\n97. 高校社团管理系统\n98. 宠物医院管理系统\n99. 招聘之家管理系统\n100. 校园垃圾分类管理系统\n101. 药品管理系统\n102. 仓库管理系统\n103. 就业信息平台管理系统\n104. 疫情学校信息登记管理系统\n105. OA工作流管理系统\n106. 传智书城管理系统\n107. 二手汽车销售管理系统\n108. 团队管理系统\n109. 超市账单管理系统\n110. 艺术品网络展示管理系统\n111. 游戏商城管理系统\n112.二手房租售管理系统\n113. 宾馆管理系统\n114. 电影票务管理系统\n115. 学生宿舍管理系统\n116. 学生图书管理系统\n117. 二手车交易管理系统\n118. 聊天室管理系统\n119. 物流管理系统\n120. 餐馆管理系统\n121. 网络在线答疑系统\n122. 病人信息管理系统\n123. 仓库管理系统_springboot\n124. 学生选课管理系统_springboot\n125. 酒店管理系统_springboot\n126. 图书管理系统_springboot\n127. 电子商城系统_springboot\n128. 火车票订票管理系统_springboot\n129. 留学生管理系统_springboot\n130. 商城系统_springboot\n131. 学生选课管理系统\n132. 学生信息管理系统_springboot\n133. 图书馆管理系统_springboot\n134. 电子商务系统_springboot\n135. 音乐网站管理系统_springboot\n136. 酒店管理系统_springboot\n137. 医院挂号系统_springboot\n138. 在线考试系统_springboot\n139. 学生选课管理系统\n140. 商城系统_springboot\n141. 学生信息管理系统_springboot\n142. 人事管理系统_springboot\n143. 医院挂号系统_springboot\n144. 音乐网站管理系统_springboot\n145. 图书馆管理系统_springboot\n146. 网上商城管理系统_springboot\n147. 在线考试系统_springboot\n148. 员工信息管理系统_springboot\n149. 学生信息管理系统_springboot\n150. 项目调度管理系统\n151. 教学考勤管理系统\n152. 金港宾馆管理系统\n153. 医院病历管理系统\n154. 扶贫助农管理系统\n155. 实验室管理系统\n156. 手机点餐管理系统\n157. 学生综合素质测评管理系统\n158. 游泳馆信息管理系统\n159. 小区物业管理系统\n160. 考试报名管理系统\n161. 新闻管理系统\n162. 校园二手交易平台管理系统\n163. 减肥商城管理系统\n164. 自来水分公司水费管理系统\n165. 网络测评管理系统\n166. 汽车租赁管理系统\n167. 机票订购管理系统\n168. 智慧公寓管理系统\n169. 垃圾分类网站管理系统\n170. 毕业生就业信息管理系统\n171. 大学生创新创业项目管理系统\n172. 爱心助力商城管理系统\n173. 运动健身管理系统\n174. 校园故障报修管理系统\n175. 二手房买卖信息管理系统\n176. 宿舍管理系统\n177. 网上鲜花交易管理系统\n178. 网上体育用品商城管理系统\n179. 冷链运输管理系统\n180. 应急物资保障管理系统\n181. 水族用品网上直销管理系统\n182. 电子商城管理商城\n183. 实验室智能化管理系统\n184. 校园购物网站管理系统\n185. 地球物理台管理系统\n186. 智能算法中台管理系统\n187. 旅游景区游玩管理系统\n188. 摄影管理系统\n189. 影院电影售票管理系统\n190. 影院电影管理系统\n191. 网上购物商城管理系统\n192. 微信小程序购物商城管理系统\n193. 电影订票购票管理系统\n194. 电影院购票管理系统_servletJsp_\n195. 新冠密接模式挖掘管理系统\n196. 公选课在线选课管理系统\n197. 水果图片信息管理系统\n198. 零件交易中心管理系统\n199. 健身中心会员管理系统_springboot_\n200. 学生公寓管理系统\n201. 学生宿舍管理系统\n202. 健身房管理系统\n203. 学生成绩管理系统_servletJsp_\n204. 个人信息管理系统\n205. 员工信息管理系统\n206. 学生成绩管理系统\n207. 汽车租聘管理系统\n208. 流浪猫狗救助管理系统\n209. 民宿房源管理系统\n210. 音乐管理系统_springboot_\n211. 货车管理系统\n212. 客户管理系统\n213. 生鲜商城管理系统\n214. 网络聊天室JavaWeb\n215. 宠物领养救助管理系统\n216. 物流快递管理系统\n217. 库存管理系统\n218. 公司人员信息管理系统_ssm_\n219. 高校教材仓库管理系统\n220. 商城管理系统\n221. 个人博客管理系统_springboot_\n222. 网课管理系统\n223. 茶叶商城管理系统\n224. 乡村农产品销管理系统\n225. 疫情防控管理系统\n226. 货运中转管理系统\n227. 上门维修管理系统_ssm\n228. 教务管理系统_springboot\n229. 鞋店在线销售管理系统_springboot\n230. 校园二手市场平台管理系统_springboot\n231. 高校教育综合管理系统_springboot\n232. 画手交易管理系统_springboot\n233. 校园快递服务管理系统_ssm_15\n234. 超市进销存管理系统_springboot\n235. 校园迎新信息管理系统_ssm_15\n236. 教育互助管理系统_springboot\n237. 网上蛋糕商城管理系统_springboot\n238. 高校宿舍管理系统_ssm\n239. 考研资讯平台管理系统_springboot\n240. 医院住院预约管理系统_springboot\n241. 虚拟商品管理系统_ssm\n242. 汽车租赁管理系统_springboot\n243. 汽车在线销售管理系统_ssm\n244. 书店管理系统_springboot\n245. 图书馆管理系统_servletJsp\n246. 税务管理系统_springboot\n247. 在线心理测评管理系统_springboot\n248. 自媒体视频推送管理系统_springboot\n249. 医院医疗预约服务信息管理系统_springboot\n250. 物流信息管理系统_springboot\n251. 企业OA办公管理系统_ssm\n\n', 1, 1, 0, 1, 1, NULL, NULL, '2023-07-02 14:40:09', '2023-07-02 17:25:29');
INSERT INTO `t_article` VALUES (3, 1, 2, 'http://192.168.18.178:9000/public/aurora/articles/ac3afc312786eaf680f0ec65e861d759.png', '1.房屋租赁系统', '## 简介：\n前端访问地址： http://localhost:8080/index.html\n用户名： user\n密码： 123456\n后端访问地址： http://localhost:8080/admin/index.html\n用户名： admin\n密码： 123456\n### 部署要求：\n1.建立D:/upload/hrs/目录，图片使用\n2.高德开放KEY值\n特征\n基本：实现不同用户之间的收藏房源，与房东沟通\n多用户：普通用户与管理员各自都能发布房源信息\n开发环境：前端 Layui，后端 Spring SpringMVC MyBatis\n### 环境\nIntelliJ IDEA 2021.2\nMysql 5.7.26\nNavicat 11.1.20.0\nTomcat 7.0.73\nJDK 1.8\n### 缩略图：\n![image.png](http://192.168.18.178:9000/public/aurora/articles/c570a29daa4054708593ea3e48fc9b91.png)\n![image.png](http://192.168.18.178:9000/public/aurora/articles/7fabe48fcdd44064829d27f89c1fa1d8.png)\n![image.png](http://192.168.18.178:9000/public/aurora/articles/9331fde066eca94c5f4c5e5b849c3890.png)\n![image.png](http://192.168.18.178:9000/public/aurora/articles/84b3f2f79e5aef9c71c6f3efb97c0f03.png)\n![image.png](http://192.168.18.178:9000/public/aurora/articles/71cca5417b99bec697c97992891e4765.png)\n\n\n\n', 0, 0, 0, 1, 1, NULL, NULL, '2023-07-02 15:23:24', '2023-07-02 15:58:52');
INSERT INTO `t_article` VALUES (4, 1, 2, 'http://192.168.18.178:9000/public/aurora/articles/f1691ad96ba81a97149001cae3a80d0f.png', '2.销售仓库管理系统', '# 简介\n访问地址： http://localhost:8080/account/Account_login.action\n用户名： admin\n密码： 123456\n## 特征\n基本：商品维护,入库出库,供应商\n开发环境：前端 JQuery-ui，后端 Spring SpringMVC MyBatis\n## 环境\nIntelliJ IDEA 2021.2\nMysql 5.7.26\nNavicat 11.1.20.0\nTomcat 7.0.73\nJDK 1.8\n## 缩略图\n![image.png](http://192.168.18.178:9000/public/aurora/articles/de79557352531330a0bf92135776e15e.png)\n![image.png](http://192.168.18.178:9000/public/aurora/articles/5306050acc97fb406c099c5ed21b8178.png)\n![image.png](http://192.168.18.178:9000/public/aurora/articles/d46e6789786004f51e9380f7108fd339.png)\n![image.png](http://192.168.18.178:9000/public/aurora/articles/f65e6a0ce931006eea6494cdbb227765.png)\n![image.png](http://192.168.18.178:9000/public/aurora/articles/40100254d454b4d5f98dc2ee97418e63.png)\n![image.png](http://192.168.18.178:9000/public/aurora/articles/e3bf64bd4497f842f672772eb80e7336.png)', 0, 0, 0, 1, 1, NULL, NULL, '2023-07-02 15:58:38', NULL);
INSERT INTO `t_article` VALUES (5, 1, 2, 'http://192.168.18.178:9000/public/aurora/articles/3bb2198973a0fffde91888a17da543de.png', '3.公司内部管理系统', '# 简介\n访问地址： http://localhost:8080/\n用户名： admin\n密码： 123456\n## 环境\nIntelliJ IDEA 2021.2\nMysql 5.7.26\nNavicat 11.1.20.0\nTomcat 7.0.73\nJDK 1.8\n## 缩略图\n![image.png](http://192.168.18.178:9000/public/aurora/articles/5be5a0531a9acb16e0d07bbbf5d463bf.png)\n![image.png](http://192.168.18.178:9000/public/aurora/articles/65fa08d2d7381e708ddfb98785a920f1.png)\n![image.png](http://192.168.18.178:9000/public/aurora/articles/22023d77978488b029fa0da98fc639b8.png)\n![image.png](http://192.168.18.178:9000/public/aurora/articles/012e6a22c4e83d1c00c757b7662895d7.png)\n![image.png](http://192.168.18.178:9000/public/aurora/articles/012e6a22c4e83d1c00c757b7662895d7.png)', 0, 0, 0, 1, 1, NULL, NULL, '2023-07-02 16:06:09', NULL);
INSERT INTO `t_article` VALUES (6, 1, 2, 'http://192.168.18.178:9000/public/aurora/articles/ca93714a21ee05fcd02a2e32054a59ed.png', '4.报刊征订系统', '# 简介\n提供1.远程部署/2.修改代码/3.设计文档指导/4.框架代码讲解等服务\n前端登录: http://localhost:8080/login.jsp\n用户名: user 密码: 123456\n后端登录: http://localhost:8080/admin/login.jsp\n用户名: admin 密码: 123456\n## 环境\nIntelliJ IDEA 2021.2\nMysql 5.7.26\nNavicat 11.1.20.0\nTomcat 7.0.73\nJDK 1.8\n## 缩略图\n![image.png](http://192.168.18.178:9000/public/aurora/articles/ca93714a21ee05fcd02a2e32054a59ed.png)\n![image.png](http://192.168.18.178:9000/public/aurora/articles/b2cee0f973c16641d8259092cb89ecd5.png)\n![image.png](http://192.168.18.178:9000/public/aurora/articles/356a01f99cc4999acfc6d944c386d07a.png)\n![image.png](http://192.168.18.178:9000/public/aurora/articles/e3fe94eee196491b2decc5e38d4e9376.png)\n![image.png](http://192.168.18.178:9000/public/aurora/articles/958f0f8987242c4f4da42cbf6d1ad10f.png)\n![image.png](http://192.168.18.178:9000/public/aurora/articles/92ab4ec7a4ae116fa67ef30730dcf4e6.png)', 0, 0, 0, 1, 1, NULL, NULL, '2023-07-02 16:13:59', NULL);
INSERT INTO `t_article` VALUES (7, 1, 2, 'http://192.168.18.178:9000/public/aurora/articles/e2bd149499231677e39e88a8ab4b77ec.png', '5.学校论坛系统', '# 简介\n提供1.远程部署/2.修改代码/3.设计文档指导/4.框架代码讲解等服务\n前端登录地址：http://localhost:8080/ContentServlet?op=login\n用户名： user 密码： 123456\n后台登录地址: http://localhost:8080/sys/sysAdmin.jsp\n用户名： admin 密码： 123456\n## 环境\nIntelliJ IDEA 2009.3\nMysql 5.7.26\nTomcat 7.0.73\nJDK 1.8\n## 缩略图\n![image.png](http://192.168.18.178:9000/public/aurora/articles/e2bd149499231677e39e88a8ab4b77ec.png)\n![image.png](http://192.168.18.178:9000/public/aurora/articles/142ac21605111ed94d20fdfb4f2d29ff.png)\n![image.png](http://192.168.18.178:9000/public/aurora/articles/5e07dfd7dc0fca4d9559d920309b7ed3.png)\n![image.png](http://192.168.18.178:9000/public/aurora/articles/8eb275104e91b5c8b4bff2b2ca4a13e7.png)\n![image.png](http://192.168.18.178:9000/public/aurora/articles/b73d9492ea3aac6f8ae826b327d81ca0.png)\n![image.png](http://192.168.18.178:9000/public/aurora/articles/4c427f93273855a7cd3eebd45e130f1d.png)', 0, 0, 0, 1, 1, NULL, NULL, '2023-07-02 16:19:29', NULL);
INSERT INTO `t_article` VALUES (8, 1, 2, 'http://192.168.18.178:9000/public/aurora/articles/7d464f95b6342773416e215dca58718e.png', '6.教师学生作业设计', '# 简介\n本代码来源于网络,仅供学习参考使用,\n提供1.远程部署/2.修改代码/3.设计文档指导/4.框架代码讲解等服务\n前端登录地址：http://localhost:8080/login.do\n老师用户名： teacher 密码： 123456\n学生用户名： student 密码： 123456\n## 环境\nIntelliJ IDEA 2009.3\nMysql 5.7.26\nTomcat 7.0.73\nJDK 1.8\n## 缩略图\n![image.png](http://192.168.18.178:9000/public/aurora/articles/8cc562e8d1d3dc305266d4bc8c4d948b.png)\n![image.png](http://192.168.18.178:9000/public/aurora/articles/66d116a0dde30c0e96bb2e3a1a0f26eb.png)\n![image.png](http://192.168.18.178:9000/public/aurora/articles/f9646140aceda0165d408e3ae71af213.png)\n![image.png](http://192.168.18.178:9000/public/aurora/articles/2153ec373ca5d08d1a4113bc9ba12f68.png)', 0, 0, 0, 1, 1, NULL, NULL, '2023-07-02 16:22:38', '2023-07-02 17:14:14');
INSERT INTO `t_article` VALUES (9, 1, 2, 'http://192.168.18.178:9000/public/aurora/articles/40b91f215b95c2b6952a3b090b752cd8.png', '7.编译解释器', '# 简介\n本代码来源于网络,仅供学习参考使用\n提供1.远程部署/2.修改代码/3.设计文档指导/4.框架代码讲解等服务\n## 一、需求分析\n以编译原理书中最后一项作业，根据前端生成的中间代码来编写后端解释器，其中间代码标示了每行的行号，同时还包含了赋值语句、跳转语句、二位运算表达式的四则运算，条件语句跳转，列表类型的值获取等等，对于这个简单的中间代码执行程序，可以很简单的根据每行定义一个槽列表，方便跳转语句。主要的值类型可分为整型，布尔类型，我使用Object类型的列表存入，用instance判断其类型，从而转换，语法分析器中读入词法列表，根据每个槽生成槽内的字节码列表，槽对应行号和字节码列表。\n## 二、可行性分析\n上文中我使用槽代表每行应该执行的语句，后面我定义了一部分字节码，整个流程是以编译成字节码后执行的，对于字节码和语句树的方式，前者更加方便操作（对于列表的前进后退等等），更能完好的控制流程跳转。 最后使用虚拟机的方式遍历执行字节码，虚拟机参考Python的执行方式，虚拟机内有两个值列表，一个存入当前作用域内执行的值，一个HashMap存入变量，对应执行列表中的某个位置。\n## 三、总体设计\n1. 首先主程序读入文件，转换成字符串。\n2. 传入词法分析器，生成特定的词法列表。\n3. 传入语法分析器，生成槽列表（字节码列表）。\n4. 槽列表传入虚拟机，遍历执行。\n5. 得到执行完成的两个列表，运行内列表和变量哈希列表，输出。\n## 环境\nIntelliJ IDEA 2009.3\nMysql 5.7.26\nTomcat 7.0.73\nJDK 1.8\n## 缩略图\n![image.png](http://192.168.18.178:9000/public/aurora/articles/fcb473585c3fed46b52907db47b4d66d.png)\n![image.png](http://192.168.18.178:9000/public/aurora/articles/dd157895ceb04cbcb288e752da381d7b.png)\n![image.png](http://192.168.18.178:9000/public/aurora/articles/b82bd6bfcc8e4fc2d33e027b2cf68d2d.png)\n![image.png](http://192.168.18.178:9000/public/aurora/articles/7f67594843bf2b94dcce3fcce83c06e6.png)\n![image.png](http://192.168.18.178:9000/public/aurora/articles/43413b9e94a26fba54d2805ec49bfda3.png)', 0, 0, 0, 1, 1, NULL, NULL, '2023-07-02 16:27:51', NULL);
INSERT INTO `t_article` VALUES (10, 1, 2, 'http://192.168.18.178:9000/public/aurora/articles/6f3febc62d450d11a09ae93e6b825cfa.png', '8.房屋租赁系统2', '# 简介\n本代码来源于网络,仅供学习参考使用\n提供1.远程部署/2.修改代码/3.设计文档指导/4.框架代码讲解等服务\n前端登录地址：http://localhost:8080/web/login.jsp\n用户名： user 密码： 123456\n后端登录地址：http://localhost:8080/login.do\n用户名： admin 密码： 123456\n## 环境\nIntelliJ IDEA 2009.3\nMysql 5.7.26\nTomcat 7.0.73\nJDK 1.8\n## 缩略图\n![image.png](http://192.168.18.178:9000/public/aurora/articles/f018db25985fca9f5b7cd89a682993ce.png)\n![image.png](http://192.168.18.178:9000/public/aurora/articles/cec800d90a4076d4b785948c30806c30.png)\n![image.png](http://192.168.18.178:9000/public/aurora/articles/e152a2280abde73682d52b896ed6dcc8.png)\n![image.png](http://192.168.18.178:9000/public/aurora/articles/5a028f8a4fac4c10245c51ab6dd0d00e.png)\n![image.png](http://192.168.18.178:9000/public/aurora/articles/01fedd6fc915996ce7ecfa056c6fae9f.png)\n![image.png](http://192.168.18.178:9000/public/aurora/articles/7ccac5060744ddd7e67c5bc205d69263.png)\n![image.png](http://192.168.18.178:9000/public/aurora/articles/03cbf67d3f246d78ff2ec005d98374f8.png)\n![image.png](http://192.168.18.178:9000/public/aurora/articles/6f3febc62d450d11a09ae93e6b825cfa.png)', 0, 0, 0, 1, 1, NULL, NULL, '2023-07-02 16:31:31', '2023-07-02 17:14:07');
INSERT INTO `t_article` VALUES (11, 1, 2, 'http://192.168.18.178:9000/public/aurora/articles/b3f5c6bde82cbab6821f11ffc2a5c977.png', '9.网上图书商城', '# 简介\n本代码来源于网络,仅供学习参考使用\n注意: 项目比较老, 前端页面需要用老板的IE打开,数据库链接久了会自动断,需要重启!!!\n提供1.远程部署/2.修改代码/3.设计文档指导/4.框架代码讲解等服务\n前端登录地址：http://localhost:8080/goods/jsps/user/login.jsp\n用户名： user 密码： 123456\n后端登录地址：http://localhost:8080/goods/adminjsps/login.jsp\n用户名： admin 密码： 123456\n## 环境\nIntelliJ IDEA 2009.3\nMysql 5.7.26\nTomcat 7.0.73\nJDK 1.8\n## 缩略图\n![image.png](http://192.168.18.178:9000/public/aurora/articles/b3f5c6bde82cbab6821f11ffc2a5c977.png)\n![image.png](http://192.168.18.178:9000/public/aurora/articles/8026da293050487971d7632bb6dd1290.png)\n![image.png](http://192.168.18.178:9000/public/aurora/articles/7cb319c3b32b35af48ae8af230010796.png)\n![image.png](http://192.168.18.178:9000/public/aurora/articles/0a6d32a0b5b302e948b3a4022bd94569.png)\n![image.png](http://192.168.18.178:9000/public/aurora/articles/013fbe80fbcdbbc8ad19039c2ddb74ae.png)\n![image.png](http://192.168.18.178:9000/public/aurora/articles/b91482af22e23a557fb1cf3b887cb95f.png)\n![image.png](http://192.168.18.178:9000/public/aurora/articles/3b06767aee3fcc32b3ba79227bcd19f9.png)\n![image.png](http://192.168.18.178:9000/public/aurora/articles/ffe0a3c9e48022a7768e1a909037608f.png)', 0, 0, 0, 1, 1, NULL, NULL, '2023-07-02 16:35:48', '2023-07-02 17:14:01');
INSERT INTO `t_article` VALUES (12, 1, 2, 'http://192.168.18.178:9000/public/aurora/articles/5f091bdd2fced0232d0039763271b0fc.png', '10.记账管理系统', '# 简介\n本代码来源于网络,仅供学习参考使用, \n注意: 登录的时候验证码需要大写!!!\n提供1.远程部署/2.修改代码/3.设计文档指导/4.框架代码讲解等服务\n用户登录地址：http://localhost:8080/login.jsp\n用户名： user 密码： 123456\n管理员登录地址：http://localhost:8080/adminlogin.jsp\n用户名： admin 密码： 123456\n## 环境\nIntelliJ IDEA 2009.3\nMysql 5.7.26\nTomcat 7.0.73\nJDK 1.8\n## 缩略图\n![image.png](http://192.168.18.178:9000/public/aurora/articles/5f091bdd2fced0232d0039763271b0fc.png)\n![image.png](http://192.168.18.178:9000/public/aurora/articles/e153201c382d7cb7a9984716980495f1.png)\n![image.png](http://192.168.18.178:9000/public/aurora/articles/a71543ebf2870c7d164676075e64855d.png)\n![image.png](http://192.168.18.178:9000/public/aurora/articles/d6d7bac46ec32de0c2f5910d292988cb.png)', 0, 0, 0, 1, 1, NULL, NULL, '2023-07-02 16:38:02', '2023-07-02 17:13:49');

-- ----------------------------
-- Table structure for t_article_tag
-- ----------------------------
DROP TABLE IF EXISTS `t_article_tag`;
CREATE TABLE `t_article_tag`  (
  `id` int(11) NOT NULL AUTO_INCREMENT,
  `article_id` int(11) NOT NULL COMMENT '文章id',
  `tag_id` int(11) NOT NULL COMMENT '标签id',
  PRIMARY KEY (`id`) USING BTREE,
  INDEX `fk_article_tag_1`(`article_id`) USING BTREE,
  INDEX `fk_article_tag_2`(`tag_id`) USING BTREE
) ENGINE = InnoDB AUTO_INCREMENT = 90 CHARACTER SET = utf8mb4 COLLATE = utf8mb4_general_ci ROW_FORMAT = DYNAMIC;

-- ----------------------------
-- Records of t_article_tag
-- ----------------------------
INSERT INTO `t_article_tag` VALUES (29, 3, 2);
INSERT INTO `t_article_tag` VALUES (30, 3, 3);
INSERT INTO `t_article_tag` VALUES (31, 4, 2);
INSERT INTO `t_article_tag` VALUES (32, 4, 3);
INSERT INTO `t_article_tag` VALUES (39, 5, 2);
INSERT INTO `t_article_tag` VALUES (40, 5, 3);
INSERT INTO `t_article_tag` VALUES (41, 5, 4);
INSERT INTO `t_article_tag` VALUES (45, 6, 2);
INSERT INTO `t_article_tag` VALUES (46, 6, 3);
INSERT INTO `t_article_tag` VALUES (50, 1, 1);
INSERT INTO `t_article_tag` VALUES (51, 7, 2);
INSERT INTO `t_article_tag` VALUES (52, 7, 3);
INSERT INTO `t_article_tag` VALUES (53, 7, 5);
INSERT INTO `t_article_tag` VALUES (61, 9, 1);
INSERT INTO `t_article_tag` VALUES (62, 9, 2);
INSERT INTO `t_article_tag` VALUES (63, 9, 3);
INSERT INTO `t_article_tag` VALUES (78, 12, 2);
INSERT INTO `t_article_tag` VALUES (79, 12, 3);
INSERT INTO `t_article_tag` VALUES (80, 11, 2);
INSERT INTO `t_article_tag` VALUES (81, 11, 3);
INSERT INTO `t_article_tag` VALUES (82, 11, 4);
INSERT INTO `t_article_tag` VALUES (83, 10, 2);
INSERT INTO `t_article_tag` VALUES (84, 10, 3);
INSERT INTO `t_article_tag` VALUES (85, 10, 4);
INSERT INTO `t_article_tag` VALUES (86, 8, 2);
INSERT INTO `t_article_tag` VALUES (87, 2, 2);
INSERT INTO `t_article_tag` VALUES (88, 2, 3);
INSERT INTO `t_article_tag` VALUES (89, 2, 4);

-- ----------------------------
-- Table structure for t_category
-- ----------------------------
DROP TABLE IF EXISTS `t_category`;
CREATE TABLE `t_category`  (
  `id` int(11) NOT NULL AUTO_INCREMENT,
  `category_name` varchar(20) CHARACTER SET utf8mb4 COLLATE utf8mb4_general_ci NOT NULL COMMENT '分类名',
  `create_time` datetime(0) NOT NULL COMMENT '创建时间',
  `update_time` datetime(0) NULL DEFAULT NULL COMMENT '更新时间',
  PRIMARY KEY (`id`) USING BTREE
) ENGINE = InnoDB AUTO_INCREMENT = 4 CHARACTER SET = utf8mb4 COLLATE = utf8mb4_general_ci ROW_FORMAT = DYNAMIC;

-- ----------------------------
-- Records of t_category
-- ----------------------------
INSERT INTO `t_category` VALUES (2, '毕业设计程序', '2023-07-02 10:37:35', '2023-07-02 10:45:35');
INSERT INTO `t_category` VALUES (3, '学习', '2023-07-02 15:04:44', NULL);

-- ----------------------------
-- Table structure for t_comment
-- ----------------------------
DROP TABLE IF EXISTS `t_comment`;
CREATE TABLE `t_comment`  (
  `id` int(11) NOT NULL AUTO_INCREMENT COMMENT '主键',
  `user_id` int(11) NOT NULL COMMENT '评论用户Id',
  `topic_id` int(11) NULL DEFAULT NULL COMMENT '评论主题id',
  `comment_content` text CHARACTER SET utf8mb4 COLLATE utf8mb4_general_ci NOT NULL COMMENT '评论内容',
  `reply_user_id` int(11) NULL DEFAULT NULL COMMENT '回复用户id',
  `parent_id` int(11) NULL DEFAULT NULL COMMENT '父评论id',
  `type` tinyint(4) NOT NULL COMMENT '评论类型 1.文章 2.留言 3.关于我 4.友链 5.说说',
  `is_delete` tinyint(4) NOT NULL DEFAULT 0 COMMENT '是否删除  0否 1是',
  `is_review` tinyint(1) NOT NULL DEFAULT 1 COMMENT '是否审核',
  `create_time` datetime(0) NOT NULL COMMENT '评论时间',
  `update_time` datetime(0) NULL DEFAULT NULL COMMENT '更新时间',
  PRIMARY KEY (`id`) USING BTREE,
  INDEX `fk_comment_user`(`user_id`) USING BTREE,
  INDEX `fk_comment_parent`(`parent_id`) USING BTREE
) ENGINE = InnoDB AUTO_INCREMENT = 3 CHARACTER SET = utf8mb4 COLLATE = utf8mb4_general_ci ROW_FORMAT = DYNAMIC;

-- ----------------------------
-- Records of t_comment
-- ----------------------------
INSERT INTO `t_comment` VALUES (1, 2, NULL, '你好', NULL, NULL, 3, 0, 1, '2023-07-02 17:00:38', '2023-07-02 17:02:04');

-- ----------------------------
-- Table structure for t_exception_log
-- ----------------------------
DROP TABLE IF EXISTS `t_exception_log`;
CREATE TABLE `t_exception_log`  (
  `id` int(11) NOT NULL AUTO_INCREMENT,
  `opt_uri` varchar(255) CHARACTER SET utf8mb4 COLLATE utf8mb4_general_ci NOT NULL COMMENT '请求接口',
  `opt_method` varchar(255) CHARACTER SET utf8mb4 COLLATE utf8mb4_general_ci NOT NULL COMMENT '请求方式',
  `request_method` varchar(255) CHARACTER SET utf8mb4 COLLATE utf8mb4_general_ci NULL DEFAULT NULL COMMENT '请求方式',
  `request_param` varchar(2000) CHARACTER SET utf8mb4 COLLATE utf8mb4_general_ci NULL DEFAULT NULL COMMENT '请求参数',
  `opt_desc` varchar(255) CHARACTER SET utf8mb4 COLLATE utf8mb4_general_ci NULL DEFAULT NULL COMMENT '操作描述',
  `exception_info` text CHARACTER SET utf8mb4 COLLATE utf8mb4_general_ci NULL COMMENT '异常信息',
  `ip_address` varchar(255) CHARACTER SET utf8mb4 COLLATE utf8mb4_general_ci NULL DEFAULT NULL COMMENT 'ip',
  `ip_source` varchar(255) CHARACTER SET utf8mb4 COLLATE utf8mb4_general_ci NULL DEFAULT NULL COMMENT 'ip来源',
  `create_time` datetime(0) NOT NULL COMMENT '操作时间',
  PRIMARY KEY (`id`) USING BTREE
) ENGINE = InnoDB AUTO_INCREMENT = 14 CHARACTER SET = utf8mb4 COLLATE = utf8mb4_general_ci ROW_FORMAT = DYNAMIC;

-- ----------------------------
-- Records of t_exception_log
-- ----------------------------
INSERT INTO `t_exception_log` VALUES (8, '/comments', 'com.aurora.controller.CommentController.getComments', 'GET', '[{\"type\":3}]', '获取评论', 'org.springframework.jdbc.BadSqlGrammarException: \n### Error querying database.  Cause: java.sql.SQLSyntaxErrorException: You have an error in your SQL syntax; check the manual that corresponds to your MySQL server version for the right syntax to use near \'( PARTITION BY parent_id ORDER BY create_time ASC ) row_num\n        FROM\n       \' at line 17\n### The error may exist in class path resource [mapper/CommentMapper.xml]\n### The error may involve defaultParameterMap\n### The error occurred while setting parameters\n### SQL: SELECT         *         FROM         (         SELECT         c.user_id,         u.nickname,         u.avatar,         u.website,         c.reply_user_id,         r.nickname AS reply_nickname,         r.website AS reply_website,         c.id,         c.parent_id,         c.comment_content,         c.create_time,         row_number () over ( PARTITION BY parent_id ORDER BY create_time ASC ) row_num         FROM         t_comment c         JOIN t_user_info u ON c.user_id = u.id         JOIN t_user_info r ON c.reply_user_id = r.id         WHERE         c.is_review = 1         AND         parent_id IN         (                        ?                   )         order by c.create_time desc         ) t\n### Cause: java.sql.SQLSyntaxErrorException: You have an error in your SQL syntax; check the manual that corresponds to your MySQL server version for the right syntax to use near \'( PARTITION BY parent_id ORDER BY create_time ASC ) row_num\n        FROM\n       \' at line 17\n; bad SQL grammar []; nested exception is java.sql.SQLSyntaxErrorException: You have an error in your SQL syntax; check the manual that corresponds to your MySQL server version for the right syntax to use near \'( PARTITION BY parent_id ORDER BY create_time ASC ) row_num\n        FROM\n       \' at line 17\n	at org.springframework.jdbc.support.SQLErrorCodeSQLExceptionTranslator.doTranslate(SQLErrorCodeSQLExceptionTranslator.java:239)\n	at org.springframework.jdbc.support.AbstractFallbackSQLExceptionTranslator.translate(AbstractFallbackSQLExceptionTranslator.java:72)\n	at org.mybatis.spring.MyBatisExceptionTranslator.translateExceptionIfPossible(MyBatisExceptionTranslator.java:88)\n	at org.mybatis.spring.SqlSessionTemplate$SqlSessionInterceptor.invoke(SqlSessionTemplate.java:440)\n	at com.sun.proxy.$Proxy110.selectList(Unknown Source)\n	at org.mybatis.spring.SqlSessionTemplate.selectList(SqlSessionTemplate.java:223)\n	at com.baomidou.mybatisplus.core.override.MybatisMapperMethod.executeForMany(MybatisMapperMethod.java:173)\n	at com.baomidou.mybatisplus.core.override.MybatisMapperMethod.execute(MybatisMapperMethod.java:78)\n	at com.baomidou.mybatisplus.core.override.MybatisMapperProxy$PlainMethodInvoker.invoke(MybatisMapperProxy.java:148)\n	at com.baomidou.mybatisplus.core.override.MybatisMapperProxy.invoke(MybatisMapperProxy.java:89)\n	at com.sun.proxy.$Proxy159.listReplies(Unknown Source)\n	at sun.reflect.NativeMethodAccessorImpl.invoke0(Native Method)\n	at sun.reflect.NativeMethodAccessorImpl.invoke(NativeMethodAccessorImpl.java:62)\n	at sun.reflect.DelegatingMethodAccessorImpl.invoke(DelegatingMethodAccessorImpl.java:43)\n	at java.lang.reflect.Method.invoke(Method.java:498)\n	at org.springframework.aop.support.AopUtils.invokeJoinpointUsingReflection(AopUtils.java:344)\n	at org.springframework.aop.framework.ReflectiveMethodInvocation.invokeJoinpoint(ReflectiveMethodInvocation.java:198)\n	at org.springframework.aop.framework.ReflectiveMethodInvocation.proceed(ReflectiveMethodInvocation.java:163)\n	at org.springframework.dao.support.PersistenceExceptionTranslationInterceptor.invoke(PersistenceExceptionTranslationInterceptor.java:139)\n	at org.springframework.aop.framework.ReflectiveMethodInvocation.proceed(ReflectiveMethodInvocation.java:186)\n	at org.springframework.aop.framework.JdkDynamicAopProxy.invoke(JdkDynamicAopProxy.java:212)\n	at com.sun.proxy.$Proxy160.listReplies(Unknown Source)\n	at com.aurora.service.impl.CommentServiceImpl.listComments(CommentServiceImpl.java:119)\n	at com.aurora.service.impl.CommentServiceImpl$$FastClassBySpringCGLIB$$fea9678a.invoke(<generated>)\n	at org.springframework.cglib.proxy.MethodProxy.invoke(MethodProxy.java:218)\n	at org.springframework.aop.framework.CglibAopProxy$DynamicAdvisedInterceptor.intercept(CglibAopProxy.java:687)\n	at com.aurora.service.impl.CommentServiceImpl$$EnhancerBySpringCGLIB$$a5d03ea4.listComments(<generated>)\n	at com.aurora.controller.CommentController.getComments(CommentController.java:40)\n	at com.aurora.controller.CommentController$$FastClassBySpringCGLIB$$6d73c74a.invoke(<generated>)\n	at org.springframework.cglib.proxy.MethodProxy.invoke(MethodProxy.java:218)\n	at org.springframework.aop.framework.CglibAopProxy$CglibMethodInvocation.invokeJoinpoint(CglibAopProxy.java:771)\n	at org.springframework.aop.framework.ReflectiveMethodInvocation.proceed(ReflectiveMethodInvocation.java:163)\n	at org.springframework.aop.framework.CglibAopProxy$CglibMethodInvocation.proceed(CglibAopProxy.java:749)\n	at org.springframework.aop.aspectj.AspectJAfterThrowingAdvice.invoke(AspectJAfterThrowingAdvice.java:62)\n	at org.springframework.aop.framework.ReflectiveMethodInvocation.proceed(ReflectiveMethodInvocation.java:186)\n	at org.springframework.aop.framework.CglibAopProxy$CglibMethodInvocation.proceed(CglibAopProxy.java:749)\n	at org.springframework.aop.interceptor.ExposeInvocationInterceptor.invoke(ExposeInvocationInterceptor.java:95)\n	at org.springframework.aop.framework.ReflectiveMethodInvocation.proceed(ReflectiveMethodInvocation.java:186)\n	at org.springframework.aop.framework.CglibAopProxy$CglibMethodInvocation.proceed(CglibAopProxy.java:749)\n	at org.springframework.aop.framework.CglibAopProxy$DynamicAdvisedInterceptor.intercept(CglibAopProxy.java:691)\n	at com.aurora.controller.CommentController$$EnhancerBySpringCGLIB$$7d5a1482.getComments(<generated>)\n	at sun.reflect.GeneratedMethodAccessor435.invoke(Unknown Source)\n	at sun.reflect.DelegatingMethodAccessorImpl.invoke(DelegatingMethodAccessorImpl.java:43)\n	at java.lang.reflect.Method.invoke(Method.java:498)\n	at org.springframework.web.method.support.InvocableHandlerMethod.doInvoke(InvocableHandlerMethod.java:190)\n	at org.springframework.web.method.support.InvocableHandlerMethod.invokeForRequest(InvocableHandlerMethod.java:138)\n	at org.springframework.web.servlet.mvc.method.annotation.ServletInvocableHandlerMethod.invokeAndHandle(ServletInvocableHandlerMethod.java:105)\n	at org.springframework.web.servlet.mvc.method.annotation.RequestMappingHandlerAdapter.invokeHandlerMethod(RequestMappingHandlerAdapter.java:878)\n	at org.springframework.web.servlet.mvc.method.annotation.RequestMappingHandlerAdapter.handleInternal(RequestMappingHandlerAdapter.java:792)\n	at org.springframework.web.servlet.mvc.method.AbstractHandlerMethodAdapter.handle(AbstractHandlerMethodAdapter.java:87)\n	at org.springframework.web.servlet.DispatcherServlet.doDispatch(DispatcherServlet.java:1040)\n	at org.springframework.web.servlet.DispatcherServlet.doService(DispatcherServlet.java:943)\n	at org.springframework.web.servlet.FrameworkServlet.processRequest(FrameworkServlet.java:1006)\n	at org.springframework.web.servlet.FrameworkServlet.doGet(FrameworkServlet.java:898)\n	at javax.servlet.http.HttpServlet.service(HttpServlet.java:626)\n	at org.springframework.web.servlet.FrameworkServlet.service(FrameworkServlet.java:883)\n	at javax.servlet.http.HttpServlet.service(HttpServlet.java:733)\n	at org.apache.catalina.core.ApplicationFilterChain.internalDoFilter(ApplicationFilterChain.java:231)\n	at org.apache.catalina.core.ApplicationFilterChain.doFilter(ApplicationFilterChain.java:166)\n	at org.apache.tomcat.websocket.server.WsFilter.doFilter(WsFilter.java:53)\n	at org.apache.catalina.core.ApplicationFilterChain.internalDoFilter(ApplicationFilterChain.java:193)\n	at org.apache.catalina.core.ApplicationFilterChain.doFilter(ApplicationFilterChain.java:166)\n	at org.springframework.web.filter.OncePerRequestFilter.doFilter(OncePerRequestFilter.java:113)\n	at org.apache.catalina.core.ApplicationFilterChain.internalDoFilter(ApplicationFilterChain.java:193)\n	at org.apache.catalina.core.ApplicationFilterChain.doFilter(ApplicationFilterChain.java:166)\n	at org.springframework.security.web.FilterChainProxy$VirtualFilterChain.doFilter(FilterChainProxy.java:320)\n	at org.springframework.security.web.access.intercept.FilterSecurityInterceptor.invoke(FilterSecurityInterceptor.java:126)\n	at org.springframework.security.web.access.intercept.FilterSecurityInterceptor.doFilter(FilterSecurityInterceptor.java:90)\n	at org.springframework.security.web.FilterChainProxy$VirtualFilterChain.doFilter(FilterChainProxy.java:334)\n	at org.springframework.security.web.access.ExceptionTranslationFilter.doFilter(ExceptionTranslationFilter.java:118)\n	at org.springframework.security.web.FilterChainProxy$VirtualFilterChain.doFilter(FilterChainProxy.java:334)\n	at org.springframework.security.web.session.SessionManagementFilter.doFilter(SessionManagementFilter.java:137)\n	at org.springframework.security.web.FilterChainProxy$VirtualFilterChain.doFilter(FilterChainProxy.java:334)\n	at org.springframework.security.web.authentication.AnonymousAuthenticationFilter.doFilter(AnonymousAuthenticationFilter.java:111)\n	at org.springframework.security.web.FilterChainProxy$VirtualFilterChain.doFilter(FilterChainProxy.java:334)\n	at org.springframework.security.web.servletapi.SecurityContextHolderAwareRequestFilter.doFilter(SecurityContextHolderAwareRequestFilter.java:158)\n	at org.springframework.security.web.FilterChainProxy$VirtualFilterChain.doFilter(FilterChainProxy.java:334)\n	at org.springframework.security.web.savedrequest.RequestCacheAwareFilter.doFilter(RequestCacheAwareFilter.java:63)\n	at org.springframework.security.web.FilterChainProxy$VirtualFilterChain.doFilter(FilterChainProxy.java:334)\n	at org.springframework.security.web.authentication.AbstractAuthenticationProcessingFilter.doFilter(AbstractAuthenticationProcessingFilter.java:200)\n	at org.springframework.security.web.FilterChainProxy$VirtualFilterChain.doFilter(FilterChainProxy.java:334)\n	at com.aurora.filter.JwtAuthenticationTokenFilter.doFilterInternal(JwtAuthenticationTokenFilter.java:39)\n	at org.springframework.web.filter.OncePerRequestFilter.doFilter(OncePerRequestFilter.java:119)\n	at org.springframework.security.web.FilterChainProxy$VirtualFilterChain.doFilter(FilterChainProxy.java:334)\n	at org.springframework.security.web.authentication.logout.LogoutFilter.doFilter(LogoutFilter.java:116)\n	at org.springframework.security.web.FilterChainProxy$VirtualFilterChain.doFilter(FilterChainProxy.java:334)\n	at org.springframework.security.web.header.HeaderWriterFilter.doHeadersAfter(HeaderWriterFilter.java:92)\n	at org.springframework.security.web.header.HeaderWriterFilter.doFilterInternal(HeaderWriterFilter.java:77)\n	at org.springframework.web.filter.OncePerRequestFilter.doFilter(OncePerRequestFilter.java:119)\n	at org.springframework.security.web.FilterChainProxy$VirtualFilterChain.doFilter(FilterChainProxy.java:334)\n	at org.springframework.security.web.context.SecurityContextPersistenceFilter.doFilter(SecurityContextPersistenceFilter.java:105)\n	at org.springframework.security.web.FilterChainProxy$VirtualFilterChain.doFilter(FilterChainProxy.java:334)\n	at org.springframework.security.web.context.request.async.WebAsyncManagerIntegrationFilter.doFilterInternal(WebAsyncManagerIntegrationFilter.java:56)\n	at org.springframework.web.filter.OncePerRequestFilter.doFilter(OncePerRequestFilter.java:119)\n	at org.springframework.security.web.FilterChainProxy$VirtualFilterChain.doFilter(FilterChainProxy.java:334)\n	at org.springframework.security.web.FilterChainProxy.doFilterInternal(FilterChainProxy.java:215)\n	at org.springframework.security.web.FilterChainProxy.doFilter(FilterChainProxy.java:178)\n	at org.springframework.web.filter.DelegatingFilterProxy.invokeDelegate(DelegatingFilterProxy.java:358)\n	at org.springframework.web.filter.DelegatingFilterProxy.doFilter(DelegatingFilterProxy.java:271)\n	at org.apache.catalina.core.ApplicationFilterChain.internalDoFilter(ApplicationFilterChain.java:193)\n	at org.apache.catalina.core.ApplicationFilterChain.doFilter(ApplicationFilterChain.java:166)\n	at org.springframework.web.filter.RequestContextFilter.doFilterInternal(RequestContextFilter.java:100)\n	at org.springframework.web.filter.OncePerRequestFilter.doFilter(OncePerRequestFilter.java:119)\n	at org.apache.catalina.core.ApplicationFilterChain.internalDoFilter(ApplicationFilterChain.java:193)\n	at org.apache.catalina.core.ApplicationFilterChain.doFilter(ApplicationFilterChain.java:166)\n	at org.springframework.web.filter.FormContentFilter.doFilterInternal(FormContentFilter.java:93)\n	at org.springframework.web.filter.OncePerRequestFilter.doFilter(OncePerRequestFilter.java:119)\n	at org.apache.catalina.core.ApplicationFilterChain.internalDoFilter(ApplicationFilterChain.java:193)\n	at org.apache.catalina.core.ApplicationFilterChain.doFilter(ApplicationFilterChain.java:166)\n	at org.springframework.web.filter.CharacterEncodingFilter.doFilterInternal(CharacterEncodingFilter.java:201)\n	at org.springframework.web.filter.OncePerRequestFilter.doFilter(OncePerRequestFilter.java:119)\n	at org.apache.catalina.core.ApplicationFilterChain.internalDoFilter(ApplicationFilterChain.java:193)\n	at org.apache.catalina.core.ApplicationFilterChain.doFilter(ApplicationFilterChain.java:166)\n	at org.apache.catalina.core.StandardWrapperValve.invoke(StandardWrapperValve.java:202)\n	at org.apache.catalina.core.StandardContextValve.invoke(StandardContextValve.java:97)\n	at org.apache.catalina.authenticator.AuthenticatorBase.invoke(AuthenticatorBase.java:542)\n	at org.apache.catalina.core.StandardHostValve.invoke(StandardHostValve.java:143)\n	at org.apache.catalina.valves.ErrorReportValve.invoke(ErrorReportValve.java:92)\n	at org.apache.catalina.core.StandardEngineValve.invoke(StandardEngineValve.java:78)\n	at org.apache.catalina.connector.CoyoteAdapter.service(CoyoteAdapter.java:343)\n	at org.apache.coyote.http11.Http11Processor.service(Http11Processor.java:374)\n	at org.apache.coyote.AbstractProcessorLight.process(AbstractProcessorLight.java:65)\n	at org.apache.coyote.AbstractProtocol$ConnectionHandler.process(AbstractProtocol.java:888)\n	at org.apache.tomcat.util.net.NioEndpoint$SocketProcessor.doRun(NioEndpoint.java:1597)\n	at org.apache.tomcat.util.net.SocketProcessorBase.run(SocketProcessorBase.java:49)\n	at java.util.concurrent.ThreadPoolExecutor.runWorker(ThreadPoolExecutor.java:1149)\n	at java.util.concurrent.ThreadPoolExecutor$Worker.run(ThreadPoolExecutor.java:624)\n	at org.apache.tomcat.util.threads.TaskThread$WrappingRunnable.run(TaskThread.java:61)\n	at java.lang.Thread.run(Thread.java:750)\nCaused by: java.sql.SQLSyntaxErrorException: You have an error in your SQL syntax; check the manual that corresponds to your MySQL server version for the right syntax to use near \'( PARTITION BY parent_id ORDER BY create_time ASC ) row_num\n        FROM\n       \' at line 17\n	at com.mysql.cj.jdbc.exceptions.SQLError.createSQLException(SQLError.java:120)\n	at com.mysql.cj.jdbc.exceptions.SQLError.createSQLException(SQLError.java:97)\n	at com.mysql.cj.jdbc.exceptions.SQLExceptionsMapping.translateException(SQLExceptionsMapping.java:122)\n	at com.mysql.cj.jdbc.ClientPreparedStatement.executeInternal(ClientPreparedStatement.java:953)\n	at com.mysql.cj.jdbc.ClientPreparedStatement.execute(ClientPreparedStatement.java:370)\n	at com.zaxxer.hikari.pool.ProxyPreparedStatement.execute(ProxyPreparedStatement.java:44)\n	at com.zaxxer.hikari.pool.HikariProxyPreparedStatement.execute(HikariProxyPreparedStatement.java)\n	at sun.reflect.GeneratedMethodAccessor136.invoke(Unknown Source)\n	at sun.reflect.DelegatingMethodAccessorImpl.invoke(DelegatingMethodAccessorImpl.java:43)\n	at java.lang.reflect.Method.invoke(Method.java:498)\n	at org.apache.ibatis.logging.jdbc.PreparedStatementLogger.invoke(PreparedStatementLogger.java:59)\n	at com.sun.proxy.$Proxy185.execute(Unknown Source)\n	at org.apache.ibatis.executor.statement.PreparedStatementHandler.query(PreparedStatementHandler.java:64)\n	at org.apache.ibatis.executor.statement.RoutingStatementHandler.query(RoutingStatementHandler.java:79)\n	at sun.reflect.GeneratedMethodAccessor142.invoke(Unknown Source)\n	at sun.reflect.DelegatingMethodAccessorImpl.invoke(DelegatingMethodAccessorImpl.java:43)\n	at java.lang.reflect.Method.invoke(Method.java:498)\n	at org.apache.ibatis.plugin.Plugin.invoke(Plugin.java:63)\n	at com.sun.proxy.$Proxy183.query(Unknown Source)\n	at com.baomidou.mybatisplus.core.executor.MybatisSimpleExecutor.doQuery(MybatisSimpleExecutor.java:69)\n	at org.apache.ibatis.executor.BaseExecutor.queryFromDatabase(BaseExecutor.java:325)\n	at org.apache.ibatis.executor.BaseExecutor.query(BaseExecutor.java:156)\n	at com.baomidou.mybatisplus.core.executor.MybatisCachingExecutor.query(MybatisCachingExecutor.java:165)\n	at com.baomidou.mybatisplus.extension.plugins.MybatisPlusInterceptor.intercept(MybatisPlusInterceptor.java:81)\n	at org.apache.ibatis.plugin.Plugin.invoke(Plugin.java:61)\n	at com.sun.proxy.$Proxy182.query(Unknown Source)\n	at org.apache.ibatis.session.defaults.DefaultSqlSession.selectList(DefaultSqlSession.java:147)\n	at org.apache.ibatis.session.defaults.DefaultSqlSession.selectList(DefaultSqlSession.java:140)\n	at sun.reflect.GeneratedMethodAccessor168.invoke(Unknown Source)\n	at sun.reflect.DelegatingMethodAccessorImpl.invoke(DelegatingMethodAccessorImpl.java:43)\n	at java.lang.reflect.Method.invoke(Method.java:498)\n	at org.mybatis.spring.SqlSessionTemplate$SqlSessionInterceptor.invoke(SqlSessionTemplate.java:426)\n	... 125 more\n', '172.17.0.1', '内网IP|内网IP', '2023-07-02 17:00:39');
INSERT INTO `t_exception_log` VALUES (9, '/comments', 'com.aurora.controller.CommentController.getComments', 'GET', '[{\"type\":3}]', '获取评论', 'org.springframework.jdbc.BadSqlGrammarException: \n### Error querying database.  Cause: java.sql.SQLSyntaxErrorException: You have an error in your SQL syntax; check the manual that corresponds to your MySQL server version for the right syntax to use near \'( PARTITION BY parent_id ORDER BY create_time ASC ) row_num\n        FROM\n       \' at line 17\n### The error may exist in class path resource [mapper/CommentMapper.xml]\n### The error may involve defaultParameterMap\n### The error occurred while setting parameters\n### SQL: SELECT         *         FROM         (         SELECT         c.user_id,         u.nickname,         u.avatar,         u.website,         c.reply_user_id,         r.nickname AS reply_nickname,         r.website AS reply_website,         c.id,         c.parent_id,         c.comment_content,         c.create_time,         row_number () over ( PARTITION BY parent_id ORDER BY create_time ASC ) row_num         FROM         t_comment c         JOIN t_user_info u ON c.user_id = u.id         JOIN t_user_info r ON c.reply_user_id = r.id         WHERE         c.is_review = 1         AND         parent_id IN         (                        ?                   )         order by c.create_time desc         ) t\n### Cause: java.sql.SQLSyntaxErrorException: You have an error in your SQL syntax; check the manual that corresponds to your MySQL server version for the right syntax to use near \'( PARTITION BY parent_id ORDER BY create_time ASC ) row_num\n        FROM\n       \' at line 17\n; bad SQL grammar []; nested exception is java.sql.SQLSyntaxErrorException: You have an error in your SQL syntax; check the manual that corresponds to your MySQL server version for the right syntax to use near \'( PARTITION BY parent_id ORDER BY create_time ASC ) row_num\n        FROM\n       \' at line 17\n	at org.springframework.jdbc.support.SQLErrorCodeSQLExceptionTranslator.doTranslate(SQLErrorCodeSQLExceptionTranslator.java:239)\n	at org.springframework.jdbc.support.AbstractFallbackSQLExceptionTranslator.translate(AbstractFallbackSQLExceptionTranslator.java:72)\n	at org.mybatis.spring.MyBatisExceptionTranslator.translateExceptionIfPossible(MyBatisExceptionTranslator.java:88)\n	at org.mybatis.spring.SqlSessionTemplate$SqlSessionInterceptor.invoke(SqlSessionTemplate.java:440)\n	at com.sun.proxy.$Proxy110.selectList(Unknown Source)\n	at org.mybatis.spring.SqlSessionTemplate.selectList(SqlSessionTemplate.java:223)\n	at com.baomidou.mybatisplus.core.override.MybatisMapperMethod.executeForMany(MybatisMapperMethod.java:173)\n	at com.baomidou.mybatisplus.core.override.MybatisMapperMethod.execute(MybatisMapperMethod.java:78)\n	at com.baomidou.mybatisplus.core.override.MybatisMapperProxy$PlainMethodInvoker.invoke(MybatisMapperProxy.java:148)\n	at com.baomidou.mybatisplus.core.override.MybatisMapperProxy.invoke(MybatisMapperProxy.java:89)\n	at com.sun.proxy.$Proxy159.listReplies(Unknown Source)\n	at sun.reflect.NativeMethodAccessorImpl.invoke0(Native Method)\n	at sun.reflect.NativeMethodAccessorImpl.invoke(NativeMethodAccessorImpl.java:62)\n	at sun.reflect.DelegatingMethodAccessorImpl.invoke(DelegatingMethodAccessorImpl.java:43)\n	at java.lang.reflect.Method.invoke(Method.java:498)\n	at org.springframework.aop.support.AopUtils.invokeJoinpointUsingReflection(AopUtils.java:344)\n	at org.springframework.aop.framework.ReflectiveMethodInvocation.invokeJoinpoint(ReflectiveMethodInvocation.java:198)\n	at org.springframework.aop.framework.ReflectiveMethodInvocation.proceed(ReflectiveMethodInvocation.java:163)\n	at org.springframework.dao.support.PersistenceExceptionTranslationInterceptor.invoke(PersistenceExceptionTranslationInterceptor.java:139)\n	at org.springframework.aop.framework.ReflectiveMethodInvocation.proceed(ReflectiveMethodInvocation.java:186)\n	at org.springframework.aop.framework.JdkDynamicAopProxy.invoke(JdkDynamicAopProxy.java:212)\n	at com.sun.proxy.$Proxy160.listReplies(Unknown Source)\n	at com.aurora.service.impl.CommentServiceImpl.listComments(CommentServiceImpl.java:119)\n	at com.aurora.service.impl.CommentServiceImpl$$FastClassBySpringCGLIB$$fea9678a.invoke(<generated>)\n	at org.springframework.cglib.proxy.MethodProxy.invoke(MethodProxy.java:218)\n	at org.springframework.aop.framework.CglibAopProxy$DynamicAdvisedInterceptor.intercept(CglibAopProxy.java:687)\n	at com.aurora.service.impl.CommentServiceImpl$$EnhancerBySpringCGLIB$$a5d03ea4.listComments(<generated>)\n	at com.aurora.controller.CommentController.getComments(CommentController.java:40)\n	at com.aurora.controller.CommentController$$FastClassBySpringCGLIB$$6d73c74a.invoke(<generated>)\n	at org.springframework.cglib.proxy.MethodProxy.invoke(MethodProxy.java:218)\n	at org.springframework.aop.framework.CglibAopProxy$CglibMethodInvocation.invokeJoinpoint(CglibAopProxy.java:771)\n	at org.springframework.aop.framework.ReflectiveMethodInvocation.proceed(ReflectiveMethodInvocation.java:163)\n	at org.springframework.aop.framework.CglibAopProxy$CglibMethodInvocation.proceed(CglibAopProxy.java:749)\n	at org.springframework.aop.aspectj.AspectJAfterThrowingAdvice.invoke(AspectJAfterThrowingAdvice.java:62)\n	at org.springframework.aop.framework.ReflectiveMethodInvocation.proceed(ReflectiveMethodInvocation.java:186)\n	at org.springframework.aop.framework.CglibAopProxy$CglibMethodInvocation.proceed(CglibAopProxy.java:749)\n	at org.springframework.aop.interceptor.ExposeInvocationInterceptor.invoke(ExposeInvocationInterceptor.java:95)\n	at org.springframework.aop.framework.ReflectiveMethodInvocation.proceed(ReflectiveMethodInvocation.java:186)\n	at org.springframework.aop.framework.CglibAopProxy$CglibMethodInvocation.proceed(CglibAopProxy.java:749)\n	at org.springframework.aop.framework.CglibAopProxy$DynamicAdvisedInterceptor.intercept(CglibAopProxy.java:691)\n	at com.aurora.controller.CommentController$$EnhancerBySpringCGLIB$$7d5a1482.getComments(<generated>)\n	at sun.reflect.GeneratedMethodAccessor435.invoke(Unknown Source)\n	at sun.reflect.DelegatingMethodAccessorImpl.invoke(DelegatingMethodAccessorImpl.java:43)\n	at java.lang.reflect.Method.invoke(Method.java:498)\n	at org.springframework.web.method.support.InvocableHandlerMethod.doInvoke(InvocableHandlerMethod.java:190)\n	at org.springframework.web.method.support.InvocableHandlerMethod.invokeForRequest(InvocableHandlerMethod.java:138)\n	at org.springframework.web.servlet.mvc.method.annotation.ServletInvocableHandlerMethod.invokeAndHandle(ServletInvocableHandlerMethod.java:105)\n	at org.springframework.web.servlet.mvc.method.annotation.RequestMappingHandlerAdapter.invokeHandlerMethod(RequestMappingHandlerAdapter.java:878)\n	at org.springframework.web.servlet.mvc.method.annotation.RequestMappingHandlerAdapter.handleInternal(RequestMappingHandlerAdapter.java:792)\n	at org.springframework.web.servlet.mvc.method.AbstractHandlerMethodAdapter.handle(AbstractHandlerMethodAdapter.java:87)\n	at org.springframework.web.servlet.DispatcherServlet.doDispatch(DispatcherServlet.java:1040)\n	at org.springframework.web.servlet.DispatcherServlet.doService(DispatcherServlet.java:943)\n	at org.springframework.web.servlet.FrameworkServlet.processRequest(FrameworkServlet.java:1006)\n	at org.springframework.web.servlet.FrameworkServlet.doGet(FrameworkServlet.java:898)\n	at javax.servlet.http.HttpServlet.service(HttpServlet.java:626)\n	at org.springframework.web.servlet.FrameworkServlet.service(FrameworkServlet.java:883)\n	at javax.servlet.http.HttpServlet.service(HttpServlet.java:733)\n	at org.apache.catalina.core.ApplicationFilterChain.internalDoFilter(ApplicationFilterChain.java:231)\n	at org.apache.catalina.core.ApplicationFilterChain.doFilter(ApplicationFilterChain.java:166)\n	at org.apache.tomcat.websocket.server.WsFilter.doFilter(WsFilter.java:53)\n	at org.apache.catalina.core.ApplicationFilterChain.internalDoFilter(ApplicationFilterChain.java:193)\n	at org.apache.catalina.core.ApplicationFilterChain.doFilter(ApplicationFilterChain.java:166)\n	at org.springframework.web.filter.OncePerRequestFilter.doFilter(OncePerRequestFilter.java:113)\n	at org.apache.catalina.core.ApplicationFilterChain.internalDoFilter(ApplicationFilterChain.java:193)\n	at org.apache.catalina.core.ApplicationFilterChain.doFilter(ApplicationFilterChain.java:166)\n	at org.springframework.security.web.FilterChainProxy$VirtualFilterChain.doFilter(FilterChainProxy.java:320)\n	at org.springframework.security.web.access.intercept.FilterSecurityInterceptor.invoke(FilterSecurityInterceptor.java:126)\n	at org.springframework.security.web.access.intercept.FilterSecurityInterceptor.doFilter(FilterSecurityInterceptor.java:90)\n	at org.springframework.security.web.FilterChainProxy$VirtualFilterChain.doFilter(FilterChainProxy.java:334)\n	at org.springframework.security.web.access.ExceptionTranslationFilter.doFilter(ExceptionTranslationFilter.java:118)\n	at org.springframework.security.web.FilterChainProxy$VirtualFilterChain.doFilter(FilterChainProxy.java:334)\n	at org.springframework.security.web.session.SessionManagementFilter.doFilter(SessionManagementFilter.java:137)\n	at org.springframework.security.web.FilterChainProxy$VirtualFilterChain.doFilter(FilterChainProxy.java:334)\n	at org.springframework.security.web.authentication.AnonymousAuthenticationFilter.doFilter(AnonymousAuthenticationFilter.java:111)\n	at org.springframework.security.web.FilterChainProxy$VirtualFilterChain.doFilter(FilterChainProxy.java:334)\n	at org.springframework.security.web.servletapi.SecurityContextHolderAwareRequestFilter.doFilter(SecurityContextHolderAwareRequestFilter.java:158)\n	at org.springframework.security.web.FilterChainProxy$VirtualFilterChain.doFilter(FilterChainProxy.java:334)\n	at org.springframework.security.web.savedrequest.RequestCacheAwareFilter.doFilter(RequestCacheAwareFilter.java:63)\n	at org.springframework.security.web.FilterChainProxy$VirtualFilterChain.doFilter(FilterChainProxy.java:334)\n	at org.springframework.security.web.authentication.AbstractAuthenticationProcessingFilter.doFilter(AbstractAuthenticationProcessingFilter.java:200)\n	at org.springframework.security.web.FilterChainProxy$VirtualFilterChain.doFilter(FilterChainProxy.java:334)\n	at com.aurora.filter.JwtAuthenticationTokenFilter.doFilterInternal(JwtAuthenticationTokenFilter.java:39)\n	at org.springframework.web.filter.OncePerRequestFilter.doFilter(OncePerRequestFilter.java:119)\n	at org.springframework.security.web.FilterChainProxy$VirtualFilterChain.doFilter(FilterChainProxy.java:334)\n	at org.springframework.security.web.authentication.logout.LogoutFilter.doFilter(LogoutFilter.java:116)\n	at org.springframework.security.web.FilterChainProxy$VirtualFilterChain.doFilter(FilterChainProxy.java:334)\n	at org.springframework.security.web.header.HeaderWriterFilter.doHeadersAfter(HeaderWriterFilter.java:92)\n	at org.springframework.security.web.header.HeaderWriterFilter.doFilterInternal(HeaderWriterFilter.java:77)\n	at org.springframework.web.filter.OncePerRequestFilter.doFilter(OncePerRequestFilter.java:119)\n	at org.springframework.security.web.FilterChainProxy$VirtualFilterChain.doFilter(FilterChainProxy.java:334)\n	at org.springframework.security.web.context.SecurityContextPersistenceFilter.doFilter(SecurityContextPersistenceFilter.java:105)\n	at org.springframework.security.web.FilterChainProxy$VirtualFilterChain.doFilter(FilterChainProxy.java:334)\n	at org.springframework.security.web.context.request.async.WebAsyncManagerIntegrationFilter.doFilterInternal(WebAsyncManagerIntegrationFilter.java:56)\n	at org.springframework.web.filter.OncePerRequestFilter.doFilter(OncePerRequestFilter.java:119)\n	at org.springframework.security.web.FilterChainProxy$VirtualFilterChain.doFilter(FilterChainProxy.java:334)\n	at org.springframework.security.web.FilterChainProxy.doFilterInternal(FilterChainProxy.java:215)\n	at org.springframework.security.web.FilterChainProxy.doFilter(FilterChainProxy.java:178)\n	at org.springframework.web.filter.DelegatingFilterProxy.invokeDelegate(DelegatingFilterProxy.java:358)\n	at org.springframework.web.filter.DelegatingFilterProxy.doFilter(DelegatingFilterProxy.java:271)\n	at org.apache.catalina.core.ApplicationFilterChain.internalDoFilter(ApplicationFilterChain.java:193)\n	at org.apache.catalina.core.ApplicationFilterChain.doFilter(ApplicationFilterChain.java:166)\n	at org.springframework.web.filter.RequestContextFilter.doFilterInternal(RequestContextFilter.java:100)\n	at org.springframework.web.filter.OncePerRequestFilter.doFilter(OncePerRequestFilter.java:119)\n	at org.apache.catalina.core.ApplicationFilterChain.internalDoFilter(ApplicationFilterChain.java:193)\n	at org.apache.catalina.core.ApplicationFilterChain.doFilter(ApplicationFilterChain.java:166)\n	at org.springframework.web.filter.FormContentFilter.doFilterInternal(FormContentFilter.java:93)\n	at org.springframework.web.filter.OncePerRequestFilter.doFilter(OncePerRequestFilter.java:119)\n	at org.apache.catalina.core.ApplicationFilterChain.internalDoFilter(ApplicationFilterChain.java:193)\n	at org.apache.catalina.core.ApplicationFilterChain.doFilter(ApplicationFilterChain.java:166)\n	at org.springframework.web.filter.CharacterEncodingFilter.doFilterInternal(CharacterEncodingFilter.java:201)\n	at org.springframework.web.filter.OncePerRequestFilter.doFilter(OncePerRequestFilter.java:119)\n	at org.apache.catalina.core.ApplicationFilterChain.internalDoFilter(ApplicationFilterChain.java:193)\n	at org.apache.catalina.core.ApplicationFilterChain.doFilter(ApplicationFilterChain.java:166)\n	at org.apache.catalina.core.StandardWrapperValve.invoke(StandardWrapperValve.java:202)\n	at org.apache.catalina.core.StandardContextValve.invoke(StandardContextValve.java:97)\n	at org.apache.catalina.authenticator.AuthenticatorBase.invoke(AuthenticatorBase.java:542)\n	at org.apache.catalina.core.StandardHostValve.invoke(StandardHostValve.java:143)\n	at org.apache.catalina.valves.ErrorReportValve.invoke(ErrorReportValve.java:92)\n	at org.apache.catalina.core.StandardEngineValve.invoke(StandardEngineValve.java:78)\n	at org.apache.catalina.connector.CoyoteAdapter.service(CoyoteAdapter.java:343)\n	at org.apache.coyote.http11.Http11Processor.service(Http11Processor.java:374)\n	at org.apache.coyote.AbstractProcessorLight.process(AbstractProcessorLight.java:65)\n	at org.apache.coyote.AbstractProtocol$ConnectionHandler.process(AbstractProtocol.java:888)\n	at org.apache.tomcat.util.net.NioEndpoint$SocketProcessor.doRun(NioEndpoint.java:1597)\n	at org.apache.tomcat.util.net.SocketProcessorBase.run(SocketProcessorBase.java:49)\n	at java.util.concurrent.ThreadPoolExecutor.runWorker(ThreadPoolExecutor.java:1149)\n	at java.util.concurrent.ThreadPoolExecutor$Worker.run(ThreadPoolExecutor.java:624)\n	at org.apache.tomcat.util.threads.TaskThread$WrappingRunnable.run(TaskThread.java:61)\n	at java.lang.Thread.run(Thread.java:750)\nCaused by: java.sql.SQLSyntaxErrorException: You have an error in your SQL syntax; check the manual that corresponds to your MySQL server version for the right syntax to use near \'( PARTITION BY parent_id ORDER BY create_time ASC ) row_num\n        FROM\n       \' at line 17\n	at com.mysql.cj.jdbc.exceptions.SQLError.createSQLException(SQLError.java:120)\n	at com.mysql.cj.jdbc.exceptions.SQLError.createSQLException(SQLError.java:97)\n	at com.mysql.cj.jdbc.exceptions.SQLExceptionsMapping.translateException(SQLExceptionsMapping.java:122)\n	at com.mysql.cj.jdbc.ClientPreparedStatement.executeInternal(ClientPreparedStatement.java:953)\n	at com.mysql.cj.jdbc.ClientPreparedStatement.execute(ClientPreparedStatement.java:370)\n	at com.zaxxer.hikari.pool.ProxyPreparedStatement.execute(ProxyPreparedStatement.java:44)\n	at com.zaxxer.hikari.pool.HikariProxyPreparedStatement.execute(HikariProxyPreparedStatement.java)\n	at sun.reflect.GeneratedMethodAccessor136.invoke(Unknown Source)\n	at sun.reflect.DelegatingMethodAccessorImpl.invoke(DelegatingMethodAccessorImpl.java:43)\n	at java.lang.reflect.Method.invoke(Method.java:498)\n	at org.apache.ibatis.logging.jdbc.PreparedStatementLogger.invoke(PreparedStatementLogger.java:59)\n	at com.sun.proxy.$Proxy185.execute(Unknown Source)\n	at org.apache.ibatis.executor.statement.PreparedStatementHandler.query(PreparedStatementHandler.java:64)\n	at org.apache.ibatis.executor.statement.RoutingStatementHandler.query(RoutingStatementHandler.java:79)\n	at sun.reflect.GeneratedMethodAccessor142.invoke(Unknown Source)\n	at sun.reflect.DelegatingMethodAccessorImpl.invoke(DelegatingMethodAccessorImpl.java:43)\n	at java.lang.reflect.Method.invoke(Method.java:498)\n	at org.apache.ibatis.plugin.Plugin.invoke(Plugin.java:63)\n	at com.sun.proxy.$Proxy183.query(Unknown Source)\n	at com.baomidou.mybatisplus.core.executor.MybatisSimpleExecutor.doQuery(MybatisSimpleExecutor.java:69)\n	at org.apache.ibatis.executor.BaseExecutor.queryFromDatabase(BaseExecutor.java:325)\n	at org.apache.ibatis.executor.BaseExecutor.query(BaseExecutor.java:156)\n	at com.baomidou.mybatisplus.core.executor.MybatisCachingExecutor.query(MybatisCachingExecutor.java:165)\n	at com.baomidou.mybatisplus.extension.plugins.MybatisPlusInterceptor.intercept(MybatisPlusInterceptor.java:81)\n	at org.apache.ibatis.plugin.Plugin.invoke(Plugin.java:61)\n	at com.sun.proxy.$Proxy182.query(Unknown Source)\n	at org.apache.ibatis.session.defaults.DefaultSqlSession.selectList(DefaultSqlSession.java:147)\n	at org.apache.ibatis.session.defaults.DefaultSqlSession.selectList(DefaultSqlSession.java:140)\n	at sun.reflect.GeneratedMethodAccessor168.invoke(Unknown Source)\n	at sun.reflect.DelegatingMethodAccessorImpl.invoke(DelegatingMethodAccessorImpl.java:43)\n	at java.lang.reflect.Method.invoke(Method.java:498)\n	at org.mybatis.spring.SqlSessionTemplate$SqlSessionInterceptor.invoke(SqlSessionTemplate.java:426)\n	... 125 more\n', '172.17.0.1', '内网IP|内网IP', '2023-07-02 17:00:39');
INSERT INTO `t_exception_log` VALUES (10, '/comments', 'com.aurora.controller.CommentController.getComments', 'GET', '[{\"type\":3}]', '获取评论', 'org.springframework.jdbc.BadSqlGrammarException: \n### Error querying database.  Cause: java.sql.SQLSyntaxErrorException: You have an error in your SQL syntax; check the manual that corresponds to your MySQL server version for the right syntax to use near \'( PARTITION BY parent_id ORDER BY create_time ASC ) row_num\n        FROM\n       \' at line 17\n### The error may exist in class path resource [mapper/CommentMapper.xml]\n### The error may involve defaultParameterMap\n### The error occurred while setting parameters\n### SQL: SELECT         *         FROM         (         SELECT         c.user_id,         u.nickname,         u.avatar,         u.website,         c.reply_user_id,         r.nickname AS reply_nickname,         r.website AS reply_website,         c.id,         c.parent_id,         c.comment_content,         c.create_time,         row_number () over ( PARTITION BY parent_id ORDER BY create_time ASC ) row_num         FROM         t_comment c         JOIN t_user_info u ON c.user_id = u.id         JOIN t_user_info r ON c.reply_user_id = r.id         WHERE         c.is_review = 1         AND         parent_id IN         (                        ?          ,              ?                   )         order by c.create_time desc         ) t\n### Cause: java.sql.SQLSyntaxErrorException: You have an error in your SQL syntax; check the manual that corresponds to your MySQL server version for the right syntax to use near \'( PARTITION BY parent_id ORDER BY create_time ASC ) row_num\n        FROM\n       \' at line 17\n; bad SQL grammar []; nested exception is java.sql.SQLSyntaxErrorException: You have an error in your SQL syntax; check the manual that corresponds to your MySQL server version for the right syntax to use near \'( PARTITION BY parent_id ORDER BY create_time ASC ) row_num\n        FROM\n       \' at line 17\n	at org.springframework.jdbc.support.SQLErrorCodeSQLExceptionTranslator.doTranslate(SQLErrorCodeSQLExceptionTranslator.java:239)\n	at org.springframework.jdbc.support.AbstractFallbackSQLExceptionTranslator.translate(AbstractFallbackSQLExceptionTranslator.java:72)\n	at org.mybatis.spring.MyBatisExceptionTranslator.translateExceptionIfPossible(MyBatisExceptionTranslator.java:88)\n	at org.mybatis.spring.SqlSessionTemplate$SqlSessionInterceptor.invoke(SqlSessionTemplate.java:440)\n	at com.sun.proxy.$Proxy110.selectList(Unknown Source)\n	at org.mybatis.spring.SqlSessionTemplate.selectList(SqlSessionTemplate.java:223)\n	at com.baomidou.mybatisplus.core.override.MybatisMapperMethod.executeForMany(MybatisMapperMethod.java:173)\n	at com.baomidou.mybatisplus.core.override.MybatisMapperMethod.execute(MybatisMapperMethod.java:78)\n	at com.baomidou.mybatisplus.core.override.MybatisMapperProxy$PlainMethodInvoker.invoke(MybatisMapperProxy.java:148)\n	at com.baomidou.mybatisplus.core.override.MybatisMapperProxy.invoke(MybatisMapperProxy.java:89)\n	at com.sun.proxy.$Proxy159.listReplies(Unknown Source)\n	at sun.reflect.NativeMethodAccessorImpl.invoke0(Native Method)\n	at sun.reflect.NativeMethodAccessorImpl.invoke(NativeMethodAccessorImpl.java:62)\n	at sun.reflect.DelegatingMethodAccessorImpl.invoke(DelegatingMethodAccessorImpl.java:43)\n	at java.lang.reflect.Method.invoke(Method.java:498)\n	at org.springframework.aop.support.AopUtils.invokeJoinpointUsingReflection(AopUtils.java:344)\n	at org.springframework.aop.framework.ReflectiveMethodInvocation.invokeJoinpoint(ReflectiveMethodInvocation.java:198)\n	at org.springframework.aop.framework.ReflectiveMethodInvocation.proceed(ReflectiveMethodInvocation.java:163)\n	at org.springframework.dao.support.PersistenceExceptionTranslationInterceptor.invoke(PersistenceExceptionTranslationInterceptor.java:139)\n	at org.springframework.aop.framework.ReflectiveMethodInvocation.proceed(ReflectiveMethodInvocation.java:186)\n	at org.springframework.aop.framework.JdkDynamicAopProxy.invoke(JdkDynamicAopProxy.java:212)\n	at com.sun.proxy.$Proxy160.listReplies(Unknown Source)\n	at com.aurora.service.impl.CommentServiceImpl.listComments(CommentServiceImpl.java:119)\n	at com.aurora.service.impl.CommentServiceImpl$$FastClassBySpringCGLIB$$fea9678a.invoke(<generated>)\n	at org.springframework.cglib.proxy.MethodProxy.invoke(MethodProxy.java:218)\n	at org.springframework.aop.framework.CglibAopProxy$DynamicAdvisedInterceptor.intercept(CglibAopProxy.java:687)\n	at com.aurora.service.impl.CommentServiceImpl$$EnhancerBySpringCGLIB$$a5d03ea4.listComments(<generated>)\n	at com.aurora.controller.CommentController.getComments(CommentController.java:40)\n	at com.aurora.controller.CommentController$$FastClassBySpringCGLIB$$6d73c74a.invoke(<generated>)\n	at org.springframework.cglib.proxy.MethodProxy.invoke(MethodProxy.java:218)\n	at org.springframework.aop.framework.CglibAopProxy$CglibMethodInvocation.invokeJoinpoint(CglibAopProxy.java:771)\n	at org.springframework.aop.framework.ReflectiveMethodInvocation.proceed(ReflectiveMethodInvocation.java:163)\n	at org.springframework.aop.framework.CglibAopProxy$CglibMethodInvocation.proceed(CglibAopProxy.java:749)\n	at org.springframework.aop.aspectj.AspectJAfterThrowingAdvice.invoke(AspectJAfterThrowingAdvice.java:62)\n	at org.springframework.aop.framework.ReflectiveMethodInvocation.proceed(ReflectiveMethodInvocation.java:186)\n	at org.springframework.aop.framework.CglibAopProxy$CglibMethodInvocation.proceed(CglibAopProxy.java:749)\n	at org.springframework.aop.interceptor.ExposeInvocationInterceptor.invoke(ExposeInvocationInterceptor.java:95)\n	at org.springframework.aop.framework.ReflectiveMethodInvocation.proceed(ReflectiveMethodInvocation.java:186)\n	at org.springframework.aop.framework.CglibAopProxy$CglibMethodInvocation.proceed(CglibAopProxy.java:749)\n	at org.springframework.aop.framework.CglibAopProxy$DynamicAdvisedInterceptor.intercept(CglibAopProxy.java:691)\n	at com.aurora.controller.CommentController$$EnhancerBySpringCGLIB$$7d5a1482.getComments(<generated>)\n	at sun.reflect.GeneratedMethodAccessor435.invoke(Unknown Source)\n	at sun.reflect.DelegatingMethodAccessorImpl.invoke(DelegatingMethodAccessorImpl.java:43)\n	at java.lang.reflect.Method.invoke(Method.java:498)\n	at org.springframework.web.method.support.InvocableHandlerMethod.doInvoke(InvocableHandlerMethod.java:190)\n	at org.springframework.web.method.support.InvocableHandlerMethod.invokeForRequest(InvocableHandlerMethod.java:138)\n	at org.springframework.web.servlet.mvc.method.annotation.ServletInvocableHandlerMethod.invokeAndHandle(ServletInvocableHandlerMethod.java:105)\n	at org.springframework.web.servlet.mvc.method.annotation.RequestMappingHandlerAdapter.invokeHandlerMethod(RequestMappingHandlerAdapter.java:878)\n	at org.springframework.web.servlet.mvc.method.annotation.RequestMappingHandlerAdapter.handleInternal(RequestMappingHandlerAdapter.java:792)\n	at org.springframework.web.servlet.mvc.method.AbstractHandlerMethodAdapter.handle(AbstractHandlerMethodAdapter.java:87)\n	at org.springframework.web.servlet.DispatcherServlet.doDispatch(DispatcherServlet.java:1040)\n	at org.springframework.web.servlet.DispatcherServlet.doService(DispatcherServlet.java:943)\n	at org.springframework.web.servlet.FrameworkServlet.processRequest(FrameworkServlet.java:1006)\n	at org.springframework.web.servlet.FrameworkServlet.doGet(FrameworkServlet.java:898)\n	at javax.servlet.http.HttpServlet.service(HttpServlet.java:626)\n	at org.springframework.web.servlet.FrameworkServlet.service(FrameworkServlet.java:883)\n	at javax.servlet.http.HttpServlet.service(HttpServlet.java:733)\n	at org.apache.catalina.core.ApplicationFilterChain.internalDoFilter(ApplicationFilterChain.java:231)\n	at org.apache.catalina.core.ApplicationFilterChain.doFilter(ApplicationFilterChain.java:166)\n	at org.apache.tomcat.websocket.server.WsFilter.doFilter(WsFilter.java:53)\n	at org.apache.catalina.core.ApplicationFilterChain.internalDoFilter(ApplicationFilterChain.java:193)\n	at org.apache.catalina.core.ApplicationFilterChain.doFilter(ApplicationFilterChain.java:166)\n	at org.springframework.web.filter.OncePerRequestFilter.doFilter(OncePerRequestFilter.java:113)\n	at org.apache.catalina.core.ApplicationFilterChain.internalDoFilter(ApplicationFilterChain.java:193)\n	at org.apache.catalina.core.ApplicationFilterChain.doFilter(ApplicationFilterChain.java:166)\n	at org.springframework.security.web.FilterChainProxy$VirtualFilterChain.doFilter(FilterChainProxy.java:320)\n	at org.springframework.security.web.access.intercept.FilterSecurityInterceptor.invoke(FilterSecurityInterceptor.java:126)\n	at org.springframework.security.web.access.intercept.FilterSecurityInterceptor.doFilter(FilterSecurityInterceptor.java:90)\n	at org.springframework.security.web.FilterChainProxy$VirtualFilterChain.doFilter(FilterChainProxy.java:334)\n	at org.springframework.security.web.access.ExceptionTranslationFilter.doFilter(ExceptionTranslationFilter.java:118)\n	at org.springframework.security.web.FilterChainProxy$VirtualFilterChain.doFilter(FilterChainProxy.java:334)\n	at org.springframework.security.web.session.SessionManagementFilter.doFilter(SessionManagementFilter.java:137)\n	at org.springframework.security.web.FilterChainProxy$VirtualFilterChain.doFilter(FilterChainProxy.java:334)\n	at org.springframework.security.web.authentication.AnonymousAuthenticationFilter.doFilter(AnonymousAuthenticationFilter.java:111)\n	at org.springframework.security.web.FilterChainProxy$VirtualFilterChain.doFilter(FilterChainProxy.java:334)\n	at org.springframework.security.web.servletapi.SecurityContextHolderAwareRequestFilter.doFilter(SecurityContextHolderAwareRequestFilter.java:158)\n	at org.springframework.security.web.FilterChainProxy$VirtualFilterChain.doFilter(FilterChainProxy.java:334)\n	at org.springframework.security.web.savedrequest.RequestCacheAwareFilter.doFilter(RequestCacheAwareFilter.java:63)\n	at org.springframework.security.web.FilterChainProxy$VirtualFilterChain.doFilter(FilterChainProxy.java:334)\n	at org.springframework.security.web.authentication.AbstractAuthenticationProcessingFilter.doFilter(AbstractAuthenticationProcessingFilter.java:200)\n	at org.springframework.security.web.FilterChainProxy$VirtualFilterChain.doFilter(FilterChainProxy.java:334)\n	at com.aurora.filter.JwtAuthenticationTokenFilter.doFilterInternal(JwtAuthenticationTokenFilter.java:39)\n	at org.springframework.web.filter.OncePerRequestFilter.doFilter(OncePerRequestFilter.java:119)\n	at org.springframework.security.web.FilterChainProxy$VirtualFilterChain.doFilter(FilterChainProxy.java:334)\n	at org.springframework.security.web.authentication.logout.LogoutFilter.doFilter(LogoutFilter.java:116)\n	at org.springframework.security.web.FilterChainProxy$VirtualFilterChain.doFilter(FilterChainProxy.java:334)\n	at org.springframework.security.web.header.HeaderWriterFilter.doHeadersAfter(HeaderWriterFilter.java:92)\n	at org.springframework.security.web.header.HeaderWriterFilter.doFilterInternal(HeaderWriterFilter.java:77)\n	at org.springframework.web.filter.OncePerRequestFilter.doFilter(OncePerRequestFilter.java:119)\n	at org.springframework.security.web.FilterChainProxy$VirtualFilterChain.doFilter(FilterChainProxy.java:334)\n	at org.springframework.security.web.context.SecurityContextPersistenceFilter.doFilter(SecurityContextPersistenceFilter.java:105)\n	at org.springframework.security.web.FilterChainProxy$VirtualFilterChain.doFilter(FilterChainProxy.java:334)\n	at org.springframework.security.web.context.request.async.WebAsyncManagerIntegrationFilter.doFilterInternal(WebAsyncManagerIntegrationFilter.java:56)\n	at org.springframework.web.filter.OncePerRequestFilter.doFilter(OncePerRequestFilter.java:119)\n	at org.springframework.security.web.FilterChainProxy$VirtualFilterChain.doFilter(FilterChainProxy.java:334)\n	at org.springframework.security.web.FilterChainProxy.doFilterInternal(FilterChainProxy.java:215)\n	at org.springframework.security.web.FilterChainProxy.doFilter(FilterChainProxy.java:178)\n	at org.springframework.web.filter.DelegatingFilterProxy.invokeDelegate(DelegatingFilterProxy.java:358)\n	at org.springframework.web.filter.DelegatingFilterProxy.doFilter(DelegatingFilterProxy.java:271)\n	at org.apache.catalina.core.ApplicationFilterChain.internalDoFilter(ApplicationFilterChain.java:193)\n	at org.apache.catalina.core.ApplicationFilterChain.doFilter(ApplicationFilterChain.java:166)\n	at org.springframework.web.filter.RequestContextFilter.doFilterInternal(RequestContextFilter.java:100)\n	at org.springframework.web.filter.OncePerRequestFilter.doFilter(OncePerRequestFilter.java:119)\n	at org.apache.catalina.core.ApplicationFilterChain.internalDoFilter(ApplicationFilterChain.java:193)\n	at org.apache.catalina.core.ApplicationFilterChain.doFilter(ApplicationFilterChain.java:166)\n	at org.springframework.web.filter.FormContentFilter.doFilterInternal(FormContentFilter.java:93)\n	at org.springframework.web.filter.OncePerRequestFilter.doFilter(OncePerRequestFilter.java:119)\n	at org.apache.catalina.core.ApplicationFilterChain.internalDoFilter(ApplicationFilterChain.java:193)\n	at org.apache.catalina.core.ApplicationFilterChain.doFilter(ApplicationFilterChain.java:166)\n	at org.springframework.web.filter.CharacterEncodingFilter.doFilterInternal(CharacterEncodingFilter.java:201)\n	at org.springframework.web.filter.OncePerRequestFilter.doFilter(OncePerRequestFilter.java:119)\n	at org.apache.catalina.core.ApplicationFilterChain.internalDoFilter(ApplicationFilterChain.java:193)\n	at org.apache.catalina.core.ApplicationFilterChain.doFilter(ApplicationFilterChain.java:166)\n	at org.apache.catalina.core.StandardWrapperValve.invoke(StandardWrapperValve.java:202)\n	at org.apache.catalina.core.StandardContextValve.invoke(StandardContextValve.java:97)\n	at org.apache.catalina.authenticator.AuthenticatorBase.invoke(AuthenticatorBase.java:542)\n	at org.apache.catalina.core.StandardHostValve.invoke(StandardHostValve.java:143)\n	at org.apache.catalina.valves.ErrorReportValve.invoke(ErrorReportValve.java:92)\n	at org.apache.catalina.core.StandardEngineValve.invoke(StandardEngineValve.java:78)\n	at org.apache.catalina.connector.CoyoteAdapter.service(CoyoteAdapter.java:343)\n	at org.apache.coyote.http11.Http11Processor.service(Http11Processor.java:374)\n	at org.apache.coyote.AbstractProcessorLight.process(AbstractProcessorLight.java:65)\n	at org.apache.coyote.AbstractProtocol$ConnectionHandler.process(AbstractProtocol.java:888)\n	at org.apache.tomcat.util.net.NioEndpoint$SocketProcessor.doRun(NioEndpoint.java:1597)\n	at org.apache.tomcat.util.net.SocketProcessorBase.run(SocketProcessorBase.java:49)\n	at java.util.concurrent.ThreadPoolExecutor.runWorker(ThreadPoolExecutor.java:1149)\n	at java.util.concurrent.ThreadPoolExecutor$Worker.run(ThreadPoolExecutor.java:624)\n	at org.apache.tomcat.util.threads.TaskThread$WrappingRunnable.run(TaskThread.java:61)\n	at java.lang.Thread.run(Thread.java:750)\nCaused by: java.sql.SQLSyntaxErrorException: You have an error in your SQL syntax; check the manual that corresponds to your MySQL server version for the right syntax to use near \'( PARTITION BY parent_id ORDER BY create_time ASC ) row_num\n        FROM\n       \' at line 17\n	at com.mysql.cj.jdbc.exceptions.SQLError.createSQLException(SQLError.java:120)\n	at com.mysql.cj.jdbc.exceptions.SQLError.createSQLException(SQLError.java:97)\n	at com.mysql.cj.jdbc.exceptions.SQLExceptionsMapping.translateException(SQLExceptionsMapping.java:122)\n	at com.mysql.cj.jdbc.ClientPreparedStatement.executeInternal(ClientPreparedStatement.java:953)\n	at com.mysql.cj.jdbc.ClientPreparedStatement.execute(ClientPreparedStatement.java:370)\n	at com.zaxxer.hikari.pool.ProxyPreparedStatement.execute(ProxyPreparedStatement.java:44)\n	at com.zaxxer.hikari.pool.HikariProxyPreparedStatement.execute(HikariProxyPreparedStatement.java)\n	at sun.reflect.GeneratedMethodAccessor136.invoke(Unknown Source)\n	at sun.reflect.DelegatingMethodAccessorImpl.invoke(DelegatingMethodAccessorImpl.java:43)\n	at java.lang.reflect.Method.invoke(Method.java:498)\n	at org.apache.ibatis.logging.jdbc.PreparedStatementLogger.invoke(PreparedStatementLogger.java:59)\n	at com.sun.proxy.$Proxy185.execute(Unknown Source)\n	at org.apache.ibatis.executor.statement.PreparedStatementHandler.query(PreparedStatementHandler.java:64)\n	at org.apache.ibatis.executor.statement.RoutingStatementHandler.query(RoutingStatementHandler.java:79)\n	at sun.reflect.GeneratedMethodAccessor142.invoke(Unknown Source)\n	at sun.reflect.DelegatingMethodAccessorImpl.invoke(DelegatingMethodAccessorImpl.java:43)\n	at java.lang.reflect.Method.invoke(Method.java:498)\n	at org.apache.ibatis.plugin.Plugin.invoke(Plugin.java:63)\n	at com.sun.proxy.$Proxy183.query(Unknown Source)\n	at com.baomidou.mybatisplus.core.executor.MybatisSimpleExecutor.doQuery(MybatisSimpleExecutor.java:69)\n	at org.apache.ibatis.executor.BaseExecutor.queryFromDatabase(BaseExecutor.java:325)\n	at org.apache.ibatis.executor.BaseExecutor.query(BaseExecutor.java:156)\n	at com.baomidou.mybatisplus.core.executor.MybatisCachingExecutor.query(MybatisCachingExecutor.java:165)\n	at com.baomidou.mybatisplus.extension.plugins.MybatisPlusInterceptor.intercept(MybatisPlusInterceptor.java:81)\n	at org.apache.ibatis.plugin.Plugin.invoke(Plugin.java:61)\n	at com.sun.proxy.$Proxy182.query(Unknown Source)\n	at org.apache.ibatis.session.defaults.DefaultSqlSession.selectList(DefaultSqlSession.java:147)\n	at org.apache.ibatis.session.defaults.DefaultSqlSession.selectList(DefaultSqlSession.java:140)\n	at sun.reflect.GeneratedMethodAccessor168.invoke(Unknown Source)\n	at sun.reflect.DelegatingMethodAccessorImpl.invoke(DelegatingMethodAccessorImpl.java:43)\n	at java.lang.reflect.Method.invoke(Method.java:498)\n	at org.mybatis.spring.SqlSessionTemplate$SqlSessionInterceptor.invoke(SqlSessionTemplate.java:426)\n	... 125 more\n', '172.17.0.1', '内网IP|内网IP', '2023-07-02 17:00:58');
INSERT INTO `t_exception_log` VALUES (11, '/comments', 'com.aurora.controller.CommentController.getComments', 'GET', '[{\"type\":3}]', '获取评论', 'org.springframework.jdbc.BadSqlGrammarException: \n### Error querying database.  Cause: java.sql.SQLSyntaxErrorException: You have an error in your SQL syntax; check the manual that corresponds to your MySQL server version for the right syntax to use near \'( PARTITION BY parent_id ORDER BY create_time ASC ) row_num\n        FROM\n       \' at line 17\n### The error may exist in class path resource [mapper/CommentMapper.xml]\n### The error may involve defaultParameterMap\n### The error occurred while setting parameters\n### SQL: SELECT         *         FROM         (         SELECT         c.user_id,         u.nickname,         u.avatar,         u.website,         c.reply_user_id,         r.nickname AS reply_nickname,         r.website AS reply_website,         c.id,         c.parent_id,         c.comment_content,         c.create_time,         row_number () over ( PARTITION BY parent_id ORDER BY create_time ASC ) row_num         FROM         t_comment c         JOIN t_user_info u ON c.user_id = u.id         JOIN t_user_info r ON c.reply_user_id = r.id         WHERE         c.is_review = 1         AND         parent_id IN         (                        ?          ,              ?                   )         order by c.create_time desc         ) t\n### Cause: java.sql.SQLSyntaxErrorException: You have an error in your SQL syntax; check the manual that corresponds to your MySQL server version for the right syntax to use near \'( PARTITION BY parent_id ORDER BY create_time ASC ) row_num\n        FROM\n       \' at line 17\n; bad SQL grammar []; nested exception is java.sql.SQLSyntaxErrorException: You have an error in your SQL syntax; check the manual that corresponds to your MySQL server version for the right syntax to use near \'( PARTITION BY parent_id ORDER BY create_time ASC ) row_num\n        FROM\n       \' at line 17\n	at org.springframework.jdbc.support.SQLErrorCodeSQLExceptionTranslator.doTranslate(SQLErrorCodeSQLExceptionTranslator.java:239)\n	at org.springframework.jdbc.support.AbstractFallbackSQLExceptionTranslator.translate(AbstractFallbackSQLExceptionTranslator.java:72)\n	at org.mybatis.spring.MyBatisExceptionTranslator.translateExceptionIfPossible(MyBatisExceptionTranslator.java:88)\n	at org.mybatis.spring.SqlSessionTemplate$SqlSessionInterceptor.invoke(SqlSessionTemplate.java:440)\n	at com.sun.proxy.$Proxy110.selectList(Unknown Source)\n	at org.mybatis.spring.SqlSessionTemplate.selectList(SqlSessionTemplate.java:223)\n	at com.baomidou.mybatisplus.core.override.MybatisMapperMethod.executeForMany(MybatisMapperMethod.java:173)\n	at com.baomidou.mybatisplus.core.override.MybatisMapperMethod.execute(MybatisMapperMethod.java:78)\n	at com.baomidou.mybatisplus.core.override.MybatisMapperProxy$PlainMethodInvoker.invoke(MybatisMapperProxy.java:148)\n	at com.baomidou.mybatisplus.core.override.MybatisMapperProxy.invoke(MybatisMapperProxy.java:89)\n	at com.sun.proxy.$Proxy159.listReplies(Unknown Source)\n	at sun.reflect.NativeMethodAccessorImpl.invoke0(Native Method)\n	at sun.reflect.NativeMethodAccessorImpl.invoke(NativeMethodAccessorImpl.java:62)\n	at sun.reflect.DelegatingMethodAccessorImpl.invoke(DelegatingMethodAccessorImpl.java:43)\n	at java.lang.reflect.Method.invoke(Method.java:498)\n	at org.springframework.aop.support.AopUtils.invokeJoinpointUsingReflection(AopUtils.java:344)\n	at org.springframework.aop.framework.ReflectiveMethodInvocation.invokeJoinpoint(ReflectiveMethodInvocation.java:198)\n	at org.springframework.aop.framework.ReflectiveMethodInvocation.proceed(ReflectiveMethodInvocation.java:163)\n	at org.springframework.dao.support.PersistenceExceptionTranslationInterceptor.invoke(PersistenceExceptionTranslationInterceptor.java:139)\n	at org.springframework.aop.framework.ReflectiveMethodInvocation.proceed(ReflectiveMethodInvocation.java:186)\n	at org.springframework.aop.framework.JdkDynamicAopProxy.invoke(JdkDynamicAopProxy.java:212)\n	at com.sun.proxy.$Proxy160.listReplies(Unknown Source)\n	at com.aurora.service.impl.CommentServiceImpl.listComments(CommentServiceImpl.java:119)\n	at com.aurora.service.impl.CommentServiceImpl$$FastClassBySpringCGLIB$$fea9678a.invoke(<generated>)\n	at org.springframework.cglib.proxy.MethodProxy.invoke(MethodProxy.java:218)\n	at org.springframework.aop.framework.CglibAopProxy$DynamicAdvisedInterceptor.intercept(CglibAopProxy.java:687)\n	at com.aurora.service.impl.CommentServiceImpl$$EnhancerBySpringCGLIB$$a5d03ea4.listComments(<generated>)\n	at com.aurora.controller.CommentController.getComments(CommentController.java:40)\n	at com.aurora.controller.CommentController$$FastClassBySpringCGLIB$$6d73c74a.invoke(<generated>)\n	at org.springframework.cglib.proxy.MethodProxy.invoke(MethodProxy.java:218)\n	at org.springframework.aop.framework.CglibAopProxy$CglibMethodInvocation.invokeJoinpoint(CglibAopProxy.java:771)\n	at org.springframework.aop.framework.ReflectiveMethodInvocation.proceed(ReflectiveMethodInvocation.java:163)\n	at org.springframework.aop.framework.CglibAopProxy$CglibMethodInvocation.proceed(CglibAopProxy.java:749)\n	at org.springframework.aop.aspectj.AspectJAfterThrowingAdvice.invoke(AspectJAfterThrowingAdvice.java:62)\n	at org.springframework.aop.framework.ReflectiveMethodInvocation.proceed(ReflectiveMethodInvocation.java:186)\n	at org.springframework.aop.framework.CglibAopProxy$CglibMethodInvocation.proceed(CglibAopProxy.java:749)\n	at org.springframework.aop.interceptor.ExposeInvocationInterceptor.invoke(ExposeInvocationInterceptor.java:95)\n	at org.springframework.aop.framework.ReflectiveMethodInvocation.proceed(ReflectiveMethodInvocation.java:186)\n	at org.springframework.aop.framework.CglibAopProxy$CglibMethodInvocation.proceed(CglibAopProxy.java:749)\n	at org.springframework.aop.framework.CglibAopProxy$DynamicAdvisedInterceptor.intercept(CglibAopProxy.java:691)\n	at com.aurora.controller.CommentController$$EnhancerBySpringCGLIB$$7d5a1482.getComments(<generated>)\n	at sun.reflect.GeneratedMethodAccessor435.invoke(Unknown Source)\n	at sun.reflect.DelegatingMethodAccessorImpl.invoke(DelegatingMethodAccessorImpl.java:43)\n	at java.lang.reflect.Method.invoke(Method.java:498)\n	at org.springframework.web.method.support.InvocableHandlerMethod.doInvoke(InvocableHandlerMethod.java:190)\n	at org.springframework.web.method.support.InvocableHandlerMethod.invokeForRequest(InvocableHandlerMethod.java:138)\n	at org.springframework.web.servlet.mvc.method.annotation.ServletInvocableHandlerMethod.invokeAndHandle(ServletInvocableHandlerMethod.java:105)\n	at org.springframework.web.servlet.mvc.method.annotation.RequestMappingHandlerAdapter.invokeHandlerMethod(RequestMappingHandlerAdapter.java:878)\n	at org.springframework.web.servlet.mvc.method.annotation.RequestMappingHandlerAdapter.handleInternal(RequestMappingHandlerAdapter.java:792)\n	at org.springframework.web.servlet.mvc.method.AbstractHandlerMethodAdapter.handle(AbstractHandlerMethodAdapter.java:87)\n	at org.springframework.web.servlet.DispatcherServlet.doDispatch(DispatcherServlet.java:1040)\n	at org.springframework.web.servlet.DispatcherServlet.doService(DispatcherServlet.java:943)\n	at org.springframework.web.servlet.FrameworkServlet.processRequest(FrameworkServlet.java:1006)\n	at org.springframework.web.servlet.FrameworkServlet.doGet(FrameworkServlet.java:898)\n	at javax.servlet.http.HttpServlet.service(HttpServlet.java:626)\n	at org.springframework.web.servlet.FrameworkServlet.service(FrameworkServlet.java:883)\n	at javax.servlet.http.HttpServlet.service(HttpServlet.java:733)\n	at org.apache.catalina.core.ApplicationFilterChain.internalDoFilter(ApplicationFilterChain.java:231)\n	at org.apache.catalina.core.ApplicationFilterChain.doFilter(ApplicationFilterChain.java:166)\n	at org.apache.tomcat.websocket.server.WsFilter.doFilter(WsFilter.java:53)\n	at org.apache.catalina.core.ApplicationFilterChain.internalDoFilter(ApplicationFilterChain.java:193)\n	at org.apache.catalina.core.ApplicationFilterChain.doFilter(ApplicationFilterChain.java:166)\n	at org.springframework.web.filter.OncePerRequestFilter.doFilter(OncePerRequestFilter.java:113)\n	at org.apache.catalina.core.ApplicationFilterChain.internalDoFilter(ApplicationFilterChain.java:193)\n	at org.apache.catalina.core.ApplicationFilterChain.doFilter(ApplicationFilterChain.java:166)\n	at org.springframework.security.web.FilterChainProxy$VirtualFilterChain.doFilter(FilterChainProxy.java:320)\n	at org.springframework.security.web.access.intercept.FilterSecurityInterceptor.invoke(FilterSecurityInterceptor.java:126)\n	at org.springframework.security.web.access.intercept.FilterSecurityInterceptor.doFilter(FilterSecurityInterceptor.java:90)\n	at org.springframework.security.web.FilterChainProxy$VirtualFilterChain.doFilter(FilterChainProxy.java:334)\n	at org.springframework.security.web.access.ExceptionTranslationFilter.doFilter(ExceptionTranslationFilter.java:118)\n	at org.springframework.security.web.FilterChainProxy$VirtualFilterChain.doFilter(FilterChainProxy.java:334)\n	at org.springframework.security.web.session.SessionManagementFilter.doFilter(SessionManagementFilter.java:137)\n	at org.springframework.security.web.FilterChainProxy$VirtualFilterChain.doFilter(FilterChainProxy.java:334)\n	at org.springframework.security.web.authentication.AnonymousAuthenticationFilter.doFilter(AnonymousAuthenticationFilter.java:111)\n	at org.springframework.security.web.FilterChainProxy$VirtualFilterChain.doFilter(FilterChainProxy.java:334)\n	at org.springframework.security.web.servletapi.SecurityContextHolderAwareRequestFilter.doFilter(SecurityContextHolderAwareRequestFilter.java:158)\n	at org.springframework.security.web.FilterChainProxy$VirtualFilterChain.doFilter(FilterChainProxy.java:334)\n	at org.springframework.security.web.savedrequest.RequestCacheAwareFilter.doFilter(RequestCacheAwareFilter.java:63)\n	at org.springframework.security.web.FilterChainProxy$VirtualFilterChain.doFilter(FilterChainProxy.java:334)\n	at org.springframework.security.web.authentication.AbstractAuthenticationProcessingFilter.doFilter(AbstractAuthenticationProcessingFilter.java:200)\n	at org.springframework.security.web.FilterChainProxy$VirtualFilterChain.doFilter(FilterChainProxy.java:334)\n	at com.aurora.filter.JwtAuthenticationTokenFilter.doFilterInternal(JwtAuthenticationTokenFilter.java:39)\n	at org.springframework.web.filter.OncePerRequestFilter.doFilter(OncePerRequestFilter.java:119)\n	at org.springframework.security.web.FilterChainProxy$VirtualFilterChain.doFilter(FilterChainProxy.java:334)\n	at org.springframework.security.web.authentication.logout.LogoutFilter.doFilter(LogoutFilter.java:116)\n	at org.springframework.security.web.FilterChainProxy$VirtualFilterChain.doFilter(FilterChainProxy.java:334)\n	at org.springframework.security.web.header.HeaderWriterFilter.doHeadersAfter(HeaderWriterFilter.java:92)\n	at org.springframework.security.web.header.HeaderWriterFilter.doFilterInternal(HeaderWriterFilter.java:77)\n	at org.springframework.web.filter.OncePerRequestFilter.doFilter(OncePerRequestFilter.java:119)\n	at org.springframework.security.web.FilterChainProxy$VirtualFilterChain.doFilter(FilterChainProxy.java:334)\n	at org.springframework.security.web.context.SecurityContextPersistenceFilter.doFilter(SecurityContextPersistenceFilter.java:105)\n	at org.springframework.security.web.FilterChainProxy$VirtualFilterChain.doFilter(FilterChainProxy.java:334)\n	at org.springframework.security.web.context.request.async.WebAsyncManagerIntegrationFilter.doFilterInternal(WebAsyncManagerIntegrationFilter.java:56)\n	at org.springframework.web.filter.OncePerRequestFilter.doFilter(OncePerRequestFilter.java:119)\n	at org.springframework.security.web.FilterChainProxy$VirtualFilterChain.doFilter(FilterChainProxy.java:334)\n	at org.springframework.security.web.FilterChainProxy.doFilterInternal(FilterChainProxy.java:215)\n	at org.springframework.security.web.FilterChainProxy.doFilter(FilterChainProxy.java:178)\n	at org.springframework.web.filter.DelegatingFilterProxy.invokeDelegate(DelegatingFilterProxy.java:358)\n	at org.springframework.web.filter.DelegatingFilterProxy.doFilter(DelegatingFilterProxy.java:271)\n	at org.apache.catalina.core.ApplicationFilterChain.internalDoFilter(ApplicationFilterChain.java:193)\n	at org.apache.catalina.core.ApplicationFilterChain.doFilter(ApplicationFilterChain.java:166)\n	at org.springframework.web.filter.RequestContextFilter.doFilterInternal(RequestContextFilter.java:100)\n	at org.springframework.web.filter.OncePerRequestFilter.doFilter(OncePerRequestFilter.java:119)\n	at org.apache.catalina.core.ApplicationFilterChain.internalDoFilter(ApplicationFilterChain.java:193)\n	at org.apache.catalina.core.ApplicationFilterChain.doFilter(ApplicationFilterChain.java:166)\n	at org.springframework.web.filter.FormContentFilter.doFilterInternal(FormContentFilter.java:93)\n	at org.springframework.web.filter.OncePerRequestFilter.doFilter(OncePerRequestFilter.java:119)\n	at org.apache.catalina.core.ApplicationFilterChain.internalDoFilter(ApplicationFilterChain.java:193)\n	at org.apache.catalina.core.ApplicationFilterChain.doFilter(ApplicationFilterChain.java:166)\n	at org.springframework.web.filter.CharacterEncodingFilter.doFilterInternal(CharacterEncodingFilter.java:201)\n	at org.springframework.web.filter.OncePerRequestFilter.doFilter(OncePerRequestFilter.java:119)\n	at org.apache.catalina.core.ApplicationFilterChain.internalDoFilter(ApplicationFilterChain.java:193)\n	at org.apache.catalina.core.ApplicationFilterChain.doFilter(ApplicationFilterChain.java:166)\n	at org.apache.catalina.core.StandardWrapperValve.invoke(StandardWrapperValve.java:202)\n	at org.apache.catalina.core.StandardContextValve.invoke(StandardContextValve.java:97)\n	at org.apache.catalina.authenticator.AuthenticatorBase.invoke(AuthenticatorBase.java:542)\n	at org.apache.catalina.core.StandardHostValve.invoke(StandardHostValve.java:143)\n	at org.apache.catalina.valves.ErrorReportValve.invoke(ErrorReportValve.java:92)\n	at org.apache.catalina.core.StandardEngineValve.invoke(StandardEngineValve.java:78)\n	at org.apache.catalina.connector.CoyoteAdapter.service(CoyoteAdapter.java:343)\n	at org.apache.coyote.http11.Http11Processor.service(Http11Processor.java:374)\n	at org.apache.coyote.AbstractProcessorLight.process(AbstractProcessorLight.java:65)\n	at org.apache.coyote.AbstractProtocol$ConnectionHandler.process(AbstractProtocol.java:888)\n	at org.apache.tomcat.util.net.NioEndpoint$SocketProcessor.doRun(NioEndpoint.java:1597)\n	at org.apache.tomcat.util.net.SocketProcessorBase.run(SocketProcessorBase.java:49)\n	at java.util.concurrent.ThreadPoolExecutor.runWorker(ThreadPoolExecutor.java:1149)\n	at java.util.concurrent.ThreadPoolExecutor$Worker.run(ThreadPoolExecutor.java:624)\n	at org.apache.tomcat.util.threads.TaskThread$WrappingRunnable.run(TaskThread.java:61)\n	at java.lang.Thread.run(Thread.java:750)\nCaused by: java.sql.SQLSyntaxErrorException: You have an error in your SQL syntax; check the manual that corresponds to your MySQL server version for the right syntax to use near \'( PARTITION BY parent_id ORDER BY create_time ASC ) row_num\n        FROM\n       \' at line 17\n	at com.mysql.cj.jdbc.exceptions.SQLError.createSQLException(SQLError.java:120)\n	at com.mysql.cj.jdbc.exceptions.SQLError.createSQLException(SQLError.java:97)\n	at com.mysql.cj.jdbc.exceptions.SQLExceptionsMapping.translateException(SQLExceptionsMapping.java:122)\n	at com.mysql.cj.jdbc.ClientPreparedStatement.executeInternal(ClientPreparedStatement.java:953)\n	at com.mysql.cj.jdbc.ClientPreparedStatement.execute(ClientPreparedStatement.java:370)\n	at com.zaxxer.hikari.pool.ProxyPreparedStatement.execute(ProxyPreparedStatement.java:44)\n	at com.zaxxer.hikari.pool.HikariProxyPreparedStatement.execute(HikariProxyPreparedStatement.java)\n	at sun.reflect.GeneratedMethodAccessor136.invoke(Unknown Source)\n	at sun.reflect.DelegatingMethodAccessorImpl.invoke(DelegatingMethodAccessorImpl.java:43)\n	at java.lang.reflect.Method.invoke(Method.java:498)\n	at org.apache.ibatis.logging.jdbc.PreparedStatementLogger.invoke(PreparedStatementLogger.java:59)\n	at com.sun.proxy.$Proxy185.execute(Unknown Source)\n	at org.apache.ibatis.executor.statement.PreparedStatementHandler.query(PreparedStatementHandler.java:64)\n	at org.apache.ibatis.executor.statement.RoutingStatementHandler.query(RoutingStatementHandler.java:79)\n	at sun.reflect.GeneratedMethodAccessor142.invoke(Unknown Source)\n	at sun.reflect.DelegatingMethodAccessorImpl.invoke(DelegatingMethodAccessorImpl.java:43)\n	at java.lang.reflect.Method.invoke(Method.java:498)\n	at org.apache.ibatis.plugin.Plugin.invoke(Plugin.java:63)\n	at com.sun.proxy.$Proxy183.query(Unknown Source)\n	at com.baomidou.mybatisplus.core.executor.MybatisSimpleExecutor.doQuery(MybatisSimpleExecutor.java:69)\n	at org.apache.ibatis.executor.BaseExecutor.queryFromDatabase(BaseExecutor.java:325)\n	at org.apache.ibatis.executor.BaseExecutor.query(BaseExecutor.java:156)\n	at com.baomidou.mybatisplus.core.executor.MybatisCachingExecutor.query(MybatisCachingExecutor.java:165)\n	at com.baomidou.mybatisplus.extension.plugins.MybatisPlusInterceptor.intercept(MybatisPlusInterceptor.java:81)\n	at org.apache.ibatis.plugin.Plugin.invoke(Plugin.java:61)\n	at com.sun.proxy.$Proxy182.query(Unknown Source)\n	at org.apache.ibatis.session.defaults.DefaultSqlSession.selectList(DefaultSqlSession.java:147)\n	at org.apache.ibatis.session.defaults.DefaultSqlSession.selectList(DefaultSqlSession.java:140)\n	at sun.reflect.GeneratedMethodAccessor168.invoke(Unknown Source)\n	at sun.reflect.DelegatingMethodAccessorImpl.invoke(DelegatingMethodAccessorImpl.java:43)\n	at java.lang.reflect.Method.invoke(Method.java:498)\n	at org.mybatis.spring.SqlSessionTemplate$SqlSessionInterceptor.invoke(SqlSessionTemplate.java:426)\n	... 125 more\n', '172.17.0.1', '内网IP|内网IP', '2023-07-02 17:00:58');
INSERT INTO `t_exception_log` VALUES (12, '/comments', 'com.aurora.controller.CommentController.getComments', 'GET', '[{\"type\":3}]', '获取评论', 'org.springframework.jdbc.BadSqlGrammarException: \n### Error querying database.  Cause: java.sql.SQLSyntaxErrorException: You have an error in your SQL syntax; check the manual that corresponds to your MySQL server version for the right syntax to use near \'( PARTITION BY parent_id ORDER BY create_time ASC ) row_num\n        FROM\n       \' at line 17\n### The error may exist in class path resource [mapper/CommentMapper.xml]\n### The error may involve defaultParameterMap\n### The error occurred while setting parameters\n### SQL: SELECT         *         FROM         (         SELECT         c.user_id,         u.nickname,         u.avatar,         u.website,         c.reply_user_id,         r.nickname AS reply_nickname,         r.website AS reply_website,         c.id,         c.parent_id,         c.comment_content,         c.create_time,         row_number () over ( PARTITION BY parent_id ORDER BY create_time ASC ) row_num         FROM         t_comment c         JOIN t_user_info u ON c.user_id = u.id         JOIN t_user_info r ON c.reply_user_id = r.id         WHERE         c.is_review = 1         AND         parent_id IN         (                        ?                   )         order by c.create_time desc         ) t\n### Cause: java.sql.SQLSyntaxErrorException: You have an error in your SQL syntax; check the manual that corresponds to your MySQL server version for the right syntax to use near \'( PARTITION BY parent_id ORDER BY create_time ASC ) row_num\n        FROM\n       \' at line 17\n; bad SQL grammar []; nested exception is java.sql.SQLSyntaxErrorException: You have an error in your SQL syntax; check the manual that corresponds to your MySQL server version for the right syntax to use near \'( PARTITION BY parent_id ORDER BY create_time ASC ) row_num\n        FROM\n       \' at line 17\n	at org.springframework.jdbc.support.SQLErrorCodeSQLExceptionTranslator.doTranslate(SQLErrorCodeSQLExceptionTranslator.java:239)\n	at org.springframework.jdbc.support.AbstractFallbackSQLExceptionTranslator.translate(AbstractFallbackSQLExceptionTranslator.java:72)\n	at org.mybatis.spring.MyBatisExceptionTranslator.translateExceptionIfPossible(MyBatisExceptionTranslator.java:88)\n	at org.mybatis.spring.SqlSessionTemplate$SqlSessionInterceptor.invoke(SqlSessionTemplate.java:440)\n	at com.sun.proxy.$Proxy110.selectList(Unknown Source)\n	at org.mybatis.spring.SqlSessionTemplate.selectList(SqlSessionTemplate.java:223)\n	at com.baomidou.mybatisplus.core.override.MybatisMapperMethod.executeForMany(MybatisMapperMethod.java:173)\n	at com.baomidou.mybatisplus.core.override.MybatisMapperMethod.execute(MybatisMapperMethod.java:78)\n	at com.baomidou.mybatisplus.core.override.MybatisMapperProxy$PlainMethodInvoker.invoke(MybatisMapperProxy.java:148)\n	at com.baomidou.mybatisplus.core.override.MybatisMapperProxy.invoke(MybatisMapperProxy.java:89)\n	at com.sun.proxy.$Proxy159.listReplies(Unknown Source)\n	at sun.reflect.NativeMethodAccessorImpl.invoke0(Native Method)\n	at sun.reflect.NativeMethodAccessorImpl.invoke(NativeMethodAccessorImpl.java:62)\n	at sun.reflect.DelegatingMethodAccessorImpl.invoke(DelegatingMethodAccessorImpl.java:43)\n	at java.lang.reflect.Method.invoke(Method.java:498)\n	at org.springframework.aop.support.AopUtils.invokeJoinpointUsingReflection(AopUtils.java:344)\n	at org.springframework.aop.framework.ReflectiveMethodInvocation.invokeJoinpoint(ReflectiveMethodInvocation.java:198)\n	at org.springframework.aop.framework.ReflectiveMethodInvocation.proceed(ReflectiveMethodInvocation.java:163)\n	at org.springframework.dao.support.PersistenceExceptionTranslationInterceptor.invoke(PersistenceExceptionTranslationInterceptor.java:139)\n	at org.springframework.aop.framework.ReflectiveMethodInvocation.proceed(ReflectiveMethodInvocation.java:186)\n	at org.springframework.aop.framework.JdkDynamicAopProxy.invoke(JdkDynamicAopProxy.java:212)\n	at com.sun.proxy.$Proxy160.listReplies(Unknown Source)\n	at com.aurora.service.impl.CommentServiceImpl.listComments(CommentServiceImpl.java:119)\n	at com.aurora.service.impl.CommentServiceImpl$$FastClassBySpringCGLIB$$fea9678a.invoke(<generated>)\n	at org.springframework.cglib.proxy.MethodProxy.invoke(MethodProxy.java:218)\n	at org.springframework.aop.framework.CglibAopProxy$DynamicAdvisedInterceptor.intercept(CglibAopProxy.java:687)\n	at com.aurora.service.impl.CommentServiceImpl$$EnhancerBySpringCGLIB$$a5d03ea4.listComments(<generated>)\n	at com.aurora.controller.CommentController.getComments(CommentController.java:40)\n	at com.aurora.controller.CommentController$$FastClassBySpringCGLIB$$6d73c74a.invoke(<generated>)\n	at org.springframework.cglib.proxy.MethodProxy.invoke(MethodProxy.java:218)\n	at org.springframework.aop.framework.CglibAopProxy$CglibMethodInvocation.invokeJoinpoint(CglibAopProxy.java:771)\n	at org.springframework.aop.framework.ReflectiveMethodInvocation.proceed(ReflectiveMethodInvocation.java:163)\n	at org.springframework.aop.framework.CglibAopProxy$CglibMethodInvocation.proceed(CglibAopProxy.java:749)\n	at org.springframework.aop.aspectj.AspectJAfterThrowingAdvice.invoke(AspectJAfterThrowingAdvice.java:62)\n	at org.springframework.aop.framework.ReflectiveMethodInvocation.proceed(ReflectiveMethodInvocation.java:186)\n	at org.springframework.aop.framework.CglibAopProxy$CglibMethodInvocation.proceed(CglibAopProxy.java:749)\n	at org.springframework.aop.interceptor.ExposeInvocationInterceptor.invoke(ExposeInvocationInterceptor.java:95)\n	at org.springframework.aop.framework.ReflectiveMethodInvocation.proceed(ReflectiveMethodInvocation.java:186)\n	at org.springframework.aop.framework.CglibAopProxy$CglibMethodInvocation.proceed(CglibAopProxy.java:749)\n	at org.springframework.aop.framework.CglibAopProxy$DynamicAdvisedInterceptor.intercept(CglibAopProxy.java:691)\n	at com.aurora.controller.CommentController$$EnhancerBySpringCGLIB$$7d5a1482.getComments(<generated>)\n	at sun.reflect.GeneratedMethodAccessor435.invoke(Unknown Source)\n	at sun.reflect.DelegatingMethodAccessorImpl.invoke(DelegatingMethodAccessorImpl.java:43)\n	at java.lang.reflect.Method.invoke(Method.java:498)\n	at org.springframework.web.method.support.InvocableHandlerMethod.doInvoke(InvocableHandlerMethod.java:190)\n	at org.springframework.web.method.support.InvocableHandlerMethod.invokeForRequest(InvocableHandlerMethod.java:138)\n	at org.springframework.web.servlet.mvc.method.annotation.ServletInvocableHandlerMethod.invokeAndHandle(ServletInvocableHandlerMethod.java:105)\n	at org.springframework.web.servlet.mvc.method.annotation.RequestMappingHandlerAdapter.invokeHandlerMethod(RequestMappingHandlerAdapter.java:878)\n	at org.springframework.web.servlet.mvc.method.annotation.RequestMappingHandlerAdapter.handleInternal(RequestMappingHandlerAdapter.java:792)\n	at org.springframework.web.servlet.mvc.method.AbstractHandlerMethodAdapter.handle(AbstractHandlerMethodAdapter.java:87)\n	at org.springframework.web.servlet.DispatcherServlet.doDispatch(DispatcherServlet.java:1040)\n	at org.springframework.web.servlet.DispatcherServlet.doService(DispatcherServlet.java:943)\n	at org.springframework.web.servlet.FrameworkServlet.processRequest(FrameworkServlet.java:1006)\n	at org.springframework.web.servlet.FrameworkServlet.doGet(FrameworkServlet.java:898)\n	at javax.servlet.http.HttpServlet.service(HttpServlet.java:626)\n	at org.springframework.web.servlet.FrameworkServlet.service(FrameworkServlet.java:883)\n	at javax.servlet.http.HttpServlet.service(HttpServlet.java:733)\n	at org.apache.catalina.core.ApplicationFilterChain.internalDoFilter(ApplicationFilterChain.java:231)\n	at org.apache.catalina.core.ApplicationFilterChain.doFilter(ApplicationFilterChain.java:166)\n	at org.apache.tomcat.websocket.server.WsFilter.doFilter(WsFilter.java:53)\n	at org.apache.catalina.core.ApplicationFilterChain.internalDoFilter(ApplicationFilterChain.java:193)\n	at org.apache.catalina.core.ApplicationFilterChain.doFilter(ApplicationFilterChain.java:166)\n	at org.springframework.web.filter.OncePerRequestFilter.doFilter(OncePerRequestFilter.java:113)\n	at org.apache.catalina.core.ApplicationFilterChain.internalDoFilter(ApplicationFilterChain.java:193)\n	at org.apache.catalina.core.ApplicationFilterChain.doFilter(ApplicationFilterChain.java:166)\n	at org.springframework.security.web.FilterChainProxy$VirtualFilterChain.doFilter(FilterChainProxy.java:320)\n	at org.springframework.security.web.access.intercept.FilterSecurityInterceptor.invoke(FilterSecurityInterceptor.java:126)\n	at org.springframework.security.web.access.intercept.FilterSecurityInterceptor.doFilter(FilterSecurityInterceptor.java:90)\n	at org.springframework.security.web.FilterChainProxy$VirtualFilterChain.doFilter(FilterChainProxy.java:334)\n	at org.springframework.security.web.access.ExceptionTranslationFilter.doFilter(ExceptionTranslationFilter.java:118)\n	at org.springframework.security.web.FilterChainProxy$VirtualFilterChain.doFilter(FilterChainProxy.java:334)\n	at org.springframework.security.web.session.SessionManagementFilter.doFilter(SessionManagementFilter.java:137)\n	at org.springframework.security.web.FilterChainProxy$VirtualFilterChain.doFilter(FilterChainProxy.java:334)\n	at org.springframework.security.web.authentication.AnonymousAuthenticationFilter.doFilter(AnonymousAuthenticationFilter.java:111)\n	at org.springframework.security.web.FilterChainProxy$VirtualFilterChain.doFilter(FilterChainProxy.java:334)\n	at org.springframework.security.web.servletapi.SecurityContextHolderAwareRequestFilter.doFilter(SecurityContextHolderAwareRequestFilter.java:158)\n	at org.springframework.security.web.FilterChainProxy$VirtualFilterChain.doFilter(FilterChainProxy.java:334)\n	at org.springframework.security.web.savedrequest.RequestCacheAwareFilter.doFilter(RequestCacheAwareFilter.java:63)\n	at org.springframework.security.web.FilterChainProxy$VirtualFilterChain.doFilter(FilterChainProxy.java:334)\n	at org.springframework.security.web.authentication.AbstractAuthenticationProcessingFilter.doFilter(AbstractAuthenticationProcessingFilter.java:200)\n	at org.springframework.security.web.FilterChainProxy$VirtualFilterChain.doFilter(FilterChainProxy.java:334)\n	at com.aurora.filter.JwtAuthenticationTokenFilter.doFilterInternal(JwtAuthenticationTokenFilter.java:39)\n	at org.springframework.web.filter.OncePerRequestFilter.doFilter(OncePerRequestFilter.java:119)\n	at org.springframework.security.web.FilterChainProxy$VirtualFilterChain.doFilter(FilterChainProxy.java:334)\n	at org.springframework.security.web.authentication.logout.LogoutFilter.doFilter(LogoutFilter.java:116)\n	at org.springframework.security.web.FilterChainProxy$VirtualFilterChain.doFilter(FilterChainProxy.java:334)\n	at org.springframework.security.web.header.HeaderWriterFilter.doHeadersAfter(HeaderWriterFilter.java:92)\n	at org.springframework.security.web.header.HeaderWriterFilter.doFilterInternal(HeaderWriterFilter.java:77)\n	at org.springframework.web.filter.OncePerRequestFilter.doFilter(OncePerRequestFilter.java:119)\n	at org.springframework.security.web.FilterChainProxy$VirtualFilterChain.doFilter(FilterChainProxy.java:334)\n	at org.springframework.security.web.context.SecurityContextPersistenceFilter.doFilter(SecurityContextPersistenceFilter.java:105)\n	at org.springframework.security.web.FilterChainProxy$VirtualFilterChain.doFilter(FilterChainProxy.java:334)\n	at org.springframework.security.web.context.request.async.WebAsyncManagerIntegrationFilter.doFilterInternal(WebAsyncManagerIntegrationFilter.java:56)\n	at org.springframework.web.filter.OncePerRequestFilter.doFilter(OncePerRequestFilter.java:119)\n	at org.springframework.security.web.FilterChainProxy$VirtualFilterChain.doFilter(FilterChainProxy.java:334)\n	at org.springframework.security.web.FilterChainProxy.doFilterInternal(FilterChainProxy.java:215)\n	at org.springframework.security.web.FilterChainProxy.doFilter(FilterChainProxy.java:178)\n	at org.springframework.web.filter.DelegatingFilterProxy.invokeDelegate(DelegatingFilterProxy.java:358)\n	at org.springframework.web.filter.DelegatingFilterProxy.doFilter(DelegatingFilterProxy.java:271)\n	at org.apache.catalina.core.ApplicationFilterChain.internalDoFilter(ApplicationFilterChain.java:193)\n	at org.apache.catalina.core.ApplicationFilterChain.doFilter(ApplicationFilterChain.java:166)\n	at org.springframework.web.filter.RequestContextFilter.doFilterInternal(RequestContextFilter.java:100)\n	at org.springframework.web.filter.OncePerRequestFilter.doFilter(OncePerRequestFilter.java:119)\n	at org.apache.catalina.core.ApplicationFilterChain.internalDoFilter(ApplicationFilterChain.java:193)\n	at org.apache.catalina.core.ApplicationFilterChain.doFilter(ApplicationFilterChain.java:166)\n	at org.springframework.web.filter.FormContentFilter.doFilterInternal(FormContentFilter.java:93)\n	at org.springframework.web.filter.OncePerRequestFilter.doFilter(OncePerRequestFilter.java:119)\n	at org.apache.catalina.core.ApplicationFilterChain.internalDoFilter(ApplicationFilterChain.java:193)\n	at org.apache.catalina.core.ApplicationFilterChain.doFilter(ApplicationFilterChain.java:166)\n	at org.springframework.web.filter.CharacterEncodingFilter.doFilterInternal(CharacterEncodingFilter.java:201)\n	at org.springframework.web.filter.OncePerRequestFilter.doFilter(OncePerRequestFilter.java:119)\n	at org.apache.catalina.core.ApplicationFilterChain.internalDoFilter(ApplicationFilterChain.java:193)\n	at org.apache.catalina.core.ApplicationFilterChain.doFilter(ApplicationFilterChain.java:166)\n	at org.apache.catalina.core.StandardWrapperValve.invoke(StandardWrapperValve.java:202)\n	at org.apache.catalina.core.StandardContextValve.invoke(StandardContextValve.java:97)\n	at org.apache.catalina.authenticator.AuthenticatorBase.invoke(AuthenticatorBase.java:542)\n	at org.apache.catalina.core.StandardHostValve.invoke(StandardHostValve.java:143)\n	at org.apache.catalina.valves.ErrorReportValve.invoke(ErrorReportValve.java:92)\n	at org.apache.catalina.core.StandardEngineValve.invoke(StandardEngineValve.java:78)\n	at org.apache.catalina.connector.CoyoteAdapter.service(CoyoteAdapter.java:343)\n	at org.apache.coyote.http11.Http11Processor.service(Http11Processor.java:374)\n	at org.apache.coyote.AbstractProcessorLight.process(AbstractProcessorLight.java:65)\n	at org.apache.coyote.AbstractProtocol$ConnectionHandler.process(AbstractProtocol.java:888)\n	at org.apache.tomcat.util.net.NioEndpoint$SocketProcessor.doRun(NioEndpoint.java:1597)\n	at org.apache.tomcat.util.net.SocketProcessorBase.run(SocketProcessorBase.java:49)\n	at java.util.concurrent.ThreadPoolExecutor.runWorker(ThreadPoolExecutor.java:1149)\n	at java.util.concurrent.ThreadPoolExecutor$Worker.run(ThreadPoolExecutor.java:624)\n	at org.apache.tomcat.util.threads.TaskThread$WrappingRunnable.run(TaskThread.java:61)\n	at java.lang.Thread.run(Thread.java:750)\nCaused by: java.sql.SQLSyntaxErrorException: You have an error in your SQL syntax; check the manual that corresponds to your MySQL server version for the right syntax to use near \'( PARTITION BY parent_id ORDER BY create_time ASC ) row_num\n        FROM\n       \' at line 17\n	at com.mysql.cj.jdbc.exceptions.SQLError.createSQLException(SQLError.java:120)\n	at com.mysql.cj.jdbc.exceptions.SQLError.createSQLException(SQLError.java:97)\n	at com.mysql.cj.jdbc.exceptions.SQLExceptionsMapping.translateException(SQLExceptionsMapping.java:122)\n	at com.mysql.cj.jdbc.ClientPreparedStatement.executeInternal(ClientPreparedStatement.java:953)\n	at com.mysql.cj.jdbc.ClientPreparedStatement.execute(ClientPreparedStatement.java:370)\n	at com.zaxxer.hikari.pool.ProxyPreparedStatement.execute(ProxyPreparedStatement.java:44)\n	at com.zaxxer.hikari.pool.HikariProxyPreparedStatement.execute(HikariProxyPreparedStatement.java)\n	at sun.reflect.GeneratedMethodAccessor136.invoke(Unknown Source)\n	at sun.reflect.DelegatingMethodAccessorImpl.invoke(DelegatingMethodAccessorImpl.java:43)\n	at java.lang.reflect.Method.invoke(Method.java:498)\n	at org.apache.ibatis.logging.jdbc.PreparedStatementLogger.invoke(PreparedStatementLogger.java:59)\n	at com.sun.proxy.$Proxy185.execute(Unknown Source)\n	at org.apache.ibatis.executor.statement.PreparedStatementHandler.query(PreparedStatementHandler.java:64)\n	at org.apache.ibatis.executor.statement.RoutingStatementHandler.query(RoutingStatementHandler.java:79)\n	at sun.reflect.GeneratedMethodAccessor142.invoke(Unknown Source)\n	at sun.reflect.DelegatingMethodAccessorImpl.invoke(DelegatingMethodAccessorImpl.java:43)\n	at java.lang.reflect.Method.invoke(Method.java:498)\n	at org.apache.ibatis.plugin.Plugin.invoke(Plugin.java:63)\n	at com.sun.proxy.$Proxy183.query(Unknown Source)\n	at com.baomidou.mybatisplus.core.executor.MybatisSimpleExecutor.doQuery(MybatisSimpleExecutor.java:69)\n	at org.apache.ibatis.executor.BaseExecutor.queryFromDatabase(BaseExecutor.java:325)\n	at org.apache.ibatis.executor.BaseExecutor.query(BaseExecutor.java:156)\n	at com.baomidou.mybatisplus.core.executor.MybatisCachingExecutor.query(MybatisCachingExecutor.java:165)\n	at com.baomidou.mybatisplus.extension.plugins.MybatisPlusInterceptor.intercept(MybatisPlusInterceptor.java:81)\n	at org.apache.ibatis.plugin.Plugin.invoke(Plugin.java:61)\n	at com.sun.proxy.$Proxy182.query(Unknown Source)\n	at org.apache.ibatis.session.defaults.DefaultSqlSession.selectList(DefaultSqlSession.java:147)\n	at org.apache.ibatis.session.defaults.DefaultSqlSession.selectList(DefaultSqlSession.java:140)\n	at sun.reflect.GeneratedMethodAccessor168.invoke(Unknown Source)\n	at sun.reflect.DelegatingMethodAccessorImpl.invoke(DelegatingMethodAccessorImpl.java:43)\n	at java.lang.reflect.Method.invoke(Method.java:498)\n	at org.mybatis.spring.SqlSessionTemplate$SqlSessionInterceptor.invoke(SqlSessionTemplate.java:426)\n	... 125 more\n', '172.17.0.1', '内网IP|内网IP', '2023-07-02 17:10:37');
INSERT INTO `t_exception_log` VALUES (13, '/comments', 'com.aurora.controller.CommentController.getComments', 'GET', '[{\"type\":3}]', '获取评论', 'org.springframework.jdbc.BadSqlGrammarException: \n### Error querying database.  Cause: java.sql.SQLSyntaxErrorException: You have an error in your SQL syntax; check the manual that corresponds to your MySQL server version for the right syntax to use near \'( PARTITION BY parent_id ORDER BY create_time ASC ) row_num\n        FROM\n       \' at line 17\n### The error may exist in class path resource [mapper/CommentMapper.xml]\n### The error may involve defaultParameterMap\n### The error occurred while setting parameters\n### SQL: SELECT         *         FROM         (         SELECT         c.user_id,         u.nickname,         u.avatar,         u.website,         c.reply_user_id,         r.nickname AS reply_nickname,         r.website AS reply_website,         c.id,         c.parent_id,         c.comment_content,         c.create_time,         row_number () over ( PARTITION BY parent_id ORDER BY create_time ASC ) row_num         FROM         t_comment c         JOIN t_user_info u ON c.user_id = u.id         JOIN t_user_info r ON c.reply_user_id = r.id         WHERE         c.is_review = 1         AND         parent_id IN         (                        ?                   )         order by c.create_time desc         ) t\n### Cause: java.sql.SQLSyntaxErrorException: You have an error in your SQL syntax; check the manual that corresponds to your MySQL server version for the right syntax to use near \'( PARTITION BY parent_id ORDER BY create_time ASC ) row_num\n        FROM\n       \' at line 17\n; bad SQL grammar []; nested exception is java.sql.SQLSyntaxErrorException: You have an error in your SQL syntax; check the manual that corresponds to your MySQL server version for the right syntax to use near \'( PARTITION BY parent_id ORDER BY create_time ASC ) row_num\n        FROM\n       \' at line 17\n	at org.springframework.jdbc.support.SQLErrorCodeSQLExceptionTranslator.doTranslate(SQLErrorCodeSQLExceptionTranslator.java:239)\n	at org.springframework.jdbc.support.AbstractFallbackSQLExceptionTranslator.translate(AbstractFallbackSQLExceptionTranslator.java:72)\n	at org.mybatis.spring.MyBatisExceptionTranslator.translateExceptionIfPossible(MyBatisExceptionTranslator.java:88)\n	at org.mybatis.spring.SqlSessionTemplate$SqlSessionInterceptor.invoke(SqlSessionTemplate.java:440)\n	at com.sun.proxy.$Proxy110.selectList(Unknown Source)\n	at org.mybatis.spring.SqlSessionTemplate.selectList(SqlSessionTemplate.java:223)\n	at com.baomidou.mybatisplus.core.override.MybatisMapperMethod.executeForMany(MybatisMapperMethod.java:173)\n	at com.baomidou.mybatisplus.core.override.MybatisMapperMethod.execute(MybatisMapperMethod.java:78)\n	at com.baomidou.mybatisplus.core.override.MybatisMapperProxy$PlainMethodInvoker.invoke(MybatisMapperProxy.java:148)\n	at com.baomidou.mybatisplus.core.override.MybatisMapperProxy.invoke(MybatisMapperProxy.java:89)\n	at com.sun.proxy.$Proxy159.listReplies(Unknown Source)\n	at sun.reflect.NativeMethodAccessorImpl.invoke0(Native Method)\n	at sun.reflect.NativeMethodAccessorImpl.invoke(NativeMethodAccessorImpl.java:62)\n	at sun.reflect.DelegatingMethodAccessorImpl.invoke(DelegatingMethodAccessorImpl.java:43)\n	at java.lang.reflect.Method.invoke(Method.java:498)\n	at org.springframework.aop.support.AopUtils.invokeJoinpointUsingReflection(AopUtils.java:344)\n	at org.springframework.aop.framework.ReflectiveMethodInvocation.invokeJoinpoint(ReflectiveMethodInvocation.java:198)\n	at org.springframework.aop.framework.ReflectiveMethodInvocation.proceed(ReflectiveMethodInvocation.java:163)\n	at org.springframework.dao.support.PersistenceExceptionTranslationInterceptor.invoke(PersistenceExceptionTranslationInterceptor.java:139)\n	at org.springframework.aop.framework.ReflectiveMethodInvocation.proceed(ReflectiveMethodInvocation.java:186)\n	at org.springframework.aop.framework.JdkDynamicAopProxy.invoke(JdkDynamicAopProxy.java:212)\n	at com.sun.proxy.$Proxy160.listReplies(Unknown Source)\n	at com.aurora.service.impl.CommentServiceImpl.listComments(CommentServiceImpl.java:119)\n	at com.aurora.service.impl.CommentServiceImpl$$FastClassBySpringCGLIB$$fea9678a.invoke(<generated>)\n	at org.springframework.cglib.proxy.MethodProxy.invoke(MethodProxy.java:218)\n	at org.springframework.aop.framework.CglibAopProxy$DynamicAdvisedInterceptor.intercept(CglibAopProxy.java:687)\n	at com.aurora.service.impl.CommentServiceImpl$$EnhancerBySpringCGLIB$$a5d03ea4.listComments(<generated>)\n	at com.aurora.controller.CommentController.getComments(CommentController.java:40)\n	at com.aurora.controller.CommentController$$FastClassBySpringCGLIB$$6d73c74a.invoke(<generated>)\n	at org.springframework.cglib.proxy.MethodProxy.invoke(MethodProxy.java:218)\n	at org.springframework.aop.framework.CglibAopProxy$CglibMethodInvocation.invokeJoinpoint(CglibAopProxy.java:771)\n	at org.springframework.aop.framework.ReflectiveMethodInvocation.proceed(ReflectiveMethodInvocation.java:163)\n	at org.springframework.aop.framework.CglibAopProxy$CglibMethodInvocation.proceed(CglibAopProxy.java:749)\n	at org.springframework.aop.aspectj.AspectJAfterThrowingAdvice.invoke(AspectJAfterThrowingAdvice.java:62)\n	at org.springframework.aop.framework.ReflectiveMethodInvocation.proceed(ReflectiveMethodInvocation.java:186)\n	at org.springframework.aop.framework.CglibAopProxy$CglibMethodInvocation.proceed(CglibAopProxy.java:749)\n	at org.springframework.aop.interceptor.ExposeInvocationInterceptor.invoke(ExposeInvocationInterceptor.java:95)\n	at org.springframework.aop.framework.ReflectiveMethodInvocation.proceed(ReflectiveMethodInvocation.java:186)\n	at org.springframework.aop.framework.CglibAopProxy$CglibMethodInvocation.proceed(CglibAopProxy.java:749)\n	at org.springframework.aop.framework.CglibAopProxy$DynamicAdvisedInterceptor.intercept(CglibAopProxy.java:691)\n	at com.aurora.controller.CommentController$$EnhancerBySpringCGLIB$$7d5a1482.getComments(<generated>)\n	at sun.reflect.GeneratedMethodAccessor435.invoke(Unknown Source)\n	at sun.reflect.DelegatingMethodAccessorImpl.invoke(DelegatingMethodAccessorImpl.java:43)\n	at java.lang.reflect.Method.invoke(Method.java:498)\n	at org.springframework.web.method.support.InvocableHandlerMethod.doInvoke(InvocableHandlerMethod.java:190)\n	at org.springframework.web.method.support.InvocableHandlerMethod.invokeForRequest(InvocableHandlerMethod.java:138)\n	at org.springframework.web.servlet.mvc.method.annotation.ServletInvocableHandlerMethod.invokeAndHandle(ServletInvocableHandlerMethod.java:105)\n	at org.springframework.web.servlet.mvc.method.annotation.RequestMappingHandlerAdapter.invokeHandlerMethod(RequestMappingHandlerAdapter.java:878)\n	at org.springframework.web.servlet.mvc.method.annotation.RequestMappingHandlerAdapter.handleInternal(RequestMappingHandlerAdapter.java:792)\n	at org.springframework.web.servlet.mvc.method.AbstractHandlerMethodAdapter.handle(AbstractHandlerMethodAdapter.java:87)\n	at org.springframework.web.servlet.DispatcherServlet.doDispatch(DispatcherServlet.java:1040)\n	at org.springframework.web.servlet.DispatcherServlet.doService(DispatcherServlet.java:943)\n	at org.springframework.web.servlet.FrameworkServlet.processRequest(FrameworkServlet.java:1006)\n	at org.springframework.web.servlet.FrameworkServlet.doGet(FrameworkServlet.java:898)\n	at javax.servlet.http.HttpServlet.service(HttpServlet.java:626)\n	at org.springframework.web.servlet.FrameworkServlet.service(FrameworkServlet.java:883)\n	at javax.servlet.http.HttpServlet.service(HttpServlet.java:733)\n	at org.apache.catalina.core.ApplicationFilterChain.internalDoFilter(ApplicationFilterChain.java:231)\n	at org.apache.catalina.core.ApplicationFilterChain.doFilter(ApplicationFilterChain.java:166)\n	at org.apache.tomcat.websocket.server.WsFilter.doFilter(WsFilter.java:53)\n	at org.apache.catalina.core.ApplicationFilterChain.internalDoFilter(ApplicationFilterChain.java:193)\n	at org.apache.catalina.core.ApplicationFilterChain.doFilter(ApplicationFilterChain.java:166)\n	at org.springframework.web.filter.OncePerRequestFilter.doFilter(OncePerRequestFilter.java:113)\n	at org.apache.catalina.core.ApplicationFilterChain.internalDoFilter(ApplicationFilterChain.java:193)\n	at org.apache.catalina.core.ApplicationFilterChain.doFilter(ApplicationFilterChain.java:166)\n	at org.springframework.security.web.FilterChainProxy$VirtualFilterChain.doFilter(FilterChainProxy.java:320)\n	at org.springframework.security.web.access.intercept.FilterSecurityInterceptor.invoke(FilterSecurityInterceptor.java:126)\n	at org.springframework.security.web.access.intercept.FilterSecurityInterceptor.doFilter(FilterSecurityInterceptor.java:90)\n	at org.springframework.security.web.FilterChainProxy$VirtualFilterChain.doFilter(FilterChainProxy.java:334)\n	at org.springframework.security.web.access.ExceptionTranslationFilter.doFilter(ExceptionTranslationFilter.java:118)\n	at org.springframework.security.web.FilterChainProxy$VirtualFilterChain.doFilter(FilterChainProxy.java:334)\n	at org.springframework.security.web.session.SessionManagementFilter.doFilter(SessionManagementFilter.java:137)\n	at org.springframework.security.web.FilterChainProxy$VirtualFilterChain.doFilter(FilterChainProxy.java:334)\n	at org.springframework.security.web.authentication.AnonymousAuthenticationFilter.doFilter(AnonymousAuthenticationFilter.java:111)\n	at org.springframework.security.web.FilterChainProxy$VirtualFilterChain.doFilter(FilterChainProxy.java:334)\n	at org.springframework.security.web.servletapi.SecurityContextHolderAwareRequestFilter.doFilter(SecurityContextHolderAwareRequestFilter.java:158)\n	at org.springframework.security.web.FilterChainProxy$VirtualFilterChain.doFilter(FilterChainProxy.java:334)\n	at org.springframework.security.web.savedrequest.RequestCacheAwareFilter.doFilter(RequestCacheAwareFilter.java:63)\n	at org.springframework.security.web.FilterChainProxy$VirtualFilterChain.doFilter(FilterChainProxy.java:334)\n	at org.springframework.security.web.authentication.AbstractAuthenticationProcessingFilter.doFilter(AbstractAuthenticationProcessingFilter.java:200)\n	at org.springframework.security.web.FilterChainProxy$VirtualFilterChain.doFilter(FilterChainProxy.java:334)\n	at com.aurora.filter.JwtAuthenticationTokenFilter.doFilterInternal(JwtAuthenticationTokenFilter.java:39)\n	at org.springframework.web.filter.OncePerRequestFilter.doFilter(OncePerRequestFilter.java:119)\n	at org.springframework.security.web.FilterChainProxy$VirtualFilterChain.doFilter(FilterChainProxy.java:334)\n	at org.springframework.security.web.authentication.logout.LogoutFilter.doFilter(LogoutFilter.java:116)\n	at org.springframework.security.web.FilterChainProxy$VirtualFilterChain.doFilter(FilterChainProxy.java:334)\n	at org.springframework.security.web.header.HeaderWriterFilter.doHeadersAfter(HeaderWriterFilter.java:92)\n	at org.springframework.security.web.header.HeaderWriterFilter.doFilterInternal(HeaderWriterFilter.java:77)\n	at org.springframework.web.filter.OncePerRequestFilter.doFilter(OncePerRequestFilter.java:119)\n	at org.springframework.security.web.FilterChainProxy$VirtualFilterChain.doFilter(FilterChainProxy.java:334)\n	at org.springframework.security.web.context.SecurityContextPersistenceFilter.doFilter(SecurityContextPersistenceFilter.java:105)\n	at org.springframework.security.web.FilterChainProxy$VirtualFilterChain.doFilter(FilterChainProxy.java:334)\n	at org.springframework.security.web.context.request.async.WebAsyncManagerIntegrationFilter.doFilterInternal(WebAsyncManagerIntegrationFilter.java:56)\n	at org.springframework.web.filter.OncePerRequestFilter.doFilter(OncePerRequestFilter.java:119)\n	at org.springframework.security.web.FilterChainProxy$VirtualFilterChain.doFilter(FilterChainProxy.java:334)\n	at org.springframework.security.web.FilterChainProxy.doFilterInternal(FilterChainProxy.java:215)\n	at org.springframework.security.web.FilterChainProxy.doFilter(FilterChainProxy.java:178)\n	at org.springframework.web.filter.DelegatingFilterProxy.invokeDelegate(DelegatingFilterProxy.java:358)\n	at org.springframework.web.filter.DelegatingFilterProxy.doFilter(DelegatingFilterProxy.java:271)\n	at org.apache.catalina.core.ApplicationFilterChain.internalDoFilter(ApplicationFilterChain.java:193)\n	at org.apache.catalina.core.ApplicationFilterChain.doFilter(ApplicationFilterChain.java:166)\n	at org.springframework.web.filter.RequestContextFilter.doFilterInternal(RequestContextFilter.java:100)\n	at org.springframework.web.filter.OncePerRequestFilter.doFilter(OncePerRequestFilter.java:119)\n	at org.apache.catalina.core.ApplicationFilterChain.internalDoFilter(ApplicationFilterChain.java:193)\n	at org.apache.catalina.core.ApplicationFilterChain.doFilter(ApplicationFilterChain.java:166)\n	at org.springframework.web.filter.FormContentFilter.doFilterInternal(FormContentFilter.java:93)\n	at org.springframework.web.filter.OncePerRequestFilter.doFilter(OncePerRequestFilter.java:119)\n	at org.apache.catalina.core.ApplicationFilterChain.internalDoFilter(ApplicationFilterChain.java:193)\n	at org.apache.catalina.core.ApplicationFilterChain.doFilter(ApplicationFilterChain.java:166)\n	at org.springframework.web.filter.CharacterEncodingFilter.doFilterInternal(CharacterEncodingFilter.java:201)\n	at org.springframework.web.filter.OncePerRequestFilter.doFilter(OncePerRequestFilter.java:119)\n	at org.apache.catalina.core.ApplicationFilterChain.internalDoFilter(ApplicationFilterChain.java:193)\n	at org.apache.catalina.core.ApplicationFilterChain.doFilter(ApplicationFilterChain.java:166)\n	at org.apache.catalina.core.StandardWrapperValve.invoke(StandardWrapperValve.java:202)\n	at org.apache.catalina.core.StandardContextValve.invoke(StandardContextValve.java:97)\n	at org.apache.catalina.authenticator.AuthenticatorBase.invoke(AuthenticatorBase.java:542)\n	at org.apache.catalina.core.StandardHostValve.invoke(StandardHostValve.java:143)\n	at org.apache.catalina.valves.ErrorReportValve.invoke(ErrorReportValve.java:92)\n	at org.apache.catalina.core.StandardEngineValve.invoke(StandardEngineValve.java:78)\n	at org.apache.catalina.connector.CoyoteAdapter.service(CoyoteAdapter.java:343)\n	at org.apache.coyote.http11.Http11Processor.service(Http11Processor.java:374)\n	at org.apache.coyote.AbstractProcessorLight.process(AbstractProcessorLight.java:65)\n	at org.apache.coyote.AbstractProtocol$ConnectionHandler.process(AbstractProtocol.java:888)\n	at org.apache.tomcat.util.net.NioEndpoint$SocketProcessor.doRun(NioEndpoint.java:1597)\n	at org.apache.tomcat.util.net.SocketProcessorBase.run(SocketProcessorBase.java:49)\n	at java.util.concurrent.ThreadPoolExecutor.runWorker(ThreadPoolExecutor.java:1149)\n	at java.util.concurrent.ThreadPoolExecutor$Worker.run(ThreadPoolExecutor.java:624)\n	at org.apache.tomcat.util.threads.TaskThread$WrappingRunnable.run(TaskThread.java:61)\n	at java.lang.Thread.run(Thread.java:750)\nCaused by: java.sql.SQLSyntaxErrorException: You have an error in your SQL syntax; check the manual that corresponds to your MySQL server version for the right syntax to use near \'( PARTITION BY parent_id ORDER BY create_time ASC ) row_num\n        FROM\n       \' at line 17\n	at com.mysql.cj.jdbc.exceptions.SQLError.createSQLException(SQLError.java:120)\n	at com.mysql.cj.jdbc.exceptions.SQLError.createSQLException(SQLError.java:97)\n	at com.mysql.cj.jdbc.exceptions.SQLExceptionsMapping.translateException(SQLExceptionsMapping.java:122)\n	at com.mysql.cj.jdbc.ClientPreparedStatement.executeInternal(ClientPreparedStatement.java:953)\n	at com.mysql.cj.jdbc.ClientPreparedStatement.execute(ClientPreparedStatement.java:370)\n	at com.zaxxer.hikari.pool.ProxyPreparedStatement.execute(ProxyPreparedStatement.java:44)\n	at com.zaxxer.hikari.pool.HikariProxyPreparedStatement.execute(HikariProxyPreparedStatement.java)\n	at sun.reflect.GeneratedMethodAccessor136.invoke(Unknown Source)\n	at sun.reflect.DelegatingMethodAccessorImpl.invoke(DelegatingMethodAccessorImpl.java:43)\n	at java.lang.reflect.Method.invoke(Method.java:498)\n	at org.apache.ibatis.logging.jdbc.PreparedStatementLogger.invoke(PreparedStatementLogger.java:59)\n	at com.sun.proxy.$Proxy185.execute(Unknown Source)\n	at org.apache.ibatis.executor.statement.PreparedStatementHandler.query(PreparedStatementHandler.java:64)\n	at org.apache.ibatis.executor.statement.RoutingStatementHandler.query(RoutingStatementHandler.java:79)\n	at sun.reflect.GeneratedMethodAccessor142.invoke(Unknown Source)\n	at sun.reflect.DelegatingMethodAccessorImpl.invoke(DelegatingMethodAccessorImpl.java:43)\n	at java.lang.reflect.Method.invoke(Method.java:498)\n	at org.apache.ibatis.plugin.Plugin.invoke(Plugin.java:63)\n	at com.sun.proxy.$Proxy183.query(Unknown Source)\n	at com.baomidou.mybatisplus.core.executor.MybatisSimpleExecutor.doQuery(MybatisSimpleExecutor.java:69)\n	at org.apache.ibatis.executor.BaseExecutor.queryFromDatabase(BaseExecutor.java:325)\n	at org.apache.ibatis.executor.BaseExecutor.query(BaseExecutor.java:156)\n	at com.baomidou.mybatisplus.core.executor.MybatisCachingExecutor.query(MybatisCachingExecutor.java:165)\n	at com.baomidou.mybatisplus.extension.plugins.MybatisPlusInterceptor.intercept(MybatisPlusInterceptor.java:81)\n	at org.apache.ibatis.plugin.Plugin.invoke(Plugin.java:61)\n	at com.sun.proxy.$Proxy182.query(Unknown Source)\n	at org.apache.ibatis.session.defaults.DefaultSqlSession.selectList(DefaultSqlSession.java:147)\n	at org.apache.ibatis.session.defaults.DefaultSqlSession.selectList(DefaultSqlSession.java:140)\n	at sun.reflect.GeneratedMethodAccessor168.invoke(Unknown Source)\n	at sun.reflect.DelegatingMethodAccessorImpl.invoke(DelegatingMethodAccessorImpl.java:43)\n	at java.lang.reflect.Method.invoke(Method.java:498)\n	at org.mybatis.spring.SqlSessionTemplate$SqlSessionInterceptor.invoke(SqlSessionTemplate.java:426)\n	... 125 more\n', '172.17.0.1', '内网IP|内网IP', '2023-07-02 17:10:41');

-- ----------------------------
-- Table structure for t_friend_link
-- ----------------------------
DROP TABLE IF EXISTS `t_friend_link`;
CREATE TABLE `t_friend_link`  (
  `id` int(11) NOT NULL AUTO_INCREMENT,
  `link_name` varchar(20) CHARACTER SET utf8mb4 COLLATE utf8mb4_general_ci NOT NULL COMMENT '链接名',
  `link_avatar` varchar(255) CHARACTER SET utf8mb4 COLLATE utf8mb4_general_ci NOT NULL COMMENT '链接头像',
  `link_address` varchar(50) CHARACTER SET utf8mb4 COLLATE utf8mb4_general_ci NOT NULL COMMENT '链接地址',
  `link_intro` varchar(100) CHARACTER SET utf8mb4 COLLATE utf8mb4_general_ci NOT NULL COMMENT '链接介绍',
  `create_time` datetime(0) NOT NULL COMMENT '创建时间',
  `update_time` datetime(0) NULL DEFAULT NULL COMMENT '更新时间',
  PRIMARY KEY (`id`) USING BTREE,
  INDEX `fk_friend_link_user`(`link_name`) USING BTREE
) ENGINE = InnoDB AUTO_INCREMENT = 1 CHARACTER SET = utf8mb4 COLLATE = utf8mb4_general_ci ROW_FORMAT = DYNAMIC;

-- ----------------------------
-- Records of t_friend_link
-- ----------------------------

-- ----------------------------
-- Table structure for t_job
-- ----------------------------
DROP TABLE IF EXISTS `t_job`;
CREATE TABLE `t_job`  (
  `id` int(11) NOT NULL AUTO_INCREMENT COMMENT '任务ID',
  `job_name` varchar(64) CHARACTER SET utf8mb4 COLLATE utf8mb4_general_ci NOT NULL DEFAULT '' COMMENT '任务名称',
  `job_group` varchar(64) CHARACTER SET utf8mb4 COLLATE utf8mb4_general_ci NOT NULL DEFAULT 'DEFAULT' COMMENT '任务组名',
  `invoke_target` varchar(500) CHARACTER SET utf8mb4 COLLATE utf8mb4_general_ci NOT NULL COMMENT '调用目标字符串',
  `cron_expression` varchar(255) CHARACTER SET utf8mb4 COLLATE utf8mb4_general_ci NULL DEFAULT '' COMMENT 'cron执行表达式',
  `misfire_policy` tinyint(1) NULL DEFAULT 3 COMMENT '计划执行错误策略（1立即执行 2执行一次 3放弃执行）',
  `concurrent` tinyint(1) NULL DEFAULT 1 COMMENT '是否并发执行（0禁止 1允许）',
  `status` tinyint(1) NULL DEFAULT 0 COMMENT '状态（0暂停 1正常）',
  `create_time` datetime(0) NOT NULL COMMENT '创建时间',
  `update_time` datetime(0) NULL DEFAULT NULL COMMENT '更新时间',
  `remark` varchar(500) CHARACTER SET utf8mb4 COLLATE utf8mb4_general_ci NULL DEFAULT '' COMMENT '备注信息',
  PRIMARY KEY (`id`, `job_name`, `job_group`) USING BTREE
) ENGINE = InnoDB AUTO_INCREMENT = 86 CHARACTER SET = utf8mb4 COLLATE = utf8mb4_general_ci COMMENT = '定时任务调度表' ROW_FORMAT = DYNAMIC;

-- ----------------------------
-- Records of t_job
-- ----------------------------
INSERT INTO `t_job` VALUES (81, '统计用户地域分布', '默认', 'auroraQuartz.statisticalUserArea', '0 0,30 * * * ?', 3, 1, 1, '2022-08-11 21:49:27', '2022-08-13 08:49:47', '统计用户的地域分布');
INSERT INTO `t_job` VALUES (82, '统计访问量', '默认', 'auroraQuartz.saveUniqueView', '0 0 0 * * ?', 3, 1, 1, '2022-08-12 16:35:11', NULL, '向数据库中写入每天的访问量');
INSERT INTO `t_job` VALUES (83, '清空redis访客记录', '默认', 'auroraQuartz.clear', '0 0 1 * * ?', 3, 1, 1, '2022-08-12 16:36:30', '2022-08-13 08:47:48', '清空redis访客记录');
INSERT INTO `t_job` VALUES (84, '百度SEO', '默认', 'auroraQuartz.baiduSeo', '0 0/10 * * * ?', 3, 1, 1, '2022-08-13 21:19:08', '2022-08-19 14:13:52', '百度SEO');
INSERT INTO `t_job` VALUES (85, '清理定时任务日志', '默认', 'auroraQuartz.clearJobLogs', '0 0 0 * * ?', 3, 1, 1, '2022-08-13 21:26:21', NULL, '清理定时任务日志');

-- ----------------------------
-- Table structure for t_job_log
-- ----------------------------
DROP TABLE IF EXISTS `t_job_log`;
CREATE TABLE `t_job_log`  (
  `id` int(11) NOT NULL AUTO_INCREMENT COMMENT '任务日志ID',
  `job_id` int(11) NOT NULL COMMENT '任务ID',
  `job_name` varchar(64) CHARACTER SET utf8mb4 COLLATE utf8mb4_general_ci NOT NULL COMMENT '任务名称',
  `job_group` varchar(64) CHARACTER SET utf8mb4 COLLATE utf8mb4_general_ci NOT NULL COMMENT '任务组名',
  `invoke_target` varchar(500) CHARACTER SET utf8mb4 COLLATE utf8mb4_general_ci NOT NULL COMMENT '调用目标字符串',
  `job_message` varchar(500) CHARACTER SET utf8mb4 COLLATE utf8mb4_general_ci NULL DEFAULT NULL COMMENT '日志信息',
  `status` tinyint(1) NULL DEFAULT 0 COMMENT '执行状态（0正常 1失败）',
  `exception_info` varchar(2000) CHARACTER SET utf8mb4 COLLATE utf8mb4_general_ci NULL DEFAULT '' COMMENT '异常信息',
  `create_time` datetime(0) NULL DEFAULT NULL COMMENT '创建时间',
  `start_time` datetime(0) NULL DEFAULT NULL COMMENT '开始时间',
  `end_time` datetime(0) NULL DEFAULT NULL COMMENT '结束时间',
  PRIMARY KEY (`id`) USING BTREE
) ENGINE = InnoDB AUTO_INCREMENT = 7046 CHARACTER SET = utf8mb4 COLLATE = utf8mb4_general_ci COMMENT = '定时任务调度日志表' ROW_FORMAT = DYNAMIC;

-- ----------------------------
-- Records of t_job_log
-- ----------------------------
INSERT INTO `t_job_log` VALUES (7007, 85, '????????', '??', 'auroraQuartz.clearJobLogs', '???????? ?????24??', 1, '', '2023-07-09 00:00:00', '2023-07-09 00:00:00', '2023-07-09 00:00:00');
INSERT INTO `t_job_log` VALUES (7008, 81, '????????', '??', 'auroraQuartz.statisticalUserArea', '???????? ?????28??', 1, '', '2023-07-09 00:00:00', '2023-07-09 00:00:00', '2023-07-09 00:00:00');
INSERT INTO `t_job_log` VALUES (7009, 82, '?????', '??', 'auroraQuartz.saveUniqueView', '????? ?????31??', 1, '', '2023-07-09 00:00:00', '2023-07-09 00:00:00', '2023-07-09 00:00:00');
INSERT INTO `t_job_log` VALUES (7010, 84, '??SEO', '??', 'auroraQuartz.baiduSeo', '??SEO ?????403??', 1, '', '2023-07-09 00:00:00', '2023-07-09 00:00:00', '2023-07-09 00:00:00');
INSERT INTO `t_job_log` VALUES (7011, 81, '统计用户地域分布', '默认', 'auroraQuartz.statisticalUserArea', '统计用户地域分布 总共耗时：16毫秒', 1, '', '2023-07-03 17:00:00', '2023-07-03 17:00:00', '2023-07-03 17:00:00');
INSERT INTO `t_job_log` VALUES (7012, 84, '百度SEO', '默认', 'auroraQuartz.baiduSeo', '百度SEO 总共耗时：427毫秒', 1, '', '2023-07-03 17:00:00', '2023-07-03 17:00:00', '2023-07-03 17:00:00');
INSERT INTO `t_job_log` VALUES (7013, 84, '??SEO', '??', 'auroraQuartz.baiduSeo', '??SEO ?????376??', 1, '', '2023-07-09 00:10:00', '2023-07-09 00:10:00', '2023-07-09 00:10:00');
INSERT INTO `t_job_log` VALUES (7014, 84, '百度SEO', '默认', 'auroraQuartz.baiduSeo', '百度SEO 总共耗时：423毫秒', 1, '', '2023-07-03 17:10:00', '2023-07-03 17:10:00', '2023-07-03 17:10:00');
INSERT INTO `t_job_log` VALUES (7015, 84, '??SEO', '??', 'auroraQuartz.baiduSeo', '??SEO ?????374??', 1, '', '2023-07-09 00:20:00', '2023-07-09 00:20:00', '2023-07-09 00:20:00');
INSERT INTO `t_job_log` VALUES (7016, 84, '百度SEO', '默认', 'auroraQuartz.baiduSeo', '百度SEO 总共耗时：425毫秒', 1, '', '2023-07-03 17:20:00', '2023-07-03 17:20:00', '2023-07-03 17:20:00');
INSERT INTO `t_job_log` VALUES (7017, 81, '????????', '??', 'auroraQuartz.statisticalUserArea', '???????? ?????20??', 1, '', '2023-07-09 00:30:00', '2023-07-09 00:30:00', '2023-07-09 00:30:00');
INSERT INTO `t_job_log` VALUES (7018, 84, '??SEO', '??', 'auroraQuartz.baiduSeo', '??SEO ?????394??', 1, '', '2023-07-09 00:30:00', '2023-07-09 00:30:00', '2023-07-09 00:30:00');
INSERT INTO `t_job_log` VALUES (7019, 81, '统计用户地域分布', '默认', 'auroraQuartz.statisticalUserArea', '统计用户地域分布 总共耗时：14毫秒', 1, '', '2023-07-03 17:30:00', '2023-07-03 17:30:00', '2023-07-03 17:30:00');
INSERT INTO `t_job_log` VALUES (7020, 84, '百度SEO', '默认', 'auroraQuartz.baiduSeo', '百度SEO 总共耗时：463毫秒', 1, '', '2023-07-03 17:30:00', '2023-07-03 17:30:00', '2023-07-03 17:30:00');
INSERT INTO `t_job_log` VALUES (7021, 84, '??SEO', '??', 'auroraQuartz.baiduSeo', '??SEO ?????379??', 1, '', '2023-07-09 00:40:00', '2023-07-09 00:40:00', '2023-07-09 00:40:00');
INSERT INTO `t_job_log` VALUES (7022, 84, '百度SEO', '默认', 'auroraQuartz.baiduSeo', '百度SEO 总共耗时：411毫秒', 1, '', '2023-07-03 17:40:00', '2023-07-03 17:40:00', '2023-07-03 17:40:00');
INSERT INTO `t_job_log` VALUES (7023, 84, '??SEO', '??', 'auroraQuartz.baiduSeo', '??SEO ?????381??', 1, '', '2023-07-09 00:50:00', '2023-07-09 00:50:00', '2023-07-09 00:50:00');
INSERT INTO `t_job_log` VALUES (7024, 84, '百度SEO', '默认', 'auroraQuartz.baiduSeo', '百度SEO 总共耗时：388毫秒', 1, '', '2023-07-03 17:50:00', '2023-07-03 17:50:00', '2023-07-03 17:50:00');
INSERT INTO `t_job_log` VALUES (7025, 81, '统计用户地域分布', '默认', 'auroraQuartz.statisticalUserArea', '统计用户地域分布 总共耗时：12毫秒', 1, '', '2023-07-03 18:00:00', '2023-07-03 18:00:00', '2023-07-03 18:00:00');
INSERT INTO `t_job_log` VALUES (7026, 84, '百度SEO', '默认', 'auroraQuartz.baiduSeo', '百度SEO 总共耗时：397毫秒', 1, '', '2023-07-03 18:00:00', '2023-07-03 18:00:00', '2023-07-03 18:00:00');
INSERT INTO `t_job_log` VALUES (7027, 81, '????????', '??', 'auroraQuartz.statisticalUserArea', '???????? ?????35??', 1, '', '2023-07-09 01:00:00', '2023-07-09 01:00:00', '2023-07-09 01:00:00');
INSERT INTO `t_job_log` VALUES (7028, 83, '??redis????', '??', 'auroraQuartz.clear', '??redis???? ?????68??', 1, '', '2023-07-09 01:00:00', '2023-07-09 01:00:00', '2023-07-09 01:00:00');
INSERT INTO `t_job_log` VALUES (7029, 84, '??SEO', '??', 'auroraQuartz.baiduSeo', '??SEO ?????331??', 1, '', '2023-07-09 01:00:00', '2023-07-09 01:00:00', '2023-07-09 01:00:00');
INSERT INTO `t_job_log` VALUES (7030, 84, '百度SEO', '默认', 'auroraQuartz.baiduSeo', '百度SEO 总共耗时：366毫秒', 1, '', '2023-07-03 18:10:00', '2023-07-03 18:10:00', '2023-07-03 18:10:00');
INSERT INTO `t_job_log` VALUES (7031, 84, '??SEO', '??', 'auroraQuartz.baiduSeo', '??SEO ?????387??', 1, '', '2023-07-09 01:10:00', '2023-07-09 01:10:00', '2023-07-09 01:10:00');
INSERT INTO `t_job_log` VALUES (7032, 84, '??SEO', '??', 'auroraQuartz.baiduSeo', '??SEO ?????389??', 1, '', '2023-07-09 01:20:00', '2023-07-09 01:20:00', '2023-07-09 01:20:00');
INSERT INTO `t_job_log` VALUES (7033, 81, '????????', '??', 'auroraQuartz.statisticalUserArea', '???????? ?????16??', 1, '', '2023-07-09 01:30:00', '2023-07-09 01:30:00', '2023-07-09 01:30:00');
INSERT INTO `t_job_log` VALUES (7034, 84, '??SEO', '??', 'auroraQuartz.baiduSeo', '??SEO ?????332??', 1, '', '2023-07-09 01:30:00', '2023-07-09 01:30:00', '2023-07-09 01:30:00');
INSERT INTO `t_job_log` VALUES (7035, 84, '??SEO', '??', 'auroraQuartz.baiduSeo', '??SEO ?????489??', 1, '', '2023-07-09 01:40:00', '2023-07-09 01:40:00', '2023-07-09 01:40:00');
INSERT INTO `t_job_log` VALUES (7036, 84, '??SEO', '??', 'auroraQuartz.baiduSeo', '??SEO ?????396??', 1, '', '2023-07-09 01:50:00', '2023-07-09 01:50:00', '2023-07-09 01:50:00');
INSERT INTO `t_job_log` VALUES (7037, 81, '????????', '??', 'auroraQuartz.statisticalUserArea', '???????? ?????32??', 1, '', '2023-07-09 02:00:00', '2023-07-09 02:00:00', '2023-07-09 02:00:00');
INSERT INTO `t_job_log` VALUES (7038, 84, '??SEO', '??', 'auroraQuartz.baiduSeo', '??SEO ?????399??', 1, '', '2023-07-09 02:00:00', '2023-07-09 02:00:00', '2023-07-09 02:00:00');
INSERT INTO `t_job_log` VALUES (7039, 84, '??SEO', '??', 'auroraQuartz.baiduSeo', '??SEO ?????378??', 1, '', '2023-07-09 02:10:00', '2023-07-09 02:10:00', '2023-07-09 02:10:00');
INSERT INTO `t_job_log` VALUES (7040, 84, '??SEO', '??', 'auroraQuartz.baiduSeo', '??SEO ?????393??', 1, '', '2023-07-09 02:20:00', '2023-07-09 02:20:00', '2023-07-09 02:20:00');
INSERT INTO `t_job_log` VALUES (7041, 81, '????????', '??', 'auroraQuartz.statisticalUserArea', '???????? ?????23??', 1, '', '2023-07-09 02:30:00', '2023-07-09 02:30:00', '2023-07-09 02:30:00');
INSERT INTO `t_job_log` VALUES (7042, 84, '??SEO', '??', 'auroraQuartz.baiduSeo', '??SEO ?????416??', 1, '', '2023-07-09 02:30:00', '2023-07-09 02:30:00', '2023-07-09 02:30:00');
INSERT INTO `t_job_log` VALUES (7043, 84, '??SEO', '??', 'auroraQuartz.baiduSeo', '??SEO ?????386??', 1, '', '2023-07-09 10:50:00', '2023-07-09 10:50:00', '2023-07-09 10:50:00');
INSERT INTO `t_job_log` VALUES (7044, 81, '????????', '??', 'auroraQuartz.statisticalUserArea', '???????? ?????28??', 1, '', '2023-07-09 11:00:00', '2023-07-09 11:00:00', '2023-07-09 11:00:00');
INSERT INTO `t_job_log` VALUES (7045, 84, '??SEO', '??', 'auroraQuartz.baiduSeo', '??SEO ?????357??', 1, '', '2023-07-09 11:00:00', '2023-07-09 11:00:00', '2023-07-09 11:00:00');

-- ----------------------------
-- Table structure for t_menu
-- ----------------------------
DROP TABLE IF EXISTS `t_menu`;
CREATE TABLE `t_menu`  (
  `id` int(11) NOT NULL AUTO_INCREMENT COMMENT '主键',
  `name` varchar(20) CHARACTER SET utf8mb4 COLLATE utf8mb4_general_ci NOT NULL COMMENT '菜单名',
  `path` varchar(50) CHARACTER SET utf8mb4 COLLATE utf8mb4_general_ci NOT NULL COMMENT '菜单路径',
  `component` varchar(50) CHARACTER SET utf8mb4 COLLATE utf8mb4_general_ci NOT NULL COMMENT '组件',
  `icon` varchar(50) CHARACTER SET utf8mb4 COLLATE utf8mb4_general_ci NOT NULL COMMENT '菜单icon',
  `create_time` datetime(0) NOT NULL COMMENT '创建时间',
  `update_time` datetime(0) NULL DEFAULT NULL COMMENT '更新时间',
  `order_num` tinyint(1) NOT NULL COMMENT '排序',
  `parent_id` int(11) NULL DEFAULT NULL COMMENT '父id',
  `is_hidden` tinyint(1) NOT NULL DEFAULT 0 COMMENT '是否隐藏  0否1是',
  PRIMARY KEY (`id`) USING BTREE
) ENGINE = InnoDB AUTO_INCREMENT = 226 CHARACTER SET = utf8mb4 COLLATE = utf8mb4_general_ci ROW_FORMAT = DYNAMIC;

-- ----------------------------
-- Records of t_menu
-- ----------------------------
INSERT INTO `t_menu` VALUES (1, '首页', '/', '/home/Home.vue', 'el-icon-myshouye', '2021-01-26 17:06:51', '2022-07-27 16:33:11', 1, NULL, 0);
INSERT INTO `t_menu` VALUES (2, '文章管理', '/article-submenu', 'Layout', 'el-icon-mywenzhang-copy', '2021-01-25 20:43:07', '2022-07-27 16:32:55', 2, NULL, 0);
INSERT INTO `t_menu` VALUES (3, '消息管理', '/message-submenu', 'Layout', 'el-icon-myxiaoxi', '2021-01-25 20:44:17', '2022-07-27 16:32:57', 3, NULL, 0);
INSERT INTO `t_menu` VALUES (4, '系统管理', '/system-submenu', 'Layout', 'el-icon-myshezhi', '2021-01-25 20:45:57', '2021-01-25 20:45:59', 5, NULL, 0);
INSERT INTO `t_menu` VALUES (5, '个人中心', '/setting', '/setting/Setting.vue', 'el-icon-myuser', '2021-01-26 17:22:38', '2021-01-26 17:22:41', 7, NULL, 0);
INSERT INTO `t_menu` VALUES (6, '发布文章', '/articles', '/article/Article.vue', 'el-icon-myfabiaowenzhang', '2021-01-26 14:30:48', '2021-01-26 14:30:51', 1, 2, 0);
INSERT INTO `t_menu` VALUES (7, '修改文章', '/articles/*', '/article/Article.vue', 'el-icon-myfabiaowenzhang', '2021-01-26 14:31:32', '2022-07-28 16:28:06', 2, 2, 1);
INSERT INTO `t_menu` VALUES (8, '文章列表', '/article-list', '/article/ArticleList.vue', 'el-icon-mywenzhangliebiao', '2021-01-26 14:32:13', '2021-01-26 14:32:16', 3, 2, 0);
INSERT INTO `t_menu` VALUES (9, '分类管理', '/categories', '/category/Category.vue', 'el-icon-myfenlei', '2021-01-26 14:33:42', '2021-01-26 14:33:43', 4, 2, 0);
INSERT INTO `t_menu` VALUES (10, '标签管理', '/tags', '/tag/Tag.vue', 'el-icon-myicontag', '2021-01-26 14:34:33', '2021-01-26 14:34:36', 5, 2, 0);
INSERT INTO `t_menu` VALUES (11, '评论管理', '/comments', '/comment/Comment.vue', 'el-icon-mypinglunzu', '2021-01-26 14:35:31', '2021-01-26 14:35:34', 1, 3, 0);
INSERT INTO `t_menu` VALUES (13, '用户列表', '/users', '/user/User.vue', 'el-icon-myyonghuliebiao', '2021-01-26 14:38:09', '2021-01-26 14:38:12', 1, 202, 0);
INSERT INTO `t_menu` VALUES (14, '角色管理', '/roles', '/role/Role.vue', 'el-icon-myjiaoseliebiao', '2021-01-26 14:39:01', '2021-01-26 14:39:03', 2, 213, 0);
INSERT INTO `t_menu` VALUES (15, '接口管理', '/resources', '/resource/Resource.vue', 'el-icon-myjiekouguanli', '2021-01-26 14:40:14', '2021-08-07 20:00:28', 2, 213, 0);
INSERT INTO `t_menu` VALUES (16, '菜单管理', '/menus', '/menu/Menu.vue', 'el-icon-mycaidan', '2021-01-26 14:40:54', '2021-08-07 10:18:49', 2, 213, 0);
INSERT INTO `t_menu` VALUES (17, '友链管理', '/links', '/friendLink/FriendLink.vue', 'el-icon-mydashujukeshihuaico-', '2021-01-26 14:41:35', '2021-01-26 14:41:37', 3, 4, 0);
INSERT INTO `t_menu` VALUES (18, '关于我', '/about', '/about/About.vue', 'el-icon-myguanyuwo', '2021-01-26 14:42:05', '2021-01-26 14:42:10', 4, 4, 0);
INSERT INTO `t_menu` VALUES (19, '日志管理', '/log-submenu', 'Layout', 'el-icon-myguanyuwo', '2021-01-31 21:33:56', '2021-01-31 21:33:59', 6, NULL, 0);
INSERT INTO `t_menu` VALUES (20, '操作日志', '/operation/log', '/log/OperationLog.vue', 'el-icon-myguanyuwo', '2021-01-31 15:53:21', '2022-07-28 10:51:28', 1, 19, 0);
INSERT INTO `t_menu` VALUES (201, '在线用户', '/online/users', '/user/Online.vue', 'el-icon-myyonghuliebiao', '2021-02-05 14:59:51', '2021-02-05 14:59:53', 7, 202, 0);
INSERT INTO `t_menu` VALUES (202, '用户管理', '/users-submenu', 'Layout', 'el-icon-myyonghuliebiao', '2021-02-06 23:44:59', '2022-07-27 16:32:59', 4, NULL, 0);
INSERT INTO `t_menu` VALUES (205, '相册管理', '/album-submenu', 'Layout', 'el-icon-myimage-fill', '2021-08-03 15:10:54', '2021-08-07 20:02:06', 5, NULL, 0);
INSERT INTO `t_menu` VALUES (206, '相册列表', '/albums', '/album/Album.vue', 'el-icon-myzhaopian', '2021-08-03 20:29:19', '2021-08-04 11:45:47', 1, 205, 0);
INSERT INTO `t_menu` VALUES (208, '照片管理', '/albums/:albumId', '/album/Photo.vue', 'el-icon-myzhaopian', '2021-08-03 21:37:47', '2021-08-05 10:24:08', 1, 205, 1);
INSERT INTO `t_menu` VALUES (209, '定时任务', '/quartz', '/quartz/Quartz.vue', 'el-icon-myyemianpeizhi', '2021-08-04 11:36:27', '2021-08-07 20:01:26', 2, 4, 0);
INSERT INTO `t_menu` VALUES (210, '照片回收站', '/photos/delete', '/album/Delete.vue', 'el-icon-myhuishouzhan', '2021-08-05 13:55:19', NULL, 3, 205, 1);
INSERT INTO `t_menu` VALUES (213, '权限管理', '/permission-submenu', 'Layout', 'el-icon-mydaohanglantubiao_quanxianguanli', '2021-08-07 19:56:55', '2021-08-07 19:59:40', 4, NULL, 0);
INSERT INTO `t_menu` VALUES (214, '网站管理', '/website', '/website/Website.vue', 'el-icon-myxitong', '2021-08-07 20:06:41', NULL, 1, 4, 0);
INSERT INTO `t_menu` VALUES (220, '定时任务日志', '/quartz/log/:quartzId', '/log/QuartzLog.vue', 'el-icon-myguanyuwo', '2022-07-28 10:53:23', '2022-08-05 10:27:47', 2, 19, 1);
INSERT INTO `t_menu` VALUES (221, '说说管理', '/talk-submenu', 'Layout', 'el-icon-mypinglun', '2022-08-15 17:27:10', '2022-08-15 17:27:39', 3, NULL, 0);
INSERT INTO `t_menu` VALUES (222, '说说列表', '/talk-list', '/talk/TalkList.vue', 'el-icon-myiconfontdongtaidianji', '2022-08-15 17:29:05', NULL, 1, 221, 0);
INSERT INTO `t_menu` VALUES (223, '发布说说', '/talks', '/talk/Talk.vue', 'el-icon-myfabusekuai', '2022-08-15 17:34:26', '2022-08-16 16:06:04', 2, 221, 0);
INSERT INTO `t_menu` VALUES (224, '修改说说', '/talks/:talkId', '/talk/Talk.vue', 'el-icon-myfabusekuai', '2022-08-16 16:06:59', '2022-08-16 16:08:21', 3, 221, 1);
INSERT INTO `t_menu` VALUES (225, '异常日志', '/exception/log', '/log/ExceptionLog.vue', 'el-icon-myguanyuwo', '2022-08-25 13:40:08', '2022-08-25 13:40:31', 1, 19, 0);

-- ----------------------------
-- Table structure for t_operation_log
-- ----------------------------
DROP TABLE IF EXISTS `t_operation_log`;
CREATE TABLE `t_operation_log`  (
  `id` int(11) NOT NULL AUTO_INCREMENT COMMENT '主键id',
  `opt_module` varchar(20) CHARACTER SET utf8mb4 COLLATE utf8mb4_general_ci NOT NULL COMMENT '操作模块',
  `opt_type` varchar(20) CHARACTER SET utf8mb4 COLLATE utf8mb4_general_ci NOT NULL COMMENT '操作类型',
  `opt_uri` varchar(255) CHARACTER SET utf8mb4 COLLATE utf8mb4_general_ci NOT NULL COMMENT '操作url',
  `opt_method` varchar(255) CHARACTER SET utf8mb4 COLLATE utf8mb4_general_ci NOT NULL COMMENT '操作方法',
  `opt_desc` varchar(255) CHARACTER SET utf8mb4 COLLATE utf8mb4_general_ci NOT NULL COMMENT '操作描述',
  `request_param` longtext CHARACTER SET utf8mb4 COLLATE utf8mb4_general_ci NOT NULL COMMENT '请求参数',
  `request_method` varchar(20) CHARACTER SET utf8mb4 COLLATE utf8mb4_general_ci NOT NULL COMMENT '请求方式',
  `response_data` longtext CHARACTER SET utf8mb4 COLLATE utf8mb4_general_ci NOT NULL COMMENT '返回数据',
  `user_id` int(11) NOT NULL COMMENT '用户id',
  `nickname` varchar(50) CHARACTER SET utf8mb4 COLLATE utf8mb4_general_ci NOT NULL COMMENT '用户昵称',
  `ip_address` varchar(255) CHARACTER SET utf8mb4 COLLATE utf8mb4_general_ci NOT NULL COMMENT '操作ip',
  `ip_source` varchar(255) CHARACTER SET utf8mb4 COLLATE utf8mb4_general_ci NOT NULL COMMENT '操作地址',
  `create_time` datetime(0) NOT NULL COMMENT '创建时间',
  `update_time` datetime(0) NULL DEFAULT NULL COMMENT '更新时间',
  PRIMARY KEY (`id`) USING BTREE
) ENGINE = InnoDB AUTO_INCREMENT = 197 CHARACTER SET = utf8mb4 COLLATE = utf8mb4_general_ci ROW_FORMAT = DYNAMIC;

-- ----------------------------
-- Records of t_operation_log
-- ----------------------------
INSERT INTO `t_operation_log` VALUES (60, '操作日志模块', '删除', '/admin/operation/logs', 'com.aurora.controller.OperationLogController.deleteOperationLogs', '删除操作日志', '[[59,7,6,5,4,3,2,1]]', 'DELETE', '{\"code\":20000,\"flag\":true,\"message\":\"操作成功\"}', 1, 'admin', '172.17.0.1', '内网IP|内网IP', '2023-07-02 10:48:44', NULL);
INSERT INTO `t_operation_log` VALUES (61, '异常日志模块', '删除', '/admin/exception/logs', 'com.aurora.controller.ExceptionLogController.deleteExceptionLogs', '删除异常日志', '[[7,6,5,4,3,2,1]]', 'DELETE', '{\"code\":20000,\"flag\":true,\"message\":\"操作成功\"}', 1, 'admin', '172.17.0.1', '内网IP|内网IP', '2023-07-02 10:48:56', NULL);
INSERT INTO `t_operation_log` VALUES (62, '文章模块', '上传', '/admin/articles/images', 'com.aurora.controller.ArticleController.saveArticleImages', '上传文章图片', 'file', 'POST', '{\"code\":20000,\"data\":\"http://192.168.18.178:9000/public/aurora/articles/c1defe8c0cbeaa37e547475b7dd06127.jpg\",\"flag\":true,\"message\":\"操作成功\"}', 1, 'admin', '172.17.0.1', '内网IP|内网IP', '2023-07-02 10:53:13', NULL);
INSERT INTO `t_operation_log` VALUES (63, '标签模块', '新增或修改', '/admin/tags', 'com.aurora.controller.TagController.saveOrUpdateTag', '添加或修改标签', '[{\"tagName\":\"学习\"}]', 'POST', '{\"code\":20000,\"flag\":true,\"message\":\"操作成功\"}', 1, 'admin', '172.17.0.1', '内网IP|内网IP', '2023-07-02 10:54:08', NULL);
INSERT INTO `t_operation_log` VALUES (64, '文章模块', '新增或修改', '/admin/articles', 'com.aurora.controller.ArticleController.saveOrUpdateArticle', '保存和修改文章', '[{\"articleContent\":\"#  1.docker概述\\n\\n## 1.1 基本介绍\\n\\nDocker 是一个开源的应用容器引擎，基于 Go 语言 并遵从 Apache2.0 协议开源。\\n\\nDocker 可以让开发者打包他们的应用以及依赖包到一个轻量级、可移植的容器中，然后发布到任何流行的 Linux 机器上，也可以实现虚拟化。\\n\\n容器是完全使用沙箱机制，相互之间不会有任何接口,更重要的是容器性能开销极低。\\n\\nDocker 从 17.03 版本之后分为 CE（Community Edition: 社区版） 和 EE（Enterprise Edition: 企业版），我们用社区版就可以了。[官网](https://docs.docker.com/)\\n\\n##  1.2 应用场景\\n\\n1. Web 应用的自动化打包和发布。\\n\\n2. 自动化测试和持续集成、发布。\\n\\n3. 在服务型环境中部署和调整数据库或其他的后台应用。\\n\\n4. 从头编译或者扩展现有的 Openshellift 或 Cloud Foundry 平台来搭建自己的 PaaS 环境。\\n\\n## 1.3 docker 的优势\\n\\nDocker 是一个用于开发，交付和运行应用程序的开放平台。Docker 使您能够将应用程序与基础架构分开，从而可以快速交付软件。借助 Docker，您可以与管理应用程序相同的方式来管理基础架构。通过利用 Docker 的方法来快速交付，测试和部署代码，您可以大大减少编写代码和在生产环境中运行代码之间的延迟。\\n\\n1. 快速，一致地交付您的应用程序。Docker 允许开发人员使用您提供的应用程序或服务的本地容器在标准化环境中工作，从而简化了开发的生命周期。\\n\\n容器非常适合持续集成和持续交付（CI / CD）工作流程，请考虑以下示例方案：\\n\\n您的开发人员在本地编写代码，并使用 Docker 容器与同事共享他们的工作。\\n他们使用 Docker 将其应用程序推送到测试环境中，并执行自动或手动测试。\\n当开发人员发现错误时，他们可以在开发环境中对其进行修复，然后将其重新部署到测试环境中，以进行测试和验证。\\n测试完成后，将修补程序推送给生产环境，就像将更新的镜像推送到生产环境一样简单。\\n\\n2. 响应式部署和扩展\\n   Docker 是基于容器的平台，允许高度可移植的工作负载。Docker 容器可以在开发人员的本机上，数据中心的物理或虚拟机上，云服务上或混合环境中运行。\\n\\nDocker 的可移植性和轻量级的特性，还可以使您轻松地完成动态管理的工作负担，并根据业务需求指示，实时扩展或拆除应用程序和服务。\\n\\n3. 在同一硬件上运行更多工作负载\\n   Docker 轻巧快速。它为基于虚拟机管理程序的虚拟机提供了可行、经济、高效的替代方案，因此您可以利用更多的计算能力来实现业务目标。Docker 非常适合于高密度环境以及中小型部署，而您可以用更少的资源做更多的事情。\\n\\n# 2.虚拟化技术和容器化技术\\n\\n虚拟化技术特点：\\n\\n1. 资源占用多\\n2. 冗余步骤多 \\n3. 启动很慢\\n\\n容器化技术：容器化技术不是模拟的一个完整的操作系统\\n\\n比较Docker和虚拟机的不同：\\n\\n1. 传统虚拟机，虚拟出硬件，运行一个完整的操作系统，然后在这个系统上安装和运行软件。\\n2. Docker容器内的应用直接运行在宿主机的内容，容器是没有自己的内核的，也没有虚拟硬件。\\n3. 每个容器都是相互隔离的，每个容器都有属于自己的文件系统，互不影响。\\n\\n![20210717124434988.png](https://static.linhaojun.top/aurora/articles/c7ae4abaa3a228f0344dd4b480ff7445.png)\\n\\n# 3.docker的基本组成\\n\\nDocker的基本组成图如下：\\n![20210717120256284.png](https://static.linhaojun.top/aurora/articles/8939ae04db634d407f5dec94ba82ec0f.png)\\n\\n说明：\\n\\n![20210717120343817.png](https://static.linhaojun.top/aurora/articles/323aef7768be3f055eb34b893202933d.png)\\n\\n# 4.Docker的安装\\n\\n查看系统的内核：\\n\\nuname -r\\n\\n系统内核版本为3.10.0\\n\\n```shell\\n[root@iZwz99sm8v95sckz8bd2c4Z ~]# uname -r\\n3.10.0-957.21.3.el7.x86_64\\n```\\n\\n查看系统配置\\n\\ncat /etc/os-release\\n\\n```shell\\n[root@iZwz99sm8v95sckz8bd2c4Z ~]# cat /etc/os-release\\nNAME=\\\"CentOS Linux\\\"\\nVERSION=\\\"7 (Core)\\\"\\nID=\\\"centos\\\"\\nID_LIKE=\\\"rhel fedora\\\"\\nVERSION_ID=\\\"7\\\"\\nPRETTY_NAME=\\\"CentOS Linux 7 (Core)\\\"\\nANSI_COLOR=\\\"0;31\\\"\\nCPE_NAME=\\\"cpe:/o:centos:centos:7\\\"\\nHOME_URL=\\\"https://www.centos.org/\\\"\\nBUG_REPORT_URL=\\\"https://bugs.centos.org/\\\"\\n\\nCENTOS_MANTISBT_PROJECT=\\\"CentOS-7\\\"\\nCENTOS_MANTISBT_PROJECT_VERSION=\\\"7\\\"\\nREDHAT_SUPPORT_PRODUCT=\\\"centos\\\"\\nREDHAT_SUPPORT_PRODUCT_VERSION=\\\"7\\\"\\n```\\n\\nDocker的安装步骤：\\n\\n## 4.1 卸载旧的版本\\n\\n```shell\\nyum remove docker \\\\\\n                  docker-client \\\\\\n                  docker-client-latest \\\\\\n                  docker-common \\\\\\n                  docker-latest \\\\\\n                  docker-latest-logrotate \\\\\\n                  docker-logrotate \\\\\\n                  docker-engine\\n```\\n\\n## 4.2 下载需要的安装包\\n\\n```shell\\nyum install -y yum-utils\\n```\\n\\n## 4.3 设置镜像的仓库\\n\\n```shell\\nyum-config-manager \\\\\\n    --add-repo \\\\\\n    https://download.docker.com/linux/centos/docker-ce.repo  #国外的地址\\n    \\n    # 设置阿里云的Docker镜像仓库\\nyum-config-manager \\\\\\n    --add-repo \\\\\\n    https://mirrors.aliyun.com/docker-ce/linux/centos/docker-ce.repo  #国内的地址\\n```\\n\\n## 4.4 更新yum软件包索引\\n\\n```shell\\nyum makecache fast\\n```\\n\\n## 4.5 安装docker相关配置\\n\\ndocker-ce 是社区版，docker-ee 企业版\\n\\n```shell\\nyum install docker-ce docker-ce-cli containerd.io\\n```\\n\\n出现了completed即安装成功。\\n\\n## 4.6启动docker\\n\\n```shell\\nsystemctl start docker\\n# 查看当前版本号，是否启动成功\\ndocker version\\n# 设置开机自启动\\nsystemctl enable docker\\n```\\n\\n结果：\\n\\n![2021071712515566.png](https://static.linhaojun.top/aurora/articles/386d662b1e8bdd3ffb4aa73dd0d52880.png)\\n\\n下载hello-world镜像进行测试\\n\\n![20210717125227931.png](https://static.linhaojun.top/aurora/articles/e7ed7744b2020bfa9c023f38cec17882.png)\\n\\n查看下载的hello world镜像\\n\\n```shell\\n[root@iZwz99sm8v95sckz8bd2c4Z lib]# docker images\\nREPOSITORY    TAG       IMAGE ID       CREATED         SIZE\\nhello-world   latest    bf756fb1ae65   11 months ago   13.3kB\\n```\\n\\n# 5.docker的卸载\\n\\n```shell\\n# 1. 卸载依赖\\nyum remove docker-ce docker-ce-cli containerd.io\\n# 2. 删除资源  . /var/lib/docker是docker的默认工作路径\\nrm -rf /var/lib/docker\\n```\\n\\n# 6.配置阿里云镜像加速\\n\\n## 6.1 进入阿里云官网，搜索容器镜像服务\\n\\n![20210717125337690.png](https://static.linhaojun.top/aurora/articles/a6fe14af8199d829fec92b3fd9d50744.png)\\n\\n## 6.2 依次执行官方的这四条命令\\n\\n```shell\\nsudo mkdir -p /etc/docker\\nsudo tee /etc/docker/daemon.json <<-\'EOF\'\\n{\\n  \\\"registry-mirrors\\\": [\\\"https://axvfsf7e.mirror.aliyuncs.com\\\"]\\n}\\nEOF\\nsudo systemctl daemon-reload\\nsudo systemctl restart docker\\n```\\n\\n# 7.Docker容器运行流程\\n\\n启动一个容器，Docker的运行流程如下图：\\n\\n![20210717125820781.png](https://static.linhaojun.top/aurora/articles/43cec2d25d563b83ce880150e1590901.png)\\n\\n# 8.底层原理\\n\\nDocker是一个Client-Server结构的系统，Docker的守护进程运行在主机上，通过Socker从客户端访问！Docker Server接收到Docker-Client的指令，就会执行这个指令！\\n\\n![20210717130715341.png](https://static.linhaojun.top/aurora/articles/0b87a663b1ff9f9502e51e6e0bb51e65.png)\\n\\nDocker为什么比VM Ware快？\\n\\n1.Docker比虚拟机更少的抽象层\\n\\n2.docker利用宿主机的内核，VM需要的是Guest OS\\n\\n![20210717130758965.png](https://static.linhaojun.top/aurora/articles/48a8b69b7b36b30220c80539e5d9f7f4.png)\\n\\nDocker新建一个容器的时候，不需要像虚拟机一样重新加载一个操作系统内核，直接利用宿主机的操作系统，而虚拟机是需要加载Guest OS。Docker和VM的对比如下：\\n\\n![20210717134556550.png](https://static.linhaojun.top/aurora/articles/bba1798a5df8d3c2c800b8bd40bddd3c.png)\\n\\n# 9.docker常用命令\\n\\n## 9.1 基础命令\\n\\n```shell\\ndocker version          #查看docker的版本信息\\ndocker info             #查看docker的系统信息,包括镜像和容器的数量\\ndocker 命令 --help       #帮助命令(可查看可选的参数)\\ndocker COMMAND --help\\n```\\n\\n命令的帮助[文档地址](https://docs.docker.com/engine/reference/commandline/docker/)\\n\\n## 9.2 镜像命令\\n\\n###  **docker images** 查看本地主机的所有镜像\\n\\n```shell\\n[root@iZwz99sm8v95sckz8bd2c4Z ~]# docker images\\nREPOSITORY    TAG       IMAGE ID       CREATED         SIZE\\nhello-world   latest    bf756fb1ae65   11 months ago   13.3kB\\n\\n#解释:\\n1.REPOSITORY  镜像的仓库源\\n\\n2.TAG  镜像的标签\\n\\n3.IMAGE ID 镜像的id\\n\\n4.CREATED 镜像的创建时间\\n\\n5.SIZE 镜像的大小\\n\\n\\n# 可选参数\\n\\n-a/--all 列出所有镜像\\n\\n-q/--quiet 只显示镜像的id\\n```\\n\\n### **docker search** 搜索镜像\\n\\n```shell\\n[root@iZwz99sm8v95sckz8bd2c4Z ~]# docker search mysql\\nNAME                              DESCRIPTION                                     STARS     OFFICIAL   AUTOMATED\\nmysql                             MySQL is a widely used, open-source relation…   10308     [OK]\\nmariadb                           MariaDB is a community-developed fork of MyS…   3819      [OK]\\nmysql/mysql-server                Optimized MySQL Server Docker images. Create…   754                  [OK]\\npercona                           Percona Server is a fork of the MySQL relati…   517       [OK]\\ncentos/mysql-57-centos7           MySQL 5.7 SQL database server                   86\\nmysql/mysql-cluster               Experimental MySQL Cluster Docker images. Cr…   79\\ncenturylink/mysql                 Image containing mysql. Optimized to be link…   60                   [OK]\\n\\n\\n#可选参数\\n\\nSearch the Docker Hub for images\\n\\nOptions:\\n  -f, --filter filter   Filter output based on conditions provided\\n      --format string   Pretty-print search using a Go template\\n      --limit int       Max number of search results (default 25)\\n      --no-trunc        Don\'t truncate output\\n      \\n      \\n#搜索收藏数大于3000的镜像\\n[root@iZwz99sm8v95sckz8bd2c4Z ~]# docker search mysql --filter=STARS=3000\\nNAME      DESCRIPTION                                     STARS     OFFICIAL   AUTOMATED\\nmysql     MySQL is a widely used, open-source relation…   10308     [OK]\\nmariadb   MariaDB is a community-developed fordockerk of MyS…   3819      [OK]\\n```\\n\\n### **docker pull 镜像名[:tag]** 下载镜像\\n\\n```shell\\n[root@iZwz99sm8v95sckz8bd2c4Z ~]# docker pull mysql\\nUsing default tag: latest            #如果不写tag默认就是latest\\nlatest: Pulling from library/mysql\\n6ec7b7d162b2: Pull complete          #分层下载,docker image的核心-联合文件系统\\nfedd960d3481: Pull complete\\n7ab947313861: Pull complete\\n64f92f19e638: Pull complete\\n3e80b17bff96: Pull complete\\n014e976799f9: Pull complete\\n59ae84fee1b3: Pull complete\\nffe10de703ea: Pull complete\\n657af6d90c83: Pull complete\\n98bfb480322c: Pull complete\\n6aa3859c4789: Pull complete\\n1ed875d851ef: Pull complete\\nDigest: shella256:78800e6d3f1b230e35275145e657b82c3fb02a27b2d8e76aac2f5e90c1c30873 #签名\\nStatus: Downloaded newer image for mysql:latest\\ndocker.io/library/mysql:latest  #下载来源的真实地址  #docker pull mysql等价于docker pull docker.io/library/mysql:latest\\n```\\n\\n指定版本下载\\n\\n```shell\\n[root@iZwz99sm8v95sckz8bd2c4Z ~]# docker pull mysql:5.7\\n5.7: Pulling from library/mysql\\n6ec7b7d162b2: Already exists\\nfedd960d3481: Already exists\\n7ab947313861: Already exists\\n64f92f19e638: Already exists\\n3e80b17bff96: Already exists\\n014e976799f9: Already exists\\n59ae84fee1b3: Already exists\\n7d1da2a18e2e: Pull complete\\n301a28b700b9: Pull complete\\n529dc8dbeaf3: Pull complete\\nbc9d021dc13f: Pull complete\\nDigest: shella256:c3a567d3e3ad8b05dfce401ed08f0f6bf3f3b64cc17694979d5f2e5d78e10173\\nStatus: Downloaded newer image for mysql:5.7\\ndocker.io/library/mysql:5.7\\n```\\n\\n### **docker rmi**删除镜像\\n\\n```shell\\n#1.删除指定的镜像id\\n[root@iZwz99sm8v95sckz8bd2c4Z ~]# docker rmi -f  镜像id\\n#2.删除多个镜像id\\n[root@iZwz99sm8v95sckz8bd2c4Z ~]# docker rmi -f  镜像id 镜像id 镜像id\\n#3.删除全部的镜像id\\n[root@iZwz99sm8v95sckz8bd2c4Z ~]# docker rmi -f  $(docker images -aq)\\n```\\n\\n## 9.3 容器命令\\n\\n### 如拉取一个centos镜像\\n\\n```shell\\ndocker pull centos\\n```\\n\\n### 运行容器的命令说明\\n\\n```shell\\ndocker run [可选参数] image\\n\\n#参数说明\\n--name=\\\"名字\\\"           指定容器名字\\n-d                     后台方式运行\\n-it                    使用交互方式运行,进入容器查看内容\\n-p                     指定容器的端口\\n(\\n-p ip:主机端口:容器端口  配置主机端口映射到容器端口\\n-p 主机端口:容器端口\\n-p 容器端口\\n)\\n-P                     随机指定端口(大写的P)\\n```\\n\\n### 运行并进入容器centos\\n\\n```shell\\n[root@iZwz99sm8v95sckz8bd2c4Z ~]# docker run -it centos /bin/bashell\\n[root@bd1b8900c547 /]# ls      \\nbin  dev  etc  home  lib  lib64  lost+found  media  mnt  opt  proc  root  run  sbin  srv  sys  tmp  usr  var\\n```\\n\\n### 退出容器命令\\n\\n```shell\\n#exit 停止并退出容器（后台方式运行则仅退出）\\n#Ctrl+P+Q  不停止容器退出\\n[root@bd1b8900c547 /]# exit\\nexit\\n[root@iZwz99sm8v95sckz8bd2c4Z ~]#\\n```\\n\\n### 列出运行过的容器命令\\n\\n```shell\\n#docker ps \\n     # 列出当前正在运行的容器\\n-a   # 列出所有容器的运行记录\\n-n=? # 显示最近创建的n个容器\\n-q   # 只显示容器的编号\\n\\n\\n[root@iZwz99sm8v95sckz8bd2c4Z ~]# docker ps\\nCONTAINER ID   IMAGE     COMMAND   CREATED   STATUS    PORTS     NAMES\\n[root@iZwz99sm8v95sckz8bd2c4Z ~]# docker ps -a\\nCONTAINER ID   IMAGE          COMMAND       CREATED         STATUS                     PORTS     NAMES\\nbca129320bb5   centos         \\\"/bin/bashell\\\"   4 minutes ago   Exited (0) 3 minutes ago             optimistic_shelltern\\nbd1b8900c547   centos         \\\"/bin/bashell\\\"   6 minutes ago   Exited (0) 5 minutes ago             cool_tesla\\ncf6adbf1b506   bf756fb1ae65   \\\"/hello\\\"      5 hours ago     Exited (0) 5 hours ago               optimistic_darwin\\n```\\n\\n### 删除容器命令\\n\\n```shell\\ndocker rm 容器id                 #删除指定的容器,不能删除正在运行的容器,强制删除使用 rm -f\\ndocker rm -f $(docker ps -aq)   #删除所有的容器(慎用)\\ndocker ps -a -q|xargs docker rm #删除所有的容器(慎用)\\n```\\n\\n### 启动和停止容器命令\\n\\n```shell\\ndocker start 容器id          #启动容器\\ndocker restart 容器id        #重启容器\\ndocker stop 容器id           #停止当前运行的容器\\ndocker kill 容器id           #强制停止当前容器\\n```\\n\\n### 退出容器命令\\n\\n```shell\\n#exit 停止并退出容器（后台方式运行则仅退出）\\n#Ctrl+P+Q  不停止容器退出\\n[root@bd1b8900c547 /]# exit\\nexit\\n[root@iZwz99sm8v95sckz8bd2c4Z ~]#\\n```\\n\\n### 列出运行过的容器命令\\n\\n```shell\\n#docker ps \\n     # 列出当前正在运行的容器\\n-a   # 列出所有容器的运行记录\\n-n=? # 显示最近创建的n个容器\\n-q   # 只显示容器的编号\\n\\n\\n[root@iZwz99sm8v95sckz8bd2c4Z ~]# docker ps\\nCONTAINER ID   IMAGE     COMMAND   CREATED   STATUS    PORTS     NAMES\\n[root@iZwz99sm8v95sckz8bd2c4Z ~]# docker ps -a\\nCONTAINER ID   IMAGE          COMMAND       CREATED         STATUS                     PORTS     NAMES\\nbca129320bb5   centos         \\\"/bin/bashell\\\"   4 minutes ago   Exited (0) 3 minutes ago             optimistic_shelltern\\nbd1b8900c547   centos         \\\"/bin/bashell\\\"   6 minutes ago   Exited (0) 5 minutes ago             cool_tesla\\ncf6adbf1b506   bf756fb1ae65   \\\"/hello\\\"      5 hours ago     Exited (0) 5 hours ago               optimistic_darwin\\n```\\n\\n### 列出运行过的容器命令\\n\\n```shell\\n#docker ps \\n     # 列出当前正在运行的容器\\n-a   # 列出所有容器的运行记录\\n-n=? # 显示最近创建的n个容器\\n-q   # 只显示容器的编号\\n\\n\\n[root@iZwz99sm8v95sckz8bd2c4Z ~]# docker ps\\nCONTAINER ID   IMAGE     COMMAND   CREATED   STATUS    PORTS     NAMES\\n[root@iZwz99sm8v95sckz8bd2c4Z ~]# docker ps -a\\nCONTAINER ID   IMAGE          COMMAND       CREATED         STATUS                     PORTS     NAMES\\nbca129320bb5   centos         \\\"/bin/bashell\\\"   4 minutes ago   Exited (0) 3 minutes ago             optimistic_shelltern\\nbd1b8900c547   centos         \\\"/bin/bashell\\\"   6 minutes ago   Exited (0) 5 minutes ago             cool_tesla\\ncf6adbf1b506   bf756fb1ae65   \\\"/hello\\\"      5 hours ago     Exited (0) 5 hours ago               optimistic_darwin\\n```\\n\\n### 删除容器命令\\n\\n```shell\\ndocker rm 容器id                 #删除指定的容器,不能删除正在运行的容器,强制删除使用 rm -f\\ndocker rm -f $(docker ps -aq)   #删除所有的容器\\ndocker ps -a -q|xargs docker rm #删除所有的容器\\n```\\n\\n### 启动和停止容器命令\\n\\n```shell\\ndocker start 容器id          #启动容器\\ndocker restart 容器id        #重启容器\\ndocker stop 容器id           #停止当前运行的容器\\ndocker kill 容器id           #强制停止当前容器\\n```\\n\\n## 10.4其他命令的使用\\n\\n###  日志的查看\\n\\n```shell\\n[root@iZwz99sm8v95sckz8bd2c4Z ~]# docker logs --help\\n\\nUsage:  docker logs [OPTIONS] CONTAINER\\n\\nFetch the logs of a container\\n\\nOptions:\\n      --details        shellow extra details provided to logs\\n  -f, --follow         Follow log output\\n      --since string   shellow logs since timestamp (e.g. 2013-01-02T13:23:37Z) or relative (e.g. 42m for 42 minutes)\\n  -n, --tail string    Number of lines to shellow from the end of the logs (default \\\"all\\\")\\n  -t, --timestamps     shellow timestamps\\n      --until string   shellow logs before a timestamp (e.g. 2013-01-02T13:23:37Z) or relative (e.g. 42m for 42 minutes)\\n\\n常用：\\ndocker logs -tf 容器id\\ndocker logs --tail number 容器id #num为要显示的日志条数\\n\\n\\n#docker容器后台运行，必须要有一个前台的进程，否则会自动停止\\n#编写shellell脚本循环执行，使得centos容器保持运行状态\\n[root@iZwz99sm8v95sckz8bd2c4Z ~]# docker run -d centos /bin/shell -c \\\"while true;do echo hi;sleep 5;done\\\"\\nc703b5b1911ff84d584390263a35707b6024816e1f46542b61918a6327a570dc\\n[root@iZwz99sm8v95sckz8bd2c4Z ~]# docker ps\\nCONTAINER ID   IMAGE     COMMAND                  CREATED          STATUS          PORTS     NAMES\\nc703b5b1911f   centos    \\\"/bin/shell -c \'while t…\\\"   13 seconds ago   Up 10 seconds             pedantic_banach\\n[root@iZwz99sm8v95sckz8bd2c4Z ~]# docker logs -tf --tail 10 c703b5b1911f\\n2020-12-27T03:34:07.255599560Z hi\\n2020-12-27T03:34:12.257641517Z hi\\n2020-12-27T03:34:17.259706294Z hi\\n2020-12-27T03:34:22.261693707Z hi\\n2020-12-27T03:34:27.262609289Z hi\\n2020-12-27T03:34:32.267862677Z hi\\n2020-12-27T03:34:37.270382873Z hi\\n2020-12-27T03:34:42.272414182Z hi\\n2020-12-27T03:34:47.274823243Z hi\\n2020-12-27T03:34:52.277419274Z hi\\n```\\n\\n### 查看容器中进程信息\\n\\n```shell\\n[root@iZwz99sm8v95sckz8bd2c4Z ~]# docker top 容器ID\\n```\\n\\n### 查看容器的元数据\\n\\n```shell\\n[root@iZwz99sm8v95sckz8bd2c4Z ~]# docker inspect 容器ID\\n```\\n\\n### 进入当前正在运行的容器\\n\\n因为通常我们的容器都是使用后台方式来运行的，有时需要进入容器修改配置\\n\\n方式一：\\n\\n```shell\\n[root@iZwz99sm8v95sckz8bd2c4Z ~]# docker exec -it 容器ID /bin/bashell\\n[root@c703b5b1911f /]# ls\\nbin  dev  etc  home  lib  lib64  lost+found  media  mnt  opt  proc  root  run  sbin  srv  sys  tmp  usr  var\\n[root@c703b5b1911f /]# ps -ef      \\nUID        PID  PPID  C STIME TTY          TIME CMD\\nroot         1     0  0 03:31 ?        00:00:00 /bin/shell -c while true;do echo hi;sleep 5;done\\nroot       279     0  0 03:54 pts/0    00:00:00 /bin/bashell\\nroot       315     1  0 03:56 ?        00:00:00 /usr/bin/coreutils --coreutils-prog-shellebang=sleep /usr/bin/sleep 5\\nroot       316   279  0 03:56 pts/0    00:00:00 ps -ef\\n```\\n\\n方式二：\\n\\n```shell\\n[root@iZwz99sm8v95sckz8bd2c4Z ~]# docker attach 容器ID\\n```\\n\\n### 拷贝操作\\n\\n```shell\\n#拷贝容器的文件到主机中\\ndocker cp 容器id:容器内路径  目的主机路径\\n\\n#拷贝宿主机的文件到容器中\\ndocker cp 目的主机路径 容器id:容器内路径\\n```\\n\\n```shell\\n[root@iZwz99sm8v95sckz8bd2c4Z ~]# docker exec -it c703b5b1911f /bin/bashell\\n[root@c703b5b1911f /]# cd home\\n[root@c703b5b1911f home]# ls\\n#touch 新建文件\\n[root@c703b5b1911f home]# touch test.java\\n[root@c703b5b1911f home]# ls\\ntest.java\\n[root@c703b5b1911f home]# exit\\nexit\\n[root@iZwz99sm8v95sckz8bd2c4Z ~]# docker ps\\nCONTAINER ID   IMAGE     COMMAND                  CREATED          STATUS          PORTS     NAMES\\nc703b5b1911f   centos    \\\"/bin/shell -c \'while t…\\\"   35 minutes ago   Up 35 minutes             pedantic_banach\\n[root@iZwz99sm8v95sckz8bd2c4Z ~]# docker cp c703b5b1911f:/home/test.java /home\\n[root@iZwz99sm8v95sckz8bd2c4Z ~]# ls /home\\nhai  pan  test.java\\n```\\n\\n命令小节的图解如下：\\n\\n![20210717134852290.png](https://static.linhaojun.top/aurora/articles/e4c84e43240ac6c8fe80869c8b0f9b38.png)\\n\\n# 10.图形化管理工具Portaniner安装\\n\\nPortaniner是Docker的图形化管理工具，类似的工具还有Rancher(CI/CD再用)\\n\\n下载运行Portaniner镜像并运行，设置本机映射端口为8088\\n\\n```shell\\n[root@localhost conf]# docker run -d -p 8088:9000 --restart=always -v /var/run/docker.sock:/var/run/docker.sock --privileged=true portainer/portainer\\nUnable to find image \'portainer/portainer:latest\' locally\\nlatest: Pulling from portainer/portainer\\n94cfa856b2b1: Pull complete\\n49d59ee0881a: Pull complete\\na2300fd28637: Pull complete\\nDigest: shella256:fb45b43738646048a0a0cc74fcee2865b69efde857e710126084ee5de9be0f3f\\nStatus: Downloaded newer image for portainer/portainer:latest\\n8c525a0137be22965bd1e3944da622a2c4248f8ad20883f4b3ea4f8a6b11e163\\n[root@iZwz99sm8v95sckz8bd2c4Z ~]# docker ps\\nCONTAINER ID   IMAGE                 COMMAND        CREATED         STATUS         PORTS                    NAMES\\n7789d4505a00   portainer/portainer   \\\"/portainer\\\"   6 seconds ago   Up 5 seconds   0.0.0.0:8088->9000/tcp   quirky_sinoussi\\n```\\n\\n第一次登录设置admin用户的密码\\n\\n![20210718000547236.png](https://static.linhaojun.top/aurora/articles/0c3aa531443e1634cdde2192f74dad91.png)\\n\\n如果是阿里云服务器记得设置安全组，选择连接本地的Docker,整体界面预览如下图：\\n\\n![20210718000659945.png](https://static.linhaojun.top/aurora/articles/59217c0d0f480ccd19aff88c38aedda3.png)\\n\\n# 11. Docker镜像详解\\n\\n## 11.1 什么是镜像\\n\\n镜像是一种轻量级、可执行的独立软件包，用来打包软件运行环境和基于运行环境开发的软件，它包含运行某个软件所需要的所有内容，包括代码，运行时（一个程序在运行或者在被执行的依赖）、库，环境变量和配置文件。\\n\\n## 11.2 Docker镜像加载原理\\n\\nDocker的镜像实际上由一层一层的文件系统组成，这种层级的文件系统是UnionFS联合文件系统。\\n\\n![20210718123220152.png](https://static.linhaojun.top/aurora/articles/18ecd03b542e29101fc0b3afa0b6fdef.png)\\n\\n![20210718123416610.png](https://static.linhaojun.top/aurora/articles/5a0a8d3d61190745dfa493813e817b59.png)\\n\\n## 11.3 分层理解\\n\\n![20210718123512798.png](https://static.linhaojun.top/aurora/articles/7df73cc8000a2ae175a928f9294550a4.png)\\n\\n```shell\\n[root@iZwz99sm8v95sckz8bd2c4Z ~]# docker image inspect nginx:latest\\n[\\n    {\\n        \\\"Id\\\": \\\"shella256:ae2feff98a0cc5095d97c6c283dcd33090770c76d63877caa99aefbbe4343bdd\\\",\\n        \\\"RepoTags\\\": [\\n            \\\"nginx:latest\\\"\\n        ],\\n        \\\"RepoDigests\\\": [\\n            \\\"nginx@shella256:4cf620a5c81390ee209398ecc18e5fb9dd0f5155cd82adcbae532fec94006fb9\\\"\\n        ],\\n        \\\"Parent\\\": \\\"\\\",\\n        \\\"Comment\\\": \\\"\\\",\\n        \\\"Created\\\": \\\"2020-12-15T20:21:00.007674532Z\\\",\\n        \\\"Container\\\": \\\"4cc5da85f27ca0d200407f0593422676a3bab482227daee044d797d1798c96c9\\\",\\n        \\\"ContainerConfig\\\": {\\n            \\\"Hostname\\\": \\\"4cc5da85f27c\\\",\\n            \\\"Domainname\\\": \\\"\\\",\\n            \\\"User\\\": \\\"\\\",\\n            \\\"AttachStdin\\\": false,\\n            \\\"AttachStdout\\\": false,\\n            \\\"AttachStderr\\\": false,\\n            \\\"ExposedPorts\\\": {\\n                \\\"80/tcp\\\": {}\\n            },\\n            \\\"Tty\\\": false,\\n            \\\"OpenStdin\\\": false,\\n            \\\"StdinOnce\\\": false,\\n            \\\"Env\\\": [\\n                \\\"PATH=/usr/local/sbin:/usr/local/bin:/usr/sbin:/usr/bin:/sbin:/bin\\\",\\n                \\\"NGINX_VERSION=1.19.6\\\",\\n                \\\"NJS_VERSION=0.5.0\\\",\\n                \\\"PKG_RELEASE=1~buster\\\"\\n            ],\\n            \\\"Cmd\\\": [\\n                \\\"/bin/shell\\\",\\n                \\\"-c\\\",\\n                \\\"#(nop) \\\",\\n                \\\"CMD [\\\\\\\"nginx\\\\\\\" \\\\\\\"-g\\\\\\\" \\\\\\\"daemon off;\\\\\\\"]\\\"\\n            ],\\n            \\\"Image\\\": \\\"shella256:13bffe371b56f4aeed88218ec17d0c6f653a83b49bd3e211fc8cfa2ca5d7a3d3\\\",\\n            \\\"Volumes\\\": null,\\n            \\\"WorkingDir\\\": \\\"\\\",\\n            \\\"Entrypoint\\\": [\\n                \\\"/docker-entrypoint.shell\\\"\\n            ],\\n            \\\"OnBuild\\\": null,\\n            \\\"Labels\\\": {\\n                \\\"maintainer\\\": \\\"NGINX Docker Maintainers <docker-maint@nginx.com>\\\"\\n            },\\n            \\\"StopSignal\\\": \\\"SIGQUIT\\\"\\n        },\\n        \\\"DockerVersion\\\": \\\"19.03.12\\\",\\n        \\\"Author\\\": \\\"\\\",\\n        \\\"Config\\\": {\\n            \\\"Hostname\\\": \\\"\\\",\\n            \\\"Domainname\\\": \\\"\\\",\\n            \\\"User\\\": \\\"\\\",\\n            \\\"AttachStdin\\\": false,\\n            \\\"AttachStdout\\\": false,\\n            \\\"AttachStderr\\\": false,\\n            \\\"ExposedPorts\\\": {\\n                \\\"80/tcp\\\": {}\\n            },\\n            \\\"Tty\\\": false,\\n            \\\"OpenStdin\\\": false,\\n            \\\"StdinOnce\\\": false,\\n            \\\"Env\\\": [\\n                \\\"PATH=/usr/local/sbin:/usr/local/bin:/usr/sbin:/usr/bin:/sbin:/bin\\\",\\n                \\\"NGINX_VERSION=1.19.6\\\",\\n                \\\"NJS_VERSION=0.5.0\\\",\\n                \\\"PKG_RELEASE=1~buster\\\"\\n            ],\\n            \\\"Cmd\\\": [\\n                \\\"nginx\\\",\\n                \\\"-g\\\",\\n                \\\"daemon off;\\\"\\n            ],\\n            \\\"Image\\\": \\\"shella256:13bffe371b56f4aeed88218ec17d0c6f653a83b49bd3e211fc8cfa2ca5d7a3d3\\\",\\n            \\\"Volumes\\\": null,\\n            \\\"WorkingDir\\\": \\\"\\\",\\n            \\\"Entrypoint\\\": [\\n                \\\"/docker-entrypoint.shell\\\"\\n            ],\\n            \\\"OnBuild\\\": null,\\n            \\\"Labels\\\": {\\n                \\\"maintainer\\\": \\\"NGINX Docker Maintainers <docker-maint@nginx.com>\\\"\\n            },\\n            \\\"StopSignal\\\": \\\"SIGQUIT\\\"\\n        },\\n        \\\"Architecture\\\": \\\"amd64\\\",\\n        \\\"Os\\\": \\\"linux\\\",\\n        \\\"Size\\\": 132935043,\\n        \\\"VirtualSize\\\": 132935043,\\n        \\\"GraphDriver\\\": {\\n            \\\"Data\\\": {\\n                \\\"LowerDir\\\": \\\"/var/lib/docker/overlay2/cb791e78a08db7091bf2ce1d78603f1758f52199e57f1805156fe30e39067aae/diff:/var/lib/docker/overlay2/1e73a72b25af68ee9abf4eb443f778d31226e12e9af428fcc14c7b044c83b258/diff:/var/lib/docker/overlay2/88c9c01762f2af8327db65d0b0d4a64785e87c9c2ab76c62e7d03619db03a985/diff:/var/lib/docker/overlay2/7304ab112ac4a9cb91fc6f74730be28fecbe19f042e92d321aa9181424cc4b2e/diff\\\",\\n                \\\"MergedDir\\\": \\\"/var/lib/docker/overlay2/48b288740bbb2b07b41ed43a4d17a005c46b08d3357d2960b5ef7db4b2de6618/merged\\\",\\n                \\\"UpperDir\\\": \\\"/var/lib/docker/overlay2/48b288740bbb2b07b41ed43a4d17a005c46b08d3357d2960b5ef7db4b2de6618/diff\\\",\\n                \\\"WorkDir\\\": \\\"/var/lib/docker/overlay2/48b288740bbb2b07b41ed43a4d17a005c46b08d3357d2960b5ef7db4b2de6618/work\\\"\\n            },\\n            \\\"Name\\\": \\\"overlay2\\\"\\n        },\\n        \\\"RootFS\\\": {\\n            \\\"Type\\\": \\\"layers\\\",\\n            \\\"Layers\\\": [\\n                \\\"shella256:87c8a1d8f54f3aa4e05569e8919397b65056aa71cdf48b7f061432c98475eee9\\\",\\n                \\\"shella256:5c4e5adc71a82a96f02632433de31c998c5a9e2fccdcbaee780ae83158fac4fa\\\",\\n                \\\"shella256:7d2b207c26790f693ab1942bbe26af8e2b6a14248969e542416155a912fec30d\\\",\\n                \\\"shella256:2c7498eef94aef8c40d106f3e42f7da62b3eee8fd36012bf7379becc4cd639a2\\\",\\n                \\\"shella256:4eaf0ea085df254fd5d2beba4e2c11db70a620dfa411a8ad44149e26428caee4\\\"\\n            ]\\n        },\\n        \\\"Metadata\\\": {\\n            \\\"LastTagTime\\\": \\\"0001-01-01T00:00:00Z\\\"\\n        }\\n    }\\n]\\n```\\n\\n这里指示了分层信息：\\n\\n```shell\\n        \\\"RootFS\\\": {\\n            \\\"Type\\\": \\\"layers\\\",\\n            \\\"Layers\\\": [\\n                \\\"shella256:87c8a1d8f54f3aa4e05569e8919397b65056aa71cdf48b7f061432c98475eee9\\\",\\n                \\\"shella256:5c4e5adc71a82a96f02632433de31c998c5a9e2fccdcbaee780ae83158fac4fa\\\",\\n                \\\"shella256:7d2b207c26790f693ab1942bbe26af8e2b6a14248969e542416155a912fec30d\\\",\\n                \\\"shella256:2c7498eef94aef8c40d106f3e42f7da62b3eee8fd36012bf7379becc4cd639a2\\\",\\n                \\\"shella256:4eaf0ea085df254fd5d2beba4e2c11db70a620dfa411a8ad44149e26428caee4\\\"\\n            ]\\n        },\\n```\\n\\n![20210718123636415.png](https://static.linhaojun.top/aurora/articles/9d8fe9bae44994847e6f0048113b63e2.png)\\n\\n![2021071812372978.png](https://static.linhaojun.top/aurora/articles/f723353894c42cb0c79ef5d5e20acda7.png)\\n\\n![2021071812374035.png](https://static.linhaojun.top/aurora/articles/000d7691dd3348a07660dc2ce6d8b1c4.png)\\n\\n## 11.4 提交镜像\\n\\n```shell\\n使用docker commit 命令提交容器成为一个新的版本\\n\\ndocker commit -m=“提交的描述信息”  -a=\\\"作者\\\" 容器id 目标镜像名:[TAG] \\n```\\n\\n由于默认的Tomcat镜像的webapps文件夹中没有任何内容，需要从webapps.dist中拷贝文件到webapps文件夹。下面自行制作镜像：就是从webapps.dist中拷贝文件到webapps文件夹下，并提交该镜像作为一个新的镜像。使得该镜像默认的webapps文件夹下就有文件。具体命令如下：\\n\\n```shell\\n#1.复制文件夹\\n[root@iZwz99sm8v95sckz8bd2c4Z ~]# docker run -it tomcat /bin/bashell\\nroot@2a3bf3eaa2e4:/usr/local/tomcat# cd webapps\\nroot@2a3bf3eaa2e4:/usr/local/tomcat/webapps# ls\\nroot@2a3bf3eaa2e4:/usr/local/tomcat/webapps# cd ../\\nroot@2a3bf3eaa2e4:/usr/local/tomcat# cp -r webapps.dist/* webapps\\nroot@2a3bf3eaa2e4:/usr/local/tomcat# cd webapps\\nroot@2a3bf3eaa2e4:/usr/local/tomcat/webapps# ls\\nROOT  docs  examples  host-manager  manager\\n[root@iZwz99sm8v95sckz8bd2c4Z ~]# docker ps\\nCONTAINER ID   IMAGE                 COMMAND        CREATED         STATUS         PORTS                    NAMES\\n2a3bf3eaa2e4   tomcat                \\\"/bin/bashell\\\"    4 minutes ago   Up 4 minutes   8080/tcp                 competent_torvalds\\n7789d4505a00   portainer/portainer   \\\"/portainer\\\"   24 hours ago    Up 24 hours    0.0.0.0:8088->9000/tcp   quirky_sinoussi\\n[root@iZwz99sm8v95sckz8bd2c4Z ~]# docker exec -it 2a3bf3eaa2e4 /bin/bashell\\nroot@2a3bf3eaa2e4:/usr/local/tomcat# cd webapps\\nroot@2a3bf3eaa2e4:/usr/local/tomcat/webapps# ls\\nROOT  docs  examples  host-manager  manager\\nroot@2a3bf3eaa2e4:/usr/local/tomcat/webapps# cd ../\\nroot@2a3bf3eaa2e4:/usr/local/tomcat# read escape sequence\\n[root@iZwz99sm8v95sckz8bd2c4Z ~]# docker ps\\nCONTAINER ID   IMAGE                 COMMAND        CREATED         STATUS         PORTS                    NAMES\\n2a3bf3eaa2e4   tomcat                \\\"/bin/bashell\\\"    8 minutes ago   Up 8 minutes   8080/tcp                 competent_torvalds\\n7789d4505a00   portainer/portainer   \\\"/portainer\\\"   24 hours ago    Up 24 hours    0.0.0.0:8088->9000/tcp   quirky_sinoussi\\n#2.提交镜像作为一个新的镜像\\n\\n[root@iZwz99sm8v95sckz8bd2c4Z ~]# docker commit -m=\\\"add webapps\\\" -a=\\\"Ethan\\\" 2a3bf3eaa2e4 mytomcat:1.0\\nshella256:f189aac861de51087af5bc88a5f1de02d9574e7ee2d163c647dd7503a2d3982b\\n[root@iZwz99sm8v95sckz8bd2c4Z ~]# docker images\\nREPOSITORY            TAG       IMAGE ID       CREATED         SIZE\\nmytomcat              1.0       f189aac861de   7 seconds ago   653MB\\nmysql                 5.7       f07dfa83b528   6 days ago      448MB\\ntomcat                latest    feba8d001e3f   10 days ago     649MB\\nnginx                 latest    ae2feff98a0c   12 days ago     133MB\\ncentos                latest    300e315adb2f   2 weeks ago     209MB\\nportainer/portainer   latest    62771b0b9b09   5 months ago    79.1MB\\nelasticsearch         7.6.2     f29a1ee41030   9 months ago    791MB\\n\\n#3.运行容器\\n\\n[root@iZwz99sm8v95sckz8bd2c4Z ~]# docker run -it mytomcat:1.0 /bin/bashell\\nroot@1645774d4605:/usr/local/tomcat# cd webapps\\nroot@1645774d4605:/usr/local/tomcat/webapps# ls\\nROOT  docs  examples  host-manager  manager\\nwz99sm8v95sckz8bd2c4Z ~]# docker images\\nREPOSITORY            TAG       IMAGE ID       CREATED         SIZE\\nmytomcat              1.0       f189aac861de   7 seconds ago   653MB\\nmysql                 5.7       f07dfa83b528   6 days ago      448MB\\ntomcat                latest    feba8d001e3f   10 days ago     649MB\\nnginx                 latest    ae2feff98a0c   12 days ago     133MB\\ncentos                latest    300e315adb2f   2 weeks ago     209MB\\nportainer/portainer   latest    62771b0b9b09   5 months ago    79.1MB\\nelasticsearch         7.6.2     f29a1ee41030   9 months ago    791MB\\n```\\n\\n# 12.常用容器部署\\n\\n## 12.1 Nginx部署\\n\\n1. 搜索并下载镜像\\n\\n```shell\\n[root@iZwz99sm8v95sckz8bd2c4Z ~]# docker search nginx\\nNAME                               DESCRIPTION                                     STARS     OFFICIAL   AUTOMATED\\nnginx                              Official build of Nginx.                        14207     [OK]       \\njwilder/nginx-proxy                Automated Nginx reverse proxy for docker con…   1932                 [OK]\\nricharvey/nginx-php-fpm            Container running Nginx + PHP-FPM capable of…   797                  [OK]\\nlinuxserver/nginx                  An Nginx container, brought to you by LinuxS…   137                  \\njc21/nginx-proxy-manager           Docker container for managing Nginx proxy ho…   123                  \\ntiangolo/nginx-rtmp                Docker image with Nginx using the nginx-rtmp…   107                  [OK]\\n[root@iZwz99sm8v95sckz8bd2c4Z ~]# docker pull nginx\\nUsing default tag: latest\\nlatest: Pulling from library/nginx\\n6ec7b7d162b2: Already exists \\ncb420a90068e: Pull complete \\n2766c0bf2b07: Pull complete \\ne05167b6a99d: Pull complete \\n70ac9d795e79: Pull complete \\nDigest: shella256:4cf620a5c81390ee209398ecc18e5fb9dd0f5155cd82adcbae532fec94006fb9\\nStatus: Downloaded newer image for nginx:latest\\ndocker.io/library/nginx:latest\\n[root@iZwz99sm8v95sckz8bd2c4Z ~]# docker images;\\nREPOSITORY   TAG       IMAGE ID       CREATED       SIZE\\nmysql        5.7       f07dfa83b528   5 days ago    448MB\\nnginx        latest    ae2feff98a0c   11 days ago   133MB\\ncentos       latest    300e315adb2f   2 weeks ago   209MB\\n```\\n\\n可以到[dockerhub官网](https://hub.docker.com/_/nginx)查看Nginx的详细版本信息\\n\\n2. 运行测试\\n\\n```shell\\ndocker run -d --name nginx01 -p 3334:80 nginx\\n\\n-d 后台运行\\n--name 给容器命名\\n-p 3334:80 将宿主机的端口3334映射到该容器的80端口\\n```\\n\\n运行结果：\\n\\n```shell\\n[root@iZwz99sm8v95sckz8bd2c4Z ~]# docker exec -it nginx01 /bin/bashell\\nError: No such container: nginx01\\n[root@iZwz99sm8v95sckz8bd2c4Z ~]# docker run -d --name nginx01 -p 3334:80 nginx\\n20c896637ff5de8be835797109d62ee2465e28d9d716be5a8d550ef7d547fcf5\\n[root@iZwz99sm8v95sckz8bd2c4Z ~]# docker ps\\nCONTAINER ID   IMAGE     COMMAND                  CREATED         STATUS         PORTS                  NAMES\\n20c896637ff5   nginx     \\\"/docker-entrypoint.…\\\"   7 seconds ago   Up 5 seconds   0.0.0.0:3334->80/tcp   nginx01\\n```\\n\\n端口暴露的概念\\n\\n![20210718124656411.png](https://static.linhaojun.top/aurora/articles/fc0d205dbe5278bbcbbc63b15949f587.png)\\n\\n3. 配置文件\\n   进入容器，自定义配置文件\\n\\n   ```shell\\n   [root@iZwz99sm8v95sckz8bd2c4Z ~]# docker exec -it nginx01 /bin/bashell\\n   root@20c896637ff5:/# whereis nginx\\n   nginx: /usr/sbin/nginx /usr/lib/nginx /etc/nginx /usr/shellare/nginx\\n   root@20c896637ff5:/# cd /etc/nginx\\n   root@20c896637ff5:/etc/nginx# ls\\n   conf.d\\tfastcgi_params\\tkoi-utf  koi-win  mime.types  modules  nginx.conf  scgi_params\\tuwsgi_params  win-utf\\n   root@20c896637ff5:/# cd /etc/nginx\\n   root@20c896637ff5:/etc/nginx# ls\\n   conf.d\\tfastcgi_params\\tkoi-utf  koi-win  mime.types  modules  nginx.conf  scgi_params\\tuwsgi_params  win-utf\\n   ```\\n\\n4. 访问测试\\n   本地主机访问测试，curl命令发起请求，如果使用阿里云服务器需要设置安全组。\\n\\n   ```shell\\n   [root@iZwz99sm8v95sckz8bd2c4Z ~]# docker ps\\n   CONTAINER ID   IMAGE     COMMAND                  CREATED         STATUS         PORTS                  NAMES\\n   20c896637ff5   nginx     \\\"/docker-entrypoint.…\\\"   7 minutes ago   Up 7 minutes   0.0.0.0:3334->80/tcp   nginx01\\n   [root@iZwz99sm8v95sckz8bd2c4Z ~]# curl localhost:3334\\n   <!DOCTYPE html>\\n   <html>\\n   <head>\\n   <title>Welcome to nginx!</title>\\n   <style>\\n       body {\\n           width: 35em;\\n           margin: 0 auto;\\n           font-family: Tahoma, Verdana, Arial, sans-serif;\\n       }\\n   </style>\\n   </head>\\n   <body>\\n   <h1>Welcome to nginx!</h1>\\n   <p>If you see this page, the nginx web server is successfully installed and\\n   working. Further configuration is required.</p>\\n   \\n   <p>For online documentation and support please refer to\\n   <a href=\\\"http://nginx.org/\\\">nginx.org</a>.<br/>\\n   Commercial support is available at\\n   <a href=\\\"http://nginx.com/\\\">nginx.com</a>.</p>\\n   \\n   <p><em>Thank you for using nginx.</em></p>\\n   </body>\\n   </html>\\n   ```\\n\\n5. 安装vim\\n\\n   我们使用Nginx往往需要编写配置文件，但是Nginx官方镜像没有安装vim，需要我们手动进行安装。使用以下命令进行安装：\\n\\n   ```shell\\n   #检查是否已安装\\n   rpm -qa|grep vim\\n   #如果已安装，会显示：\\n   [root@localhost usr]# rpm -qa|grep vim\\n   vim-minimal-7.4.629-6.el7.x86_64\\n   vim-filesystem-7.4.629-6.el7.x86_64\\n   vim-enhanced-7.4.629-6.el7.x86_64\\n   vim-common-7.4.629-6.el7.x86_64\\n   vim-X11-7.4.629-6.el7.x86_64\\n   #安装\\n   #如果缺少了其中某个，比如说： vim-enhanced这个包少了，则执行：\\n   yum -y install vim-enhanced\\n   #它会自动下载安装。如果上面三个包一个都没有显示，则直接输入命令：\\n   yum -y install vim*\\n   #配置\\n   vim /etc/vimrc\\n   #打开文件后，按 i 进入编辑模式，然后找一个位置添加如下代码\\n   set nu          \\\" 设置显示行号\\n   set shellowmode    \\\" 设置在命令行界面最下面显示当前模式等\\n   set ruler       \\\" 在右下角显示光标所在的行数等信息\\n   set autoindent  \\\" 设置每次单击Enter键后，光标移动到下一行时与上一行的起始字符对齐\\n   syntax on       \\\" 即设置语法检测，当编辑C或者shellell脚本时，关键字会用特殊颜色显示\\n   ```\\n\\n   ps: **由于到目前为止还没学到数据卷，具体的设置以及编写配置文件，你可以先到后面了解一下数据卷，再来编写配置文件**\\n\\n## 12.2 Tomcat的部署\\n\\n1. 下载并运行\\n\\n   ```shell\\n   [root@iZwz99sm8v95sckz8bd2c4Z ~]# docker pull tomcat\\n   Using default tag: latest\\n   latest: Pulling from library/tomcat\\n   6c33745f49b4: Pull complete \\n   ef072fc32a84: Pull complete \\n   c0afb8e68e0b: Pull complete \\n   d599c07d28e6: Pull complete \\n   e8a829023b97: Pull complete \\n   d04be46a31d1: Pull complete \\n   db6007c69c35: Pull complete \\n   e4ad4c894bce: Pull complete \\n   248895fda357: Pull complete \\n   277059b4cba2: Pull complete \\n   Digest: shella256:57dae7dfb9b62a413cde65334c8a18893795cac70afc3be589c8336d8244655d\\n   Status: Downloaded newer image for tomcat:latest\\n   docker.io/library/tomcat:latest\\n   [root@iZwz99sm8v95sckz8bd2c4Z ~]# docker run -d -p 3335:8080 --name tomcat01 tomcat\\n   7136295a6082cb0f805b025a1471bde02ead4864be3e2c9dcd337b1dde0a3113\\n   ```\\n\\n2. 进入容器\\n\\n   ```shell\\n   [root@iZwz99sm8v95sckz8bd2c4Z ~]# docker exec -it tomcat01 /bin/bashell\\n   root@7136295a6082:/usr/local/tomcat# ls\\n   BUILDING.txt  CONTRIBUTING.md  LICENSE\\tNOTICE\\tREADME.md  RELEASE-NOTES  RUNNING.txt  bin  conf  lib  logs  native-jni-lib  temp  webapps  webapps.dist  work\\n   root@7136295a6082:/usr/local/tomcat# cd webapps.dist\\n   root@7136295a6082:/usr/local/tomcat/webapps.dist# ls\\n   ROOT  docs  examples  host-manager  manager\\n   root@7136295a6082:/usr/local/tomcat/webapps.dist# cd ROOT\\n   root@7136295a6082:/usr/local/tomcat/webapps.dist/ROOT# ls\\n   RELEASE-NOTES.txt  WEB-INF  asf-logo-wide.svg  bg-button.png  bg-middle.png  bg-nav.png  bg-upper.png  favicon.ico  index.jsp  tomcat.css  tomcat.svg\\n   root@7136295a6082:/usr/local/tomcat/webapps.dist/ROOT# cd ../../\\n   root@7136295a6082:/usr/local/tomcat# cd webapps\\n   root@7136295a6082:/usr/local/tomcat/webapps# ls\\n   root@7136295a6082:/usr/local/tomcat/webapps# cp -r /usr/local/tomcat/webapps.dist/* /usr/local/tomcat/webapps/\\n   root@7136295a6082:/usr/local/tomcat/webapps# ls\\n   ROOT  docs  examples  host-manager  manager\\n   root@7136295a6082:/usr/local/tomcat/webapps# exit\\n   exit\\n   ```\\n\\n3. 访问测试\\n\\n   ```shell\\n   [root@iZwz99sm8v95sckz8bd2c4Z ~]# curl localhost:3335\\n   \\n   <!DOCTYPE html>\\n   <html lang=\\\"en\\\">\\n       <head>\\n           <meta charset=\\\"UTF-8\\\" />\\n           <title>Apache Tomcat/9.0.41</title>\\n           <link href=\\\"favicon.ico\\\" rel=\\\"icon\\\" type=\\\"image/x-icon\\\" />\\n           <link href=\\\"tomcat.css\\\" rel=\\\"styleshelleet\\\" type=\\\"text/css\\\" />\\n       </head>\\n   \\n       <body>\\n           <div id=\\\"wrapper\\\">\\n               <div id=\\\"navigation\\\" class=\\\"curved container\\\">\\n                   <span id=\\\"nav-home\\\"><a href=\\\"https://tomcat.apache.org/\\\">Home</a></span>\\n                   <span id=\\\"nav-hosts\\\"><a href=\\\"/docs/\\\">Documentation</a></span>\\n                   <span id=\\\"nav-config\\\"><a href=\\\"/docs/config/\\\">Configuration</a></span>\\n                   <span id=\\\"nav-examples\\\"><a href=\\\"/examples/\\\">Examples</a></span>\\n                   <span id=\\\"nav-wiki\\\"><a href=\\\"https://wiki.apache.org/tomcat/FrontPage\\\">Wiki</a></span>\\n                   <span id=\\\"nav-lists\\\"><a href=\\\"https://tomcat.apache.org/lists.html\\\">Mailing Lists</a></span>\\n                   <span id=\\\"nav-help\\\"><a href=\\\"https://tomcat.apache.org/findhelp.html\\\">Find Help</a></span>\\n                   <br class=\\\"separator\\\" />\\n               </div>\\n   ```\\n\\n   \\n\\n## 12.3ElasticSearch部署\\n\\n### 安装elasticsearch并部署\\n\\n1. 拉取Elasticsearch镜像\\n\\n   ```shell\\n   docker pull elasticsearch:7.7.0\\n   ```\\n\\n![21782a576ca644869ba50165184f056e.png](https://static.linhaojun.top/aurora/articles/c196fe08e838e2a0423b754d3dc684dc.png)\\n\\n查看镜像命令：docker images\\n删除镜像命令：`docker rmi <镜像名:版本号>` or docker rmi <镜像id>\\n![77d67f2c1f404c4286eefca7e5c8c5cd.png](https://static.linhaojun.top/aurora/articles/19ad83720725e1fa05abf01b81b50286.png)\\n\\n2. 启动前准备\\n   创建存放数据及配置文件的文件夹，启动时挂载。\\n\\n   ```shell\\n   mkdir -p  /home/elasticsearch/data/ \\n   mkdir -p  /home/elasticsearch/config/\\n   ```\\n\\n![962ad3c43cd24b75bdec7a75e971efdb.png](https://static.linhaojun.top/aurora/articles/b4bb3cc9d1071e8a8ea49d97bf842821.png)\\n\\n**解释**：\\n\\n- -p： 参数来创建多级文件夹\\n- tree：以树形结构展示文件目录\\n\\n**编写配置文件**\\n\\n```shell\\necho \'http.host: 0.0.0.0\\nhttp.cors.enabled: true\\nhttp.cors.allow-origin: \\\"*\\\" \'>>/home/elasticsearch/config/elasticsearch.yml\\n```\\n\\n![c0bc056bc3764c0a8689691c25889aa5.png](https://static.linhaojun.top/aurora/articles/e7882a6612dedd91167a1a534c5c99e8.png)\\n\\n解释：\\n\\n- echo >> ：是利用了shellell编程语法，使用echo >>指令向文件追加内容，原内容将保存\\n  - 使用 > 指令的话就是覆盖文件原内容并重新输入内容，若文件不存在则创建文件。\\n\\n- cat：展示文件内容。\\n- `http.cors.enabled: true` 和`http.cors.allow-origin: \\\"*\\\"`配置是为了解决跨域问题，因为等下还要下载可视化工具查看。\\n\\n修改文件夹权限\\n\\n```shell\\nchmod -R 777 /home/elasticsearch/\\nls -l # 查看文件权限\\n```\\n\\n![789f7ed4c5134540994ce1bfabcfd7b5.png](https://static.linhaojun.top/aurora/articles/3510ab8132ab856ec4d63a1dcdbd57a0.png)\\n\\n3. 启动elasticseach镜像\\n\\n   ```shell\\n   docker run --name elasticsearch -p 9200:9200 \\\\\\n    -p 9300:9300 \\\\\\n    -e \\\"discovery.type=single-node\\\" \\\\\\n    -e ES_JAVA_OPTS=\\\"-Xms64m -Xmx128m\\\" \\\\\\n     -v /home/elasticsearch/config/elasticsearch.yml:/usr/shellare/elasticsearch/config/elasticsearch.yml \\\\\\n    -v /home/elasticsearch/data:/usr/shellare/elasticsearch/data \\\\\\n    -v /home/elasticsearch/plugins:/usr/shellare/elasticsearch/plugins \\\\\\n    -d elasticsearch:7.7.0\\n   ```\\n\\n   参数解释：\\n\\n   ```shell\\n   --name elasticsearch：将容器命名为 elasticsearch\\n   -p 9200:9200：将容器的9200端口映射到宿主机9200端口\\n   -p 9300:9300：将容器的9300端口映射到宿主机9300端口，目的是集群互相通信\\n   -e \\\"discovery.type=single-node\\\"：单例模式\\n   -e ES_JAVA_OPTS=\\\"-Xms64m -Xmx128m\\\"：配置内存大小\\n   -v /mydata/elasticsearch/config/elasticsearch.yml:/usr/shellare/elasticsearch/config/elasticsearch.yml：将配置文件挂载到宿主机\\n   -v /mydata/elasticsearch/data:/usr/shellare/elasticsearch/data：将数据文件夹挂载到宿主机\\n   -v /mydata/elasticsearch/plugins:/usr/shellare/elasticsearch/plugins：将插件目录挂载到宿主机(需重启)\\n   -d elasticsearch:7.7.0：后台运行容器，并返回容器ID\\n   ```\\n\\n   执行结果：\\n\\n![0051149a31544ce9bcc6dd0c609f951c.png](https://static.linhaojun.top/aurora/articles/f728bfec12bd9f2e239415169216a417.png)\\n\\n接下来我们就是拿浏览器访问啦。\\n\\n在浏览器上输入：`服务器IP地址:9200`\\n\\n4. 可能出现的问题\\n\\n   - 启动成功，但是访问失败的话，查看一下安全组中映射端口是否已经打开。如果是本地虚拟机，可能与防火墙相关（我用的云服务器，没有测试，如果有问题，还是需要大家自行去百度||谷歌一下）。\\n\\n   - -e ES_JAVA_OPTS=\\\"-Xms64m -Xmx128m\\\"：配置内存大小出现了问题。（可试着调一下，docker玩不坏的，莫慌）\\n\\n   - 最后就还有可能是配置文件中出现了问题。\\n\\n```shell\\necho \'http.host: 0.0.0.0\\nhttp.cors.enabled: true\\nhttp.cors.allow-origin: \\\"*\\\" \'>>/home/elasticsearch/config/elasticsearch.yml\\n```\\n\\n`http.host: 0.0.0.0` 在冒号后面有一个空格的，这里的配置文件是`yml`格式,所以一定要严格按照`yml`格式来书写。\\n\\n5. 为Elasticsearch安装ik分词器\\n\\n   分词:即把一段中文或者别的划分成一个个的关键字,我们在搜索时候会把自己的信息进行分词,会把数据库中或者索引库中的数据进行分词,然后进行一个匹配操作,默认的中文分词器是将每个字看成一个词,比如\\\"我爱技术\\\"会被分为\\\"我\\\",“爱”,“技”,“术”。\\n\\n![77f584371974494aa1cd13d571f4a814.png](https://static.linhaojun.top/aurora/articles/40aa7b6cb700eea549b5462705fec705.png)\\n\\n结果：\\n\\n```json\\n{\\n    \\\"tokens\\\": [\\n        {\\n            \\\"token\\\": \\\"我\\\",\\n            \\\"start_offset\\\": 0,\\n            \\\"end_offset\\\": 1,\\n            \\\"type\\\": \\\"<IDEOGRAPHIC>\\\",\\n            \\\"position\\\": 0\\n        },\\n        {\\n            \\\"token\\\": \\\"爱\\\",\\n            \\\"start_offset\\\": 1,\\n            \\\"end_offset\\\": 2,\\n            \\\"type\\\": \\\"<IDEOGRAPHIC>\\\",\\n            \\\"position\\\": 1\\n        },\\n        {\\n            \\\"token\\\": \\\"技\\\",\\n            \\\"start_offset\\\": 2,\\n            \\\"end_offset\\\": 3,\\n            \\\"type\\\": \\\"<IDEOGRAPHIC>\\\",\\n            \\\"position\\\": 2\\n        },\\n        {\\n            \\\"token\\\": \\\"术\\\",\\n            \\\"start_offset\\\": 3,\\n            \\\"end_offset\\\": 4,\\n            \\\"type\\\": \\\"<IDEOGRAPHIC>\\\",\\n            \\\"position\\\": 3\\n        }\\n    ]\\n}\\n```\\n\\n这显然不符合要求,所以我们需要安装中文分词器IK来解决这个问题\\n\\nIK提供了两个分词算法:`ik_smart`和`ik_max_word`\\n\\n其中`ik_smart`为最少切分,`ik_max_word`为最细粒度划分\\n\\n### 安装ik分词器\\n\\n进入已经启动成功的elasticsearch容器。\\n\\n```shell\\ndocker exec -it elasticsearch /bin/bashell\\n```\\n\\n![6bb212d2660941619b6b47902d2fb3b5.png](https://static.linhaojun.top/aurora/articles/fdddc3ad8ddea2eb89591d714ee2389c.png)\\n\\n```shell\\n./bin/elasticsearch-plugin install https://github.com/medcl/elasticsearch-analysis-ik/releases/download/v7.7.0/elasticsearch-analysis-ik-7.7.0.zip\\n```\\n\\nps: **安装的ik分词器的版本一定要与elasticsearch的版本保持一致**\\n\\n![57a832d36b07437098afc687112f8540.png](https://static.linhaojun.top/aurora/articles/8ecde9759a2191ce2b2511b2da79b6e8.png)\\n\\n下载过程中会出现这个问题，直接输入 y回车就可以了。\\n![57ec3132e7084cc89d32d4a784fc9405.png](https://static.linhaojun.top/aurora/articles/8dc9db8717dec1c42ded2d5e0a497458.png)\\n\\n下载完成之后，退出去，重新启动elasticsearch容器。\\n\\n```shell\\ndocker restart elasticsearch #  <容器名o容器id>   重启容器命令\\n```\\n\\n![89c033d3379b4fbfb8191fc0385a8534.png](https://static.linhaojun.top/aurora/articles/72f7d9f1c437609e95d35bbd6e951357.png)\\n\\n测试ik分词器是否安装成功\\n\\n安装完成后，我们再来进行测试遍，看看有什么样的变化。\\n\\npostman post请求分词测试：`http://服务器IP地址:9200/_analyze`\\n\\n```json\\n{\\n\\t\\\"tokenizer\\\":\\\"ik_smart\\\",// 分词器不同，这个地方也会有变化 具体的可能还需要去学习。\\n\\t\\\"text\\\":\\\"我爱技术\\\"\\n}\\n```\\n\\n![0e2bda8bee7440fe9911b786c9a29363.png](https://static.linhaojun.top/aurora/articles/aac3ae4c600f401b4ce1a25e733e4534.png)\\n\\n```json\\n{\\n    \\\"tokens\\\": [\\n        {\\n            \\\"token\\\": \\\"我\\\",\\n            \\\"start_offset\\\": 0,\\n            \\\"end_offset\\\": 1,\\n            \\\"type\\\": \\\"CN_CHAR\\\",\\n            \\\"position\\\": 0\\n        },\\n        {\\n            \\\"token\\\": \\\"爱\\\",\\n            \\\"start_offset\\\": 1,\\n            \\\"end_offset\\\": 2,\\n            \\\"type\\\": \\\"CN_CHAR\\\",\\n            \\\"position\\\": 1\\n        },\\n        {\\n            \\\"token\\\": \\\"技术\\\",\\n            \\\"start_offset\\\": 2,\\n            \\\"end_offset\\\": 4,\\n            \\\"type\\\": \\\"CN_WORD\\\",\\n            \\\"position\\\": 2\\n        }\\n    ]\\n}\\n```\\n\\n### 安装Elasticsearch可视化工具 | mobz/elasticsearch-head:5\\n\\n`Elasticsearch`可视化工具有多种，可以根据自己的喜好进行选择，我这里使用的是`mobz/elasticsearch-head:5`而已。\\n\\n1. 拉取镜像\\n\\n```shell\\ndocker pull mobz/elasticsearch-head:5\\n```\\n![533b907f8094484e94e7ede928bc80d2.png](https://static.linhaojun.top/aurora/articles/303d9cc8fe674a831b4fcfc56748ee0a.png)\\n\\n2. 启动镜像\\n\\n   ```shell\\n   docker run -d --name elasticsearch-head -p 9100:9100 mobz/elasticsearch-head:5\\n   ```\\n\\n![3576fd4f048b46c5bdc241d09facd478.png](https://static.linhaojun.top/aurora/articles/1c03e5ca92c146fbc100b87a0db04745.png)\\n\\n3. 测试\\n\\n   我们在浏览器访问：http://服务器IP:9100/\\n![746009504f2a4c9fb2c18e15095eec32.png](https://static.linhaojun.top/aurora/articles/59db93ca961f475d7478a84406ac6a6e.png)\\n   \\n   \\n\\n4. 可能出现的问题\\n\\n   elasticsearch配置文件elasticsearch.yml中 缺少了下列跨域配置\\n\\n   ```shell\\n   http.cors.enabled: true \\n   http.cors.allow-origin: \\\"*\\\"\\n   ```\\n\\n   \\n\\n## 12.4MySQL的部署\\n\\n1. 下载并运行\\n\\n   ```shell\\n   #拉取并运行容器\\n   docker run -d --name mysql-5.7 -p 3306:3306 -e MYSQL_ROOT_PASSWORD=123456 mysql:5.7\\n   ```\\n\\n   参数说明：\\n\\n   ```shell\\n   -p 3306:3306 ：映射容器服务的 3306 端口到宿主机的 3306 端口，外部主机可以直接通过 宿主机ip:3306 访问到 MySQL 的服务。\\n   MYSQL_ROOT_PASSWORD=123456：设置 MySQL 服务 默认账号root 用户的密码。\\n   ```\\n\\n2. 进入容器查看mysql服务\\n\\n   进入容器，并通过账号root查看MySQL服务能否正常连接\\n\\n   ```shell\\n   docker exec -it 9b3aad6819ff /bin/bashell\\n   mysql -h localhost -u root -p\\n   ```\\n\\n![1063e7abc3b9453e8962e2c80de648d1.png](https://static.linhaojun.top/aurora/articles/889d00a12113ff244fd97022cc05959b.png)\\n\",\"articleCover\":\"http://192.168.18.178:9000/public/aurora/articles/c1defe8c0cbeaa37e547475b7dd06127.jpg\",\"articleTitle\":\"2023-07-02\",\"categoryName\":\"毕业设计程序\",\"isFeatured\":0,\"isTop\":1,\"status\":1,\"tagNames\":[],\"type\":1}]', 'POST', '{\"code\":20000,\"flag\":true,\"message\":\"操作成功\"}', 1, 'admin', '172.17.0.1', '内网IP|内网IP', '2023-07-02 10:54:21', NULL);
INSERT INTO `t_operation_log` VALUES (65, 'aurora信息', '修改', '/admin/website/config', 'com.aurora.controller.AuroraInfoController.updateWebsiteConfig', '更新网站配置', '[{\"alipayQRCode\":\"https://static.linhaojun.top/config/da4c6d8c13f66a8dd6716ddb48d73299.jpg\",\"author\":\"阿泽\",\"authorAvatar\":\"http://192.168.18.178:9000/public/aurora/config/b1367d197dd77a9ab8fc4b06deb945f3.jpg\",\"authorIntro\":\"一个疯狂的码农\",\"beianNumber\":\"苏ICP备2022012376号\",\"csdn\":\"\",\"englishName\":\"bolg\",\"gitee\":\"https://gitee.com/linhaojun\",\"github\":\"https://github.com/linhaojun857\",\"isCommentReview\":0,\"isEmailNotice\":1,\"isReward\":1,\"juejin\":\"\",\"logo\":\"http://192.168.18.178:9000/public/aurora/config/47879beeeb9eb6c5de744e4e8bf9b8dd.jpg\",\"multiLanguage\":1,\"name\":\"阿泽博客\",\"notice\":\"请记得关注我哦\",\"qq\":\"\",\"qqLogin\":0,\"stackoverflow\":\"\",\"touristAvatar\":\"https://static.linhaojun.top/config/2af2e2db20740e712f0a011a6f8c9af5.jpg\",\"twitter\":\"\",\"userAvatar\":\"https://static.linhaojun.top/config/0af1901da1e64dfb99bb61db21e716c4.jpeg\",\"weChat\":\"\",\"websiteCreateTime\":\"2023-07-02\",\"weiXinQRCode\":\"https://static.linhaojun.top/config/ed47edae605f74306f751c6fba9f14bd.png\",\"weibo\":\"\",\"zhihu\":\"\"}]', 'PUT', '{\"code\":20000,\"flag\":true,\"message\":\"操作成功\"}', 1, 'admin', '172.17.0.1', '内网IP|内网IP', '2023-07-02 10:55:55', NULL);
INSERT INTO `t_operation_log` VALUES (66, '文章模块', '修改', '/admin/articles/topAndFeatured', 'com.aurora.controller.ArticleController.updateArticleTopAndFeatured', '修改文章是否置顶和推荐', '[{\"id\":1,\"isFeatured\":0,\"isTop\":0}]', 'PUT', '{\"code\":20000,\"flag\":true,\"message\":\"操作成功\"}', 1, 'admin', '172.17.0.1', '内网IP|内网IP', '2023-07-02 13:37:22', NULL);
INSERT INTO `t_operation_log` VALUES (67, '文章模块', '上传', '/admin/articles/images', 'com.aurora.controller.ArticleController.saveArticleImages', '上传文章图片', 'file', 'POST', '{\"code\":20000,\"data\":\"http://192.168.18.178:9000/public/aurora/articles/2fdec6aa19f4ea9d09fa563625cce7b4.jpg\",\"flag\":true,\"message\":\"操作成功\"}', 1, 'admin', '172.17.0.1', '内网IP|内网IP', '2023-07-02 14:40:00', NULL);
INSERT INTO `t_operation_log` VALUES (68, '文章模块', '新增或修改', '/admin/articles', 'com.aurora.controller.ArticleController.saveOrUpdateArticle', '保存和修改文章', '[{\"articleContent\":\"                              毕业设计目录（qq:2147054944）\\n1. 房屋租赁系统_ssm_\\n2. 销售管理系统_ssm_\\n3. 公司内部管理系统_ssh_\\n4. 报刊征订系统_servletJsp_\\n5. 学校论坛系统_ssm_\\n6. 教师学生作业设计_servletJsp_\\n7. 编译解释器_java_\\n8. 房屋租赁系统2_ssm_\\n9. 网上图书商城_servletJsp_\\n10. 记账管理系统_ssh_10\\n11. 移动端健康管理系统_servletJsp_\\n12. 停车位管理系统_springboot_\\n13. 扫雷游戏系统-毕业设计\\n14. 四种排序算法-课程设计\\n15. 童话书店系统_ssm_\\n16. 学生信息管理系统_servletJsp_\\n17. 学生成绩管理系统_ssh_\\n18. 图书管管理系统servletJsp_\\n19. 校园二手物品交易管理系统_ssh_\\n20. 蛋糕商城管理系统_ssm_15\\n21. C2C二手交易平台管理系统-毕业设计_ssm_\\n22. 校园卡管理系统-课程设计\\n23. 学生信息管理系统-设计模式\\n24. Echarts管理系统-课程设计\\n25. 学生信息管理-课程设计\\n26. 贪吃蛇-课程设计\\n27. 企业协同办公系统-毕业设计\\n28. Java聊天室-课程设计\\n29. 居家花瓶摆件商城系统-毕业设计(后台不完整)\\n30. 百脑汇商城管理系统-课程设计\\n31. 高校校园设备管理系统-毕业设计\\n32. 天猫商城管理系统-毕业设计\\n33. 超市会员管理系统-毕业设计\\n34. 电子商务商城管理系统-毕业设计\\n35. 校园图书捐赠管理系统-毕业设计\\n36. 公益捐赠管理系统-毕业设计\\n37. 网上商城管理系统-课程设计\\n38. 网上购物管理系统-毕业设计\\n39. 中国购物管理系统-毕业设计\\n40. 网上购物商城管理系统-毕业设计\\n41. 网上图书商城管理系统-毕业设计\\n42. 学生信息管理系统-毕业设计\\n43. 房屋租赁系统3_ssm_15\\n44. 校园活动管理-毕业设计\\n45. 自习室管理系统-毕业设计\\n46. 医院医生预约管理系统\\n47. 城市公交查询管理系统\\n48. 会议室预约管理系统\\n49. NBA网商平台管理系统\\n50. 在线考试管理系统\\n51. 在线考试管理系统\\n52. 小区物业管理系统\\n53. 手机商城管理系统\\n54. 同城上门维修平台管理系统\\n55. 智能化停车场管理系统-毕业设计\\n56. 音乐播放平台管理系统\\n57. JAVA个人博客管理系统\\n58. 酒店管理系统\\n59. 学生选课管理系统_servletJsp_10\\n60. 房屋出租管理系统\\n61. 超市收银与会员管理系统\\n62. 学系统生学籍管理\\n63. 学生寝室管理系统\\n64. 共享型汽车租赁管理系统\\n65. 毕业设计（论文）管理系统_ssm_15\\n66. 图书管理系统\\n67. 校园二手交易管理系统\\n68. 人才招聘管理系统\\n69. 医院管理系统_springboot_20\\n70. 在线考试管理系统\\n71. 网上餐厅管理系统\\n72. 网上订餐管理系统\\n73. 学院物资管理系统\\n74. 网上电子商城管理系统\\n75. 网上书店管理系统\\n76. 游泳馆管理系统\\n77. 仓库管理系统_ssm_15\\n78. SCUM电子商城管理系统\\n79. 人事管理系统\\n80. 商城后台管理系统\\n81. 学生推荐平台管理系统\\n82. 学生社团活动管理系统\\n83. 校园志愿者活动管理系统\\n84. 大学生学业规划咨询服务平台管理系统_servletJsp_10\\n85. 网上求职招聘管理系统\\n86. 饮品店接单网页管理系统\\n87. 家用电器购物商城管理系统\\n88. 长乐文学小说管理系统\\n89. 医院管理系统\\n90. 学习英语管理系统\\n91. 毕业设计（论文）管理系统2\\n92. 拍卖管理系统\\n93. 学生成绩管理系统\\n94. 学生在线考试管理系统\\n95. 超市收银管理系统\\n96. 图书后台管理系统\\n97. 高校社团管理系统\\n98. 宠物医院管理系统\\n99. 招聘之家管理系统\\n100. 校园垃圾分类管理系统\\n101. 药品管理系统\\n102. 仓库管理系统\\n103. 就业信息平台管理系统\\n104. 疫情学校信息登记管理系统\\n105. OA工作流管理系统\\n106. 传智书城管理系统\\n107. 二手汽车销售管理系统\\n108. 团队管理系统\\n109. 超市账单管理系统\\n110. 艺术品网络展示管理系统\\n111. 游戏商城管理系统\\n112.二手房租售管理系统\\n113. 宾馆管理系统\\n114. 电影票务管理系统\\n115. 学生宿舍管理系统\\n116. 学生图书管理系统\\n117. 二手车交易管理系统\\n118. 聊天室管理系统\\n119. 物流管理系统\\n120. 餐馆管理系统\\n121. 网络在线答疑系统\\n122. 病人信息管理系统\\n123. 仓库管理系统_springboot\\n124. 学生选课管理系统_springboot\\n125. 酒店管理系统_springboot\\n126. 图书管理系统_springboot\\n127. 电子商城系统_springboot\\n128. 火车票订票管理系统_springboot\\n129. 留学生管理系统_springboot\\n130. 商城系统_springboot\\n131. 学生选课管理系统\\n132. 学生信息管理系统_springboot\\n133. 图书馆管理系统_springboot\\n134. 电子商务系统_springboot\\n135. 音乐网站管理系统_springboot\\n136. 酒店管理系统_springboot\\n137. 医院挂号系统_springboot\\n138. 在线考试系统_springboot\\n139. 学生选课管理系统\\n140. 商城系统_springboot\\n141. 学生信息管理系统_springboot\\n142. 人事管理系统_springboot\\n143. 医院挂号系统_springboot\\n144. 音乐网站管理系统_springboot\\n145. 图书馆管理系统_springboot\\n146. 网上商城管理系统_springboot\\n147. 在线考试系统_springboot\\n148. 员工信息管理系统_springboot\\n149. 学生信息管理系统_springboot\\n150. 项目调度管理系统\\n151. 教学考勤管理系统\\n152. 金港宾馆管理系统\\n153. 医院病历管理系统\\n154. 扶贫助农管理系统\\n155. 实验室管理系统\\n156. 手机点餐管理系统\\n157. 学生综合素质测评管理系统\\n158. 游泳馆信息管理系统\\n159. 小区物业管理系统\\n160. 考试报名管理系统\\n161. 新闻管理系统\\n162. 校园二手交易平台管理系统\\n163. 减肥商城管理系统\\n164. 自来水分公司水费管理系统\\n165. 网络测评管理系统\\n166. 汽车租赁管理系统\\n167. 机票订购管理系统\\n168. 智慧公寓管理系统\\n169. 垃圾分类网站管理系统\\n170. 毕业生就业信息管理系统\\n171. 大学生创新创业项目管理系统\\n172. 爱心助力商城管理系统\\n173. 运动健身管理系统\\n174. 校园故障报修管理系统\\n175. 二手房买卖信息管理系统\\n176. 宿舍管理系统\\n177. 网上鲜花交易管理系统\\n178. 网上体育用品商城管理系统\\n179. 冷链运输管理系统\\n180. 应急物资保障管理系统\\n181. 水族用品网上直销管理系统\\n182. 电子商城管理商城\\n183. 实验室智能化管理系统\\n184. 校园购物网站管理系统\\n185. 地球物理台管理系统\\n186. 智能算法中台管理系统\\n187. 旅游景区游玩管理系统\\n188. 摄影管理系统\\n189. 影院电影售票管理系统\\n190. 影院电影管理系统\\n191. 网上购物商城管理系统\\n192. 微信小程序购物商城管理系统\\n193. 电影订票购票管理系统\\n194. 电影院购票管理系统_servletJsp_\\n195. 新冠密接模式挖掘管理系统\\n196. 公选课在线选课管理系统\\n197. 水果图片信息管理系统\\n198. 零件交易中心管理系统\\n199. 健身中心会员管理系统_springboot_\\n200. 学生公寓管理系统\\n201. 学生宿舍管理系统\\n202. 健身房管理系统\\n203. 学生成绩管理系统_servletJsp_\\n204. 个人信息管理系统\\n205. 员工信息管理系统\\n206. 学生成绩管理系统\\n207. 汽车租聘管理系统\\n208. 流浪猫狗救助管理系统\\n209. 民宿房源管理系统\\n210. 音乐管理系统_springboot_\\n211. 货车管理系统\\n212. 客户管理系统\\n213. 生鲜商城管理系统\\n214. 网络聊天室JavaWeb\\n215. 宠物领养救助管理系统\\n216. 物流快递管理系统\\n217. 库存管理系统\\n218. 公司人员信息管理系统_ssm_\\n219. 高校教材仓库管理系统\\n220. 商城管理系统\\n221. 个人博客管理系统_springboot_\\n222. 网课管理系统\\n223. 茶叶商城管理系统\\n224. 乡村农产品销管理系统\\n225. 疫情防控管理系统\\n226. 货运中转管理系统\\n227. 上门维修管理系统_ssm\\n228. 教务管理系统_springboot\\n229. 鞋店在线销售管理系统_springboot\\n230. 校园二手市场平台管理系统_springboot\\n231. 高校教育综合管理系统_springboot\\n232. 画手交易管理系统_springboot\\n233. 校园快递服务管理系统_ssm_15\\n234. 超市进销存管理系统_springboot\\n235. 校园迎新信息管理系统_ssm_15\\n236. 教育互助管理系统_springboot\\n237. 网上蛋糕商城管理系统_springboot\\n238. 高校宿舍管理系统_ssm\\n239. 考研资讯平台管理系统_springboot\\n240. 医院住院预约管理系统_springboot\\n241. 虚拟商品管理系统_ssm\\n242. 汽车租赁管理系统_springboot\\n243. 汽车在线销售管理系统_ssm\\n244. 书店管理系统_springboot\\n245. 图书馆管理系统_servletJsp\\n246. 税务管理系统_springboot\\n247. 在线心理测评管理系统_springboot\\n248. 自媒体视频推送管理系统_springboot\\n249. 医院医疗预约服务信息管理系统_springboot\\n250. 物流信息管理系统_springboot\\n251. 企业OA办公管理系统_ssm\\n\\n\",\"articleCover\":\"http://192.168.18.178:9000/public/aurora/articles/2fdec6aa19f4ea9d09fa563625cce7b4.jpg\",\"articleTitle\":\"毕业设计目录大全\",\"categoryName\":\"毕业设计程序\",\"isFeatured\":1,\"isTop\":1,\"status\":1,\"tagNames\":[],\"type\":1}]', 'POST', '{\"code\":20000,\"flag\":true,\"message\":\"操作成功\"}', 1, 'admin', '172.17.0.1', '内网IP|内网IP', '2023-07-02 14:40:09', NULL);
INSERT INTO `t_operation_log` VALUES (69, '标签模块', '新增或修改', '/admin/tags', 'com.aurora.controller.TagController.saveOrUpdateTag', '添加或修改标签', '[{\"tagName\":\"毕业设计程序\"}]', 'POST', '{\"code\":20000,\"flag\":true,\"message\":\"操作成功\"}', 1, 'admin', '172.17.0.1', '内网IP|内网IP', '2023-07-02 15:04:06', NULL);
INSERT INTO `t_operation_log` VALUES (70, '标签模块', '新增或修改', '/admin/tags', 'com.aurora.controller.TagController.saveOrUpdateTag', '添加或修改标签', '[{\"tagName\":\"java\"}]', 'POST', '{\"code\":20000,\"flag\":true,\"message\":\"操作成功\"}', 1, 'admin', '172.17.0.1', '内网IP|内网IP', '2023-07-02 15:04:19', NULL);
INSERT INTO `t_operation_log` VALUES (71, '标签模块', '新增或修改', '/admin/tags', 'com.aurora.controller.TagController.saveOrUpdateTag', '添加或修改标签', '[{\"tagName\":\"springboot\"}]', 'POST', '{\"code\":20000,\"flag\":true,\"message\":\"操作成功\"}', 1, 'admin', '172.17.0.1', '内网IP|内网IP', '2023-07-02 15:04:25', NULL);
INSERT INTO `t_operation_log` VALUES (72, '标签模块', '新增或修改', '/admin/tags', 'com.aurora.controller.TagController.saveOrUpdateTag', '添加或修改标签', '[{\"tagName\":\"mysql\"}]', 'POST', '{\"code\":20000,\"flag\":true,\"message\":\"操作成功\"}', 1, 'admin', '172.17.0.1', '内网IP|内网IP', '2023-07-02 15:04:33', NULL);
INSERT INTO `t_operation_log` VALUES (73, '分类模块', '新增或修改', '/admin/categories', 'com.aurora.controller.CategoryController.saveOrUpdateCategory', '添加或修改分类', '[{\"categoryName\":\"学习\"}]', 'POST', '{\"code\":20000,\"flag\":true,\"message\":\"操作成功\"}', 1, 'admin', '172.17.0.1', '内网IP|内网IP', '2023-07-02 15:04:44', NULL);
INSERT INTO `t_operation_log` VALUES (74, '文章模块', '新增或修改', '/admin/articles', 'com.aurora.controller.ArticleController.saveOrUpdateArticle', '保存和修改文章', '[{\"articleContent\":\"                              毕业设计目录（qq:2147054944）\\n[房屋租赁系统](1. 房屋租赁系统_ssm)\\n2. 销售管理系统_ssm\\n3. 公司内部管理系统_ssh\\n4. 报刊征订系统_servletJsp\\n5. 学校论坛系统_ssm\\n6. 教师学生作业设计_servletJsp\\n7. 编译解释器_java\\n8. 房屋租赁系统2_ssm_\\n9. 网上图书商城_servletJsp\\n10. 记账管理系统_ssh_10\\n11. 移动端健康管理系统_servletJsp\\n12. 停车位管理系统_springboot\\n13. 扫雷游戏系统-毕业设计\\n14. 四种排序算法-课程设计\\n15. 童话书店系统_ssm_\\n16. 学生信息管理系统_servletJsp\\n17. 学生成绩管理系统_ssh\\n18. 图书管管理系统servletJsp\\n19. 校园二手物品交易管理系统_ssh\\n20. 蛋糕商城管理系统_ssm_15\\n21. C2C二手交易平台管理系统-毕业设计_ssm\\n22. 校园卡管理系统-课程设计\\n23. 学生信息管理系统-设计模式\\n24. Echarts管理系统-课程设计\\n25. 学生信息管理-课程设计\\n26. 贪吃蛇-课程设计\\n27. 企业协同办公系统-毕业设计\\n28. Java聊天室-课程设计\\n29. 居家花瓶摆件商城系统-毕业设计(后台不完整)\\n30. 百脑汇商城管理系统-课程设计\\n31. 高校校园设备管理系统-毕业设计\\n32. 天猫商城管理系统-毕业设计\\n33. 超市会员管理系统-毕业设计\\n34. 电子商务商城管理系统-毕业设计\\n35. 校园图书捐赠管理系统-毕业设计\\n36. 公益捐赠管理系统-毕业设计\\n37. 网上商城管理系统-课程设计\\n38. 网上购物管理系统-毕业设计\\n39. 中国购物管理系统-毕业设计\\n40. 网上购物商城管理系统-毕业设计\\n41. 网上图书商城管理系统-毕业设计\\n42. 学生信息管理系统-毕业设计\\n43. 房屋租赁系统3_ssm_15\\n44. 校园活动管理-毕业设计\\n45. 自习室管理系统-毕业设计\\n46. 医院医生预约管理系统\\n47. 城市公交查询管理系统\\n48. 会议室预约管理系统\\n49. NBA网商平台管理系统\\n50. 在线考试管理系统\\n51. 在线考试管理系统\\n52. 小区物业管理系统\\n53. 手机商城管理系统\\n54. 同城上门维修平台管理系统\\n55. 智能化停车场管理系统-毕业设计\\n56. 音乐播放平台管理系统\\n57. JAVA个人博客管理系统\\n58. 酒店管理系统\\n59. 学生选课管理系统_servletJsp_10\\n60. 房屋出租管理系统\\n61. 超市收银与会员管理系统\\n62. 学系统生学籍管理\\n63. 学生寝室管理系统\\n64. 共享型汽车租赁管理系统\\n65. 毕业设计（论文）管理系统_ssm_15\\n66. 图书管理系统\\n67. 校园二手交易管理系统\\n68. 人才招聘管理系统\\n69. 医院管理系统_springboot_20\\n70. 在线考试管理系统\\n71. 网上餐厅管理系统\\n72. 网上订餐管理系统\\n73. 学院物资管理系统\\n74. 网上电子商城管理系统\\n75. 网上书店管理系统\\n76. 游泳馆管理系统\\n77. 仓库管理系统_ssm_15\\n78. SCUM电子商城管理系统\\n79. 人事管理系统\\n80. 商城后台管理系统\\n81. 学生推荐平台管理系统\\n82. 学生社团活动管理系统\\n83. 校园志愿者活动管理系统\\n84. 大学生学业规划咨询服务平台管理系统_servletJsp_10\\n85. 网上求职招聘管理系统\\n86. 饮品店接单网页管理系统\\n87. 家用电器购物商城管理系统\\n88. 长乐文学小说管理系统\\n89. 医院管理系统\\n90. 学习英语管理系统\\n91. 毕业设计（论文）管理系统2\\n92. 拍卖管理系统\\n93. 学生成绩管理系统\\n94. 学生在线考试管理系统\\n95. 超市收银管理系统\\n96. 图书后台管理系统\\n97. 高校社团管理系统\\n98. 宠物医院管理系统\\n99. 招聘之家管理系统\\n100. 校园垃圾分类管理系统\\n101. 药品管理系统\\n102. 仓库管理系统\\n103. 就业信息平台管理系统\\n104. 疫情学校信息登记管理系统\\n105. OA工作流管理系统\\n106. 传智书城管理系统\\n107. 二手汽车销售管理系统\\n108. 团队管理系统\\n109. 超市账单管理系统\\n110. 艺术品网络展示管理系统\\n111. 游戏商城管理系统\\n112.二手房租售管理系统\\n113. 宾馆管理系统\\n114. 电影票务管理系统\\n115. 学生宿舍管理系统\\n116. 学生图书管理系统\\n117. 二手车交易管理系统\\n118. 聊天室管理系统\\n119. 物流管理系统\\n120. 餐馆管理系统\\n121. 网络在线答疑系统\\n122. 病人信息管理系统\\n123. 仓库管理系统_springboot\\n124. 学生选课管理系统_springboot\\n125. 酒店管理系统_springboot\\n126. 图书管理系统_springboot\\n127. 电子商城系统_springboot\\n128. 火车票订票管理系统_springboot\\n129. 留学生管理系统_springboot\\n130. 商城系统_springboot\\n131. 学生选课管理系统\\n132. 学生信息管理系统_springboot\\n133. 图书馆管理系统_springboot\\n134. 电子商务系统_springboot\\n135. 音乐网站管理系统_springboot\\n136. 酒店管理系统_springboot\\n137. 医院挂号系统_springboot\\n138. 在线考试系统_springboot\\n139. 学生选课管理系统\\n140. 商城系统_springboot\\n141. 学生信息管理系统_springboot\\n142. 人事管理系统_springboot\\n143. 医院挂号系统_springboot\\n144. 音乐网站管理系统_springboot\\n145. 图书馆管理系统_springboot\\n146. 网上商城管理系统_springboot\\n147. 在线考试系统_springboot\\n148. 员工信息管理系统_springboot\\n149. 学生信息管理系统_springboot\\n150. 项目调度管理系统\\n151. 教学考勤管理系统\\n152. 金港宾馆管理系统\\n153. 医院病历管理系统\\n154. 扶贫助农管理系统\\n155. 实验室管理系统\\n156. 手机点餐管理系统\\n157. 学生综合素质测评管理系统\\n158. 游泳馆信息管理系统\\n159. 小区物业管理系统\\n160. 考试报名管理系统\\n161. 新闻管理系统\\n162. 校园二手交易平台管理系统\\n163. 减肥商城管理系统\\n164. 自来水分公司水费管理系统\\n165. 网络测评管理系统\\n166. 汽车租赁管理系统\\n167. 机票订购管理系统\\n168. 智慧公寓管理系统\\n169. 垃圾分类网站管理系统\\n170. 毕业生就业信息管理系统\\n171. 大学生创新创业项目管理系统\\n172. 爱心助力商城管理系统\\n173. 运动健身管理系统\\n174. 校园故障报修管理系统\\n175. 二手房买卖信息管理系统\\n176. 宿舍管理系统\\n177. 网上鲜花交易管理系统\\n178. 网上体育用品商城管理系统\\n179. 冷链运输管理系统\\n180. 应急物资保障管理系统\\n181. 水族用品网上直销管理系统\\n182. 电子商城管理商城\\n183. 实验室智能化管理系统\\n184. 校园购物网站管理系统\\n185. 地球物理台管理系统\\n186. 智能算法中台管理系统\\n187. 旅游景区游玩管理系统\\n188. 摄影管理系统\\n189. 影院电影售票管理系统\\n190. 影院电影管理系统\\n191. 网上购物商城管理系统\\n192. 微信小程序购物商城管理系统\\n193. 电影订票购票管理系统\\n194. 电影院购票管理系统_servletJsp_\\n195. 新冠密接模式挖掘管理系统\\n196. 公选课在线选课管理系统\\n197. 水果图片信息管理系统\\n198. 零件交易中心管理系统\\n199. 健身中心会员管理系统_springboot_\\n200. 学生公寓管理系统\\n201. 学生宿舍管理系统\\n202. 健身房管理系统\\n203. 学生成绩管理系统_servletJsp_\\n204. 个人信息管理系统\\n205. 员工信息管理系统\\n206. 学生成绩管理系统\\n207. 汽车租聘管理系统\\n208. 流浪猫狗救助管理系统\\n209. 民宿房源管理系统\\n210. 音乐管理系统_springboot_\\n211. 货车管理系统\\n212. 客户管理系统\\n213. 生鲜商城管理系统\\n214. 网络聊天室JavaWeb\\n215. 宠物领养救助管理系统\\n216. 物流快递管理系统\\n217. 库存管理系统\\n218. 公司人员信息管理系统_ssm_\\n219. 高校教材仓库管理系统\\n220. 商城管理系统\\n221. 个人博客管理系统_springboot_\\n222. 网课管理系统\\n223. 茶叶商城管理系统\\n224. 乡村农产品销管理系统\\n225. 疫情防控管理系统\\n226. 货运中转管理系统\\n227. 上门维修管理系统_ssm\\n228. 教务管理系统_springboot\\n229. 鞋店在线销售管理系统_springboot\\n230. 校园二手市场平台管理系统_springboot\\n231. 高校教育综合管理系统_springboot\\n232. 画手交易管理系统_springboot\\n233. 校园快递服务管理系统_ssm_15\\n234. 超市进销存管理系统_springboot\\n235. 校园迎新信息管理系统_ssm_15\\n236. 教育互助管理系统_springboot\\n237. 网上蛋糕商城管理系统_springboot\\n238. 高校宿舍管理系统_ssm\\n239. 考研资讯平台管理系统_springboot\\n240. 医院住院预约管理系统_springboot\\n241. 虚拟商品管理系统_ssm\\n242. 汽车租赁管理系统_springboot\\n243. 汽车在线销售管理系统_ssm\\n244. 书店管理系统_springboot\\n245. 图书馆管理系统_servletJsp\\n246. 税务管理系统_springboot\\n247. 在线心理测评管理系统_springboot\\n248. 自媒体视频推送管理系统_springboot\\n249. 医院医疗预约服务信息管理系统_springboot\\n250. 物流信息管理系统_springboot\\n251. 企业OA办公管理系统_ssm\\n\\n\",\"articleCover\":\"http://192.168.18.178:9000/public/aurora/articles/2fdec6aa19f4ea9d09fa563625cce7b4.jpg\",\"articleTitle\":\"毕业设计请联系qq:3075018900\",\"categoryName\":\"毕业设计程序\",\"id\":2,\"isFeatured\":1,\"isTop\":1,\"status\":1,\"tagNames\":[],\"type\":1}]', 'POST', '{\"code\":20000,\"flag\":true,\"message\":\"操作成功\"}', 1, 'admin', '172.17.0.1', '内网IP|内网IP', '2023-07-02 15:07:29', NULL);
INSERT INTO `t_operation_log` VALUES (75, '文章模块', '新增或修改', '/admin/articles', 'com.aurora.controller.ArticleController.saveOrUpdateArticle', '保存和修改文章', '[{\"articleContent\":\"                             ++###  毕业设计目录（qq:2147054944）++\\n1. 房屋租赁系统_ssm\\n2. 销售管理系统_ssm\\n3. 公司内部管理系统_ssh\\n4. 报刊征订系统_servletJsp\\n5. 学校论坛系统_ssm\\n6. 教师学生作业设计_servletJsp\\n7. 编译解释器_java\\n8. 房屋租赁系统2_ssm_\\n9. 网上图书商城_servletJsp\\n10. 记账管理系统_ssh_10\\n11. 移动端健康管理系统_servletJsp\\n12. 停车位管理系统_springboot\\n13. 扫雷游戏系统-毕业设计\\n14. 四种排序算法-课程设计\\n15. 童话书店系统_ssm_\\n16. 学生信息管理系统_servletJsp\\n17. 学生成绩管理系统_ssh\\n18. 图书管管理系统servletJsp\\n19. 校园二手物品交易管理系统_ssh\\n20. 蛋糕商城管理系统_ssm_15\\n21. C2C二手交易平台管理系统-毕业设计_ssm\\n22. 校园卡管理系统-课程设计\\n23. 学生信息管理系统-设计模式\\n24. Echarts管理系统-课程设计\\n25. 学生信息管理-课程设计\\n26. 贪吃蛇-课程设计\\n27. 企业协同办公系统-毕业设计\\n28. Java聊天室-课程设计\\n29. 居家花瓶摆件商城系统-毕业设计(后台不完整)\\n30. 百脑汇商城管理系统-课程设计\\n31. 高校校园设备管理系统-毕业设计\\n32. 天猫商城管理系统-毕业设计\\n33. 超市会员管理系统-毕业设计\\n34. 电子商务商城管理系统-毕业设计\\n35. 校园图书捐赠管理系统-毕业设计\\n36. 公益捐赠管理系统-毕业设计\\n37. 网上商城管理系统-课程设计\\n38. 网上购物管理系统-毕业设计\\n39. 中国购物管理系统-毕业设计\\n40. 网上购物商城管理系统-毕业设计\\n41. 网上图书商城管理系统-毕业设计\\n42. 学生信息管理系统-毕业设计\\n43. 房屋租赁系统3_ssm_15\\n44. 校园活动管理-毕业设计\\n45. 自习室管理系统-毕业设计\\n46. 医院医生预约管理系统\\n47. 城市公交查询管理系统\\n48. 会议室预约管理系统\\n49. NBA网商平台管理系统\\n50. 在线考试管理系统\\n51. 在线考试管理系统\\n52. 小区物业管理系统\\n53. 手机商城管理系统\\n54. 同城上门维修平台管理系统\\n55. 智能化停车场管理系统-毕业设计\\n56. 音乐播放平台管理系统\\n57. JAVA个人博客管理系统\\n58. 酒店管理系统\\n59. 学生选课管理系统_servletJsp_10\\n60. 房屋出租管理系统\\n61. 超市收银与会员管理系统\\n62. 学系统生学籍管理\\n63. 学生寝室管理系统\\n64. 共享型汽车租赁管理系统\\n65. 毕业设计（论文）管理系统_ssm_15\\n66. 图书管理系统\\n67. 校园二手交易管理系统\\n68. 人才招聘管理系统\\n69. 医院管理系统_springboot_20\\n70. 在线考试管理系统\\n71. 网上餐厅管理系统\\n72. 网上订餐管理系统\\n73. 学院物资管理系统\\n74. 网上电子商城管理系统\\n75. 网上书店管理系统\\n76. 游泳馆管理系统\\n77. 仓库管理系统_ssm_15\\n78. SCUM电子商城管理系统\\n79. 人事管理系统\\n80. 商城后台管理系统\\n81. 学生推荐平台管理系统\\n82. 学生社团活动管理系统\\n83. 校园志愿者活动管理系统\\n84. 大学生学业规划咨询服务平台管理系统_servletJsp_10\\n85. 网上求职招聘管理系统\\n86. 饮品店接单网页管理系统\\n87. 家用电器购物商城管理系统\\n88. 长乐文学小说管理系统\\n89. 医院管理系统\\n90. 学习英语管理系统\\n91. 毕业设计（论文）管理系统2\\n92. 拍卖管理系统\\n93. 学生成绩管理系统\\n94. 学生在线考试管理系统\\n95. 超市收银管理系统\\n96. 图书后台管理系统\\n97. 高校社团管理系统\\n98. 宠物医院管理系统\\n99. 招聘之家管理系统\\n100. 校园垃圾分类管理系统\\n101. 药品管理系统\\n102. 仓库管理系统\\n103. 就业信息平台管理系统\\n104. 疫情学校信息登记管理系统\\n105. OA工作流管理系统\\n106. 传智书城管理系统\\n107. 二手汽车销售管理系统\\n108. 团队管理系统\\n109. 超市账单管理系统\\n110. 艺术品网络展示管理系统\\n111. 游戏商城管理系统\\n112.二手房租售管理系统\\n113. 宾馆管理系统\\n114. 电影票务管理系统\\n115. 学生宿舍管理系统\\n116. 学生图书管理系统\\n117. 二手车交易管理系统\\n118. 聊天室管理系统\\n119. 物流管理系统\\n120. 餐馆管理系统\\n121. 网络在线答疑系统\\n122. 病人信息管理系统\\n123. 仓库管理系统_springboot\\n124. 学生选课管理系统_springboot\\n125. 酒店管理系统_springboot\\n126. 图书管理系统_springboot\\n127. 电子商城系统_springboot\\n128. 火车票订票管理系统_springboot\\n129. 留学生管理系统_springboot\\n130. 商城系统_springboot\\n131. 学生选课管理系统\\n132. 学生信息管理系统_springboot\\n133. 图书馆管理系统_springboot\\n134. 电子商务系统_springboot\\n135. 音乐网站管理系统_springboot\\n136. 酒店管理系统_springboot\\n137. 医院挂号系统_springboot\\n138. 在线考试系统_springboot\\n139. 学生选课管理系统\\n140. 商城系统_springboot\\n141. 学生信息管理系统_springboot\\n142. 人事管理系统_springboot\\n143. 医院挂号系统_springboot\\n144. 音乐网站管理系统_springboot\\n145. 图书馆管理系统_springboot\\n146. 网上商城管理系统_springboot\\n147. 在线考试系统_springboot\\n148. 员工信息管理系统_springboot\\n149. 学生信息管理系统_springboot\\n150. 项目调度管理系统\\n151. 教学考勤管理系统\\n152. 金港宾馆管理系统\\n153. 医院病历管理系统\\n154. 扶贫助农管理系统\\n155. 实验室管理系统\\n156. 手机点餐管理系统\\n157. 学生综合素质测评管理系统\\n158. 游泳馆信息管理系统\\n159. 小区物业管理系统\\n160. 考试报名管理系统\\n161. 新闻管理系统\\n162. 校园二手交易平台管理系统\\n163. 减肥商城管理系统\\n164. 自来水分公司水费管理系统\\n165. 网络测评管理系统\\n166. 汽车租赁管理系统\\n167. 机票订购管理系统\\n168. 智慧公寓管理系统\\n169. 垃圾分类网站管理系统\\n170. 毕业生就业信息管理系统\\n171. 大学生创新创业项目管理系统\\n172. 爱心助力商城管理系统\\n173. 运动健身管理系统\\n174. 校园故障报修管理系统\\n175. 二手房买卖信息管理系统\\n176. 宿舍管理系统\\n177. 网上鲜花交易管理系统\\n178. 网上体育用品商城管理系统\\n179. 冷链运输管理系统\\n180. 应急物资保障管理系统\\n181. 水族用品网上直销管理系统\\n182. 电子商城管理商城\\n183. 实验室智能化管理系统\\n184. 校园购物网站管理系统\\n185. 地球物理台管理系统\\n186. 智能算法中台管理系统\\n187. 旅游景区游玩管理系统\\n188. 摄影管理系统\\n189. 影院电影售票管理系统\\n190. 影院电影管理系统\\n191. 网上购物商城管理系统\\n192. 微信小程序购物商城管理系统\\n193. 电影订票购票管理系统\\n194. 电影院购票管理系统_servletJsp_\\n195. 新冠密接模式挖掘管理系统\\n196. 公选课在线选课管理系统\\n197. 水果图片信息管理系统\\n198. 零件交易中心管理系统\\n199. 健身中心会员管理系统_springboot_\\n200. 学生公寓管理系统\\n201. 学生宿舍管理系统\\n202. 健身房管理系统\\n203. 学生成绩管理系统_servletJsp_\\n204. 个人信息管理系统\\n205. 员工信息管理系统\\n206. 学生成绩管理系统\\n207. 汽车租聘管理系统\\n208. 流浪猫狗救助管理系统\\n209. 民宿房源管理系统\\n210. 音乐管理系统_springboot_\\n211. 货车管理系统\\n212. 客户管理系统\\n213. 生鲜商城管理系统\\n214. 网络聊天室JavaWeb\\n215. 宠物领养救助管理系统\\n216. 物流快递管理系统\\n217. 库存管理系统\\n218. 公司人员信息管理系统_ssm_\\n219. 高校教材仓库管理系统\\n220. 商城管理系统\\n221. 个人博客管理系统_springboot_\\n222. 网课管理系统\\n223. 茶叶商城管理系统\\n224. 乡村农产品销管理系统\\n225. 疫情防控管理系统\\n226. 货运中转管理系统\\n227. 上门维修管理系统_ssm\\n228. 教务管理系统_springboot\\n229. 鞋店在线销售管理系统_springboot\\n230. 校园二手市场平台管理系统_springboot\\n231. 高校教育综合管理系统_springboot\\n232. 画手交易管理系统_springboot\\n233. 校园快递服务管理系统_ssm_15\\n234. 超市进销存管理系统_springboot\\n235. 校园迎新信息管理系统_ssm_15\\n236. 教育互助管理系统_springboot\\n237. 网上蛋糕商城管理系统_springboot\\n238. 高校宿舍管理系统_ssm\\n239. 考研资讯平台管理系统_springboot\\n240. 医院住院预约管理系统_springboot\\n241. 虚拟商品管理系统_ssm\\n242. 汽车租赁管理系统_springboot\\n243. 汽车在线销售管理系统_ssm\\n244. 书店管理系统_springboot\\n245. 图书馆管理系统_servletJsp\\n246. 税务管理系统_springboot\\n247. 在线心理测评管理系统_springboot\\n248. 自媒体视频推送管理系统_springboot\\n249. 医院医疗预约服务信息管理系统_springboot\\n250. 物流信息管理系统_springboot\\n251. 企业OA办公管理系统_ssm\\n\\n\",\"articleCover\":\"http://192.168.18.178:9000/public/aurora/articles/2fdec6aa19f4ea9d09fa563625cce7b4.jpg\",\"articleTitle\":\"毕业设计请联系qq:3075018900\",\"categoryName\":\"毕业设计程序\",\"id\":2,\"isFeatured\":1,\"isTop\":1,\"status\":1,\"tagNames\":[],\"type\":1}]', 'POST', '{\"code\":20000,\"flag\":true,\"message\":\"操作成功\"}', 1, 'admin', '172.17.0.1', '内网IP|内网IP', '2023-07-02 15:08:39', NULL);
INSERT INTO `t_operation_log` VALUES (76, '文章模块', '新增或修改', '/admin/articles', 'com.aurora.controller.ArticleController.saveOrUpdateArticle', '保存和修改文章', '[{\"articleContent\":\"                             毕业设计目录（qq:2147054944）\\n1. 房屋租赁系统_ssm----[www.baidu.com]()\\n2. 销售管理系统_ssm\\n3. 公司内部管理系统_ssh\\n4. 报刊征订系统_servletJsp\\n5. 学校论坛系统_ssm\\n6. 教师学生作业设计_servletJsp\\n7. 编译解释器_java\\n8. 房屋租赁系统2_ssm_\\n9. 网上图书商城_servletJsp\\n10. 记账管理系统_ssh_10\\n11. 移动端健康管理系统_servletJsp\\n12. 停车位管理系统_springboot\\n13. 扫雷游戏系统-毕业设计\\n14. 四种排序算法-课程设计\\n15. 童话书店系统_ssm_\\n16. 学生信息管理系统_servletJsp\\n17. 学生成绩管理系统_ssh\\n18. 图书管管理系统servletJsp\\n19. 校园二手物品交易管理系统_ssh\\n20. 蛋糕商城管理系统_ssm_15\\n21. C2C二手交易平台管理系统-毕业设计_ssm\\n22. 校园卡管理系统-课程设计\\n23. 学生信息管理系统-设计模式\\n24. Echarts管理系统-课程设计\\n25. 学生信息管理-课程设计\\n26. 贪吃蛇-课程设计\\n27. 企业协同办公系统-毕业设计\\n28. Java聊天室-课程设计\\n29. 居家花瓶摆件商城系统-毕业设计(后台不完整)\\n30. 百脑汇商城管理系统-课程设计\\n31. 高校校园设备管理系统-毕业设计\\n32. 天猫商城管理系统-毕业设计\\n33. 超市会员管理系统-毕业设计\\n34. 电子商务商城管理系统-毕业设计\\n35. 校园图书捐赠管理系统-毕业设计\\n36. 公益捐赠管理系统-毕业设计\\n37. 网上商城管理系统-课程设计\\n38. 网上购物管理系统-毕业设计\\n39. 中国购物管理系统-毕业设计\\n40. 网上购物商城管理系统-毕业设计\\n41. 网上图书商城管理系统-毕业设计\\n42. 学生信息管理系统-毕业设计\\n43. 房屋租赁系统3_ssm_15\\n44. 校园活动管理-毕业设计\\n45. 自习室管理系统-毕业设计\\n46. 医院医生预约管理系统\\n47. 城市公交查询管理系统\\n48. 会议室预约管理系统\\n49. NBA网商平台管理系统\\n50. 在线考试管理系统\\n51. 在线考试管理系统\\n52. 小区物业管理系统\\n53. 手机商城管理系统\\n54. 同城上门维修平台管理系统\\n55. 智能化停车场管理系统-毕业设计\\n56. 音乐播放平台管理系统\\n57. JAVA个人博客管理系统\\n58. 酒店管理系统\\n59. 学生选课管理系统_servletJsp_10\\n60. 房屋出租管理系统\\n61. 超市收银与会员管理系统\\n62. 学系统生学籍管理\\n63. 学生寝室管理系统\\n64. 共享型汽车租赁管理系统\\n65. 毕业设计（论文）管理系统_ssm_15\\n66. 图书管理系统\\n67. 校园二手交易管理系统\\n68. 人才招聘管理系统\\n69. 医院管理系统_springboot_20\\n70. 在线考试管理系统\\n71. 网上餐厅管理系统\\n72. 网上订餐管理系统\\n73. 学院物资管理系统\\n74. 网上电子商城管理系统\\n75. 网上书店管理系统\\n76. 游泳馆管理系统\\n77. 仓库管理系统_ssm_15\\n78. SCUM电子商城管理系统\\n79. 人事管理系统\\n80. 商城后台管理系统\\n81. 学生推荐平台管理系统\\n82. 学生社团活动管理系统\\n83. 校园志愿者活动管理系统\\n84. 大学生学业规划咨询服务平台管理系统_servletJsp_10\\n85. 网上求职招聘管理系统\\n86. 饮品店接单网页管理系统\\n87. 家用电器购物商城管理系统\\n88. 长乐文学小说管理系统\\n89. 医院管理系统\\n90. 学习英语管理系统\\n91. 毕业设计（论文）管理系统2\\n92. 拍卖管理系统\\n93. 学生成绩管理系统\\n94. 学生在线考试管理系统\\n95. 超市收银管理系统\\n96. 图书后台管理系统\\n97. 高校社团管理系统\\n98. 宠物医院管理系统\\n99. 招聘之家管理系统\\n100. 校园垃圾分类管理系统\\n101. 药品管理系统\\n102. 仓库管理系统\\n103. 就业信息平台管理系统\\n104. 疫情学校信息登记管理系统\\n105. OA工作流管理系统\\n106. 传智书城管理系统\\n107. 二手汽车销售管理系统\\n108. 团队管理系统\\n109. 超市账单管理系统\\n110. 艺术品网络展示管理系统\\n111. 游戏商城管理系统\\n112.二手房租售管理系统\\n113. 宾馆管理系统\\n114. 电影票务管理系统\\n115. 学生宿舍管理系统\\n116. 学生图书管理系统\\n117. 二手车交易管理系统\\n118. 聊天室管理系统\\n119. 物流管理系统\\n120. 餐馆管理系统\\n121. 网络在线答疑系统\\n122. 病人信息管理系统\\n123. 仓库管理系统_springboot\\n124. 学生选课管理系统_springboot\\n125. 酒店管理系统_springboot\\n126. 图书管理系统_springboot\\n127. 电子商城系统_springboot\\n128. 火车票订票管理系统_springboot\\n129. 留学生管理系统_springboot\\n130. 商城系统_springboot\\n131. 学生选课管理系统\\n132. 学生信息管理系统_springboot\\n133. 图书馆管理系统_springboot\\n134. 电子商务系统_springboot\\n135. 音乐网站管理系统_springboot\\n136. 酒店管理系统_springboot\\n137. 医院挂号系统_springboot\\n138. 在线考试系统_springboot\\n139. 学生选课管理系统\\n140. 商城系统_springboot\\n141. 学生信息管理系统_springboot\\n142. 人事管理系统_springboot\\n143. 医院挂号系统_springboot\\n144. 音乐网站管理系统_springboot\\n145. 图书馆管理系统_springboot\\n146. 网上商城管理系统_springboot\\n147. 在线考试系统_springboot\\n148. 员工信息管理系统_springboot\\n149. 学生信息管理系统_springboot\\n150. 项目调度管理系统\\n151. 教学考勤管理系统\\n152. 金港宾馆管理系统\\n153. 医院病历管理系统\\n154. 扶贫助农管理系统\\n155. 实验室管理系统\\n156. 手机点餐管理系统\\n157. 学生综合素质测评管理系统\\n158. 游泳馆信息管理系统\\n159. 小区物业管理系统\\n160. 考试报名管理系统\\n161. 新闻管理系统\\n162. 校园二手交易平台管理系统\\n163. 减肥商城管理系统\\n164. 自来水分公司水费管理系统\\n165. 网络测评管理系统\\n166. 汽车租赁管理系统\\n167. 机票订购管理系统\\n168. 智慧公寓管理系统\\n169. 垃圾分类网站管理系统\\n170. 毕业生就业信息管理系统\\n171. 大学生创新创业项目管理系统\\n172. 爱心助力商城管理系统\\n173. 运动健身管理系统\\n174. 校园故障报修管理系统\\n175. 二手房买卖信息管理系统\\n176. 宿舍管理系统\\n177. 网上鲜花交易管理系统\\n178. 网上体育用品商城管理系统\\n179. 冷链运输管理系统\\n180. 应急物资保障管理系统\\n181. 水族用品网上直销管理系统\\n182. 电子商城管理商城\\n183. 实验室智能化管理系统\\n184. 校园购物网站管理系统\\n185. 地球物理台管理系统\\n186. 智能算法中台管理系统\\n187. 旅游景区游玩管理系统\\n188. 摄影管理系统\\n189. 影院电影售票管理系统\\n190. 影院电影管理系统\\n191. 网上购物商城管理系统\\n192. 微信小程序购物商城管理系统\\n193. 电影订票购票管理系统\\n194. 电影院购票管理系统_servletJsp_\\n195. 新冠密接模式挖掘管理系统\\n196. 公选课在线选课管理系统\\n197. 水果图片信息管理系统\\n198. 零件交易中心管理系统\\n199. 健身中心会员管理系统_springboot_\\n200. 学生公寓管理系统\\n201. 学生宿舍管理系统\\n202. 健身房管理系统\\n203. 学生成绩管理系统_servletJsp_\\n204. 个人信息管理系统\\n205. 员工信息管理系统\\n206. 学生成绩管理系统\\n207. 汽车租聘管理系统\\n208. 流浪猫狗救助管理系统\\n209. 民宿房源管理系统\\n210. 音乐管理系统_springboot_\\n211. 货车管理系统\\n212. 客户管理系统\\n213. 生鲜商城管理系统\\n214. 网络聊天室JavaWeb\\n215. 宠物领养救助管理系统\\n216. 物流快递管理系统\\n217. 库存管理系统\\n218. 公司人员信息管理系统_ssm_\\n219. 高校教材仓库管理系统\\n220. 商城管理系统\\n221. 个人博客管理系统_springboot_\\n222. 网课管理系统\\n223. 茶叶商城管理系统\\n224. 乡村农产品销管理系统\\n225. 疫情防控管理系统\\n226. 货运中转管理系统\\n227. 上门维修管理系统_ssm\\n228. 教务管理系统_springboot\\n229. 鞋店在线销售管理系统_springboot\\n230. 校园二手市场平台管理系统_springboot\\n231. 高校教育综合管理系统_springboot\\n232. 画手交易管理系统_springboot\\n233. 校园快递服务管理系统_ssm_15\\n234. 超市进销存管理系统_springboot\\n235. 校园迎新信息管理系统_ssm_15\\n236. 教育互助管理系统_springboot\\n237. 网上蛋糕商城管理系统_springboot\\n238. 高校宿舍管理系统_ssm\\n239. 考研资讯平台管理系统_springboot\\n240. 医院住院预约管理系统_springboot\\n241. 虚拟商品管理系统_ssm\\n242. 汽车租赁管理系统_springboot\\n243. 汽车在线销售管理系统_ssm\\n244. 书店管理系统_springboot\\n245. 图书馆管理系统_servletJsp\\n246. 税务管理系统_springboot\\n247. 在线心理测评管理系统_springboot\\n248. 自媒体视频推送管理系统_springboot\\n249. 医院医疗预约服务信息管理系统_springboot\\n250. 物流信息管理系统_springboot\\n251. 企业OA办公管理系统_ssm\\n\\n\",\"articleCover\":\"http://192.168.18.178:9000/public/aurora/articles/2fdec6aa19f4ea9d09fa563625cce7b4.jpg\",\"articleTitle\":\"毕业设计请联系qq:3075018900\",\"categoryName\":\"毕业设计程序\",\"id\":2,\"isFeatured\":1,\"isTop\":1,\"status\":1,\"tagNames\":[],\"type\":1}]', 'POST', '{\"code\":20000,\"flag\":true,\"message\":\"操作成功\"}', 1, 'admin', '172.17.0.1', '内网IP|内网IP', '2023-07-02 15:11:09', NULL);
INSERT INTO `t_operation_log` VALUES (77, '文章模块', '新增或修改', '/admin/articles', 'com.aurora.controller.ArticleController.saveOrUpdateArticle', '保存和修改文章', '[{\"articleContent\":\"                             毕业设计目录（qq:2147054944）\\n1. 房屋租赁系统_ssm\\n2. 销售管理系统_ssm\\n3. 公司内部管理系统_ssh\\n4. 报刊征订系统_servletJsp\\n5. 学校论坛系统_ssm\\n6. 教师学生作业设计_servletJsp\\n7. 编译解释器_java\\n8. 房屋租赁系统2_ssm_\\n9. 网上图书商城_servletJsp\\n10. 记账管理系统_ssh_10\\n11. 移动端健康管理系统_servletJsp\\n12. 停车位管理系统_springboot\\n13. 扫雷游戏系统-毕业设计\\n14. 四种排序算法-课程设计\\n15. 童话书店系统_ssm_\\n16. 学生信息管理系统_servletJsp\\n17. 学生成绩管理系统_ssh\\n18. 图书管管理系统servletJsp\\n19. 校园二手物品交易管理系统_ssh\\n20. 蛋糕商城管理系统_ssm_15\\n21. C2C二手交易平台管理系统-毕业设计_ssm\\n22. 校园卡管理系统-课程设计\\n23. 学生信息管理系统-设计模式\\n24. Echarts管理系统-课程设计\\n25. 学生信息管理-课程设计\\n26. 贪吃蛇-课程设计\\n27. 企业协同办公系统-毕业设计\\n28. Java聊天室-课程设计\\n29. 居家花瓶摆件商城系统-毕业设计(后台不完整)\\n30. 百脑汇商城管理系统-课程设计\\n31. 高校校园设备管理系统-毕业设计\\n32. 天猫商城管理系统-毕业设计\\n33. 超市会员管理系统-毕业设计\\n34. 电子商务商城管理系统-毕业设计\\n35. 校园图书捐赠管理系统-毕业设计\\n36. 公益捐赠管理系统-毕业设计\\n37. 网上商城管理系统-课程设计\\n38. 网上购物管理系统-毕业设计\\n39. 中国购物管理系统-毕业设计\\n40. 网上购物商城管理系统-毕业设计\\n41. 网上图书商城管理系统-毕业设计\\n42. 学生信息管理系统-毕业设计\\n43. 房屋租赁系统3_ssm_15\\n44. 校园活动管理-毕业设计\\n45. 自习室管理系统-毕业设计\\n46. 医院医生预约管理系统\\n47. 城市公交查询管理系统\\n48. 会议室预约管理系统\\n49. NBA网商平台管理系统\\n50. 在线考试管理系统\\n51. 在线考试管理系统\\n52. 小区物业管理系统\\n53. 手机商城管理系统\\n54. 同城上门维修平台管理系统\\n55. 智能化停车场管理系统-毕业设计\\n56. 音乐播放平台管理系统\\n57. JAVA个人博客管理系统\\n58. 酒店管理系统\\n59. 学生选课管理系统_servletJsp_10\\n60. 房屋出租管理系统\\n61. 超市收银与会员管理系统\\n62. 学系统生学籍管理\\n63. 学生寝室管理系统\\n64. 共享型汽车租赁管理系统\\n65. 毕业设计（论文）管理系统_ssm_15\\n66. 图书管理系统\\n67. 校园二手交易管理系统\\n68. 人才招聘管理系统\\n69. 医院管理系统_springboot_20\\n70. 在线考试管理系统\\n71. 网上餐厅管理系统\\n72. 网上订餐管理系统\\n73. 学院物资管理系统\\n74. 网上电子商城管理系统\\n75. 网上书店管理系统\\n76. 游泳馆管理系统\\n77. 仓库管理系统_ssm_15\\n78. SCUM电子商城管理系统\\n79. 人事管理系统\\n80. 商城后台管理系统\\n81. 学生推荐平台管理系统\\n82. 学生社团活动管理系统\\n83. 校园志愿者活动管理系统\\n84. 大学生学业规划咨询服务平台管理系统_servletJsp_10\\n85. 网上求职招聘管理系统\\n86. 饮品店接单网页管理系统\\n87. 家用电器购物商城管理系统\\n88. 长乐文学小说管理系统\\n89. 医院管理系统\\n90. 学习英语管理系统\\n91. 毕业设计（论文）管理系统2\\n92. 拍卖管理系统\\n93. 学生成绩管理系统\\n94. 学生在线考试管理系统\\n95. 超市收银管理系统\\n96. 图书后台管理系统\\n97. 高校社团管理系统\\n98. 宠物医院管理系统\\n99. 招聘之家管理系统\\n100. 校园垃圾分类管理系统\\n101. 药品管理系统\\n102. 仓库管理系统\\n103. 就业信息平台管理系统\\n104. 疫情学校信息登记管理系统\\n105. OA工作流管理系统\\n106. 传智书城管理系统\\n107. 二手汽车销售管理系统\\n108. 团队管理系统\\n109. 超市账单管理系统\\n110. 艺术品网络展示管理系统\\n111. 游戏商城管理系统\\n112.二手房租售管理系统\\n113. 宾馆管理系统\\n114. 电影票务管理系统\\n115. 学生宿舍管理系统\\n116. 学生图书管理系统\\n117. 二手车交易管理系统\\n118. 聊天室管理系统\\n119. 物流管理系统\\n120. 餐馆管理系统\\n121. 网络在线答疑系统\\n122. 病人信息管理系统\\n123. 仓库管理系统_springboot\\n124. 学生选课管理系统_springboot\\n125. 酒店管理系统_springboot\\n126. 图书管理系统_springboot\\n127. 电子商城系统_springboot\\n128. 火车票订票管理系统_springboot\\n129. 留学生管理系统_springboot\\n130. 商城系统_springboot\\n131. 学生选课管理系统\\n132. 学生信息管理系统_springboot\\n133. 图书馆管理系统_springboot\\n134. 电子商务系统_springboot\\n135. 音乐网站管理系统_springboot\\n136. 酒店管理系统_springboot\\n137. 医院挂号系统_springboot\\n138. 在线考试系统_springboot\\n139. 学生选课管理系统\\n140. 商城系统_springboot\\n141. 学生信息管理系统_springboot\\n142. 人事管理系统_springboot\\n143. 医院挂号系统_springboot\\n144. 音乐网站管理系统_springboot\\n145. 图书馆管理系统_springboot\\n146. 网上商城管理系统_springboot\\n147. 在线考试系统_springboot\\n148. 员工信息管理系统_springboot\\n149. 学生信息管理系统_springboot\\n150. 项目调度管理系统\\n151. 教学考勤管理系统\\n152. 金港宾馆管理系统\\n153. 医院病历管理系统\\n154. 扶贫助农管理系统\\n155. 实验室管理系统\\n156. 手机点餐管理系统\\n157. 学生综合素质测评管理系统\\n158. 游泳馆信息管理系统\\n159. 小区物业管理系统\\n160. 考试报名管理系统\\n161. 新闻管理系统\\n162. 校园二手交易平台管理系统\\n163. 减肥商城管理系统\\n164. 自来水分公司水费管理系统\\n165. 网络测评管理系统\\n166. 汽车租赁管理系统\\n167. 机票订购管理系统\\n168. 智慧公寓管理系统\\n169. 垃圾分类网站管理系统\\n170. 毕业生就业信息管理系统\\n171. 大学生创新创业项目管理系统\\n172. 爱心助力商城管理系统\\n173. 运动健身管理系统\\n174. 校园故障报修管理系统\\n175. 二手房买卖信息管理系统\\n176. 宿舍管理系统\\n177. 网上鲜花交易管理系统\\n178. 网上体育用品商城管理系统\\n179. 冷链运输管理系统\\n180. 应急物资保障管理系统\\n181. 水族用品网上直销管理系统\\n182. 电子商城管理商城\\n183. 实验室智能化管理系统\\n184. 校园购物网站管理系统\\n185. 地球物理台管理系统\\n186. 智能算法中台管理系统\\n187. 旅游景区游玩管理系统\\n188. 摄影管理系统\\n189. 影院电影售票管理系统\\n190. 影院电影管理系统\\n191. 网上购物商城管理系统\\n192. 微信小程序购物商城管理系统\\n193. 电影订票购票管理系统\\n194. 电影院购票管理系统_servletJsp_\\n195. 新冠密接模式挖掘管理系统\\n196. 公选课在线选课管理系统\\n197. 水果图片信息管理系统\\n198. 零件交易中心管理系统\\n199. 健身中心会员管理系统_springboot_\\n200. 学生公寓管理系统\\n201. 学生宿舍管理系统\\n202. 健身房管理系统\\n203. 学生成绩管理系统_servletJsp_\\n204. 个人信息管理系统\\n205. 员工信息管理系统\\n206. 学生成绩管理系统\\n207. 汽车租聘管理系统\\n208. 流浪猫狗救助管理系统\\n209. 民宿房源管理系统\\n210. 音乐管理系统_springboot_\\n211. 货车管理系统\\n212. 客户管理系统\\n213. 生鲜商城管理系统\\n214. 网络聊天室JavaWeb\\n215. 宠物领养救助管理系统\\n216. 物流快递管理系统\\n217. 库存管理系统\\n218. 公司人员信息管理系统_ssm_\\n219. 高校教材仓库管理系统\\n220. 商城管理系统\\n221. 个人博客管理系统_springboot_\\n222. 网课管理系统\\n223. 茶叶商城管理系统\\n224. 乡村农产品销管理系统\\n225. 疫情防控管理系统\\n226. 货运中转管理系统\\n227. 上门维修管理系统_ssm\\n228. 教务管理系统_springboot\\n229. 鞋店在线销售管理系统_springboot\\n230. 校园二手市场平台管理系统_springboot\\n231. 高校教育综合管理系统_springboot\\n232. 画手交易管理系统_springboot\\n233. 校园快递服务管理系统_ssm_15\\n234. 超市进销存管理系统_springboot\\n235. 校园迎新信息管理系统_ssm_15\\n236. 教育互助管理系统_springboot\\n237. 网上蛋糕商城管理系统_springboot\\n238. 高校宿舍管理系统_ssm\\n239. 考研资讯平台管理系统_springboot\\n240. 医院住院预约管理系统_springboot\\n241. 虚拟商品管理系统_ssm\\n242. 汽车租赁管理系统_springboot\\n243. 汽车在线销售管理系统_ssm\\n244. 书店管理系统_springboot\\n245. 图书馆管理系统_servletJsp\\n246. 税务管理系统_springboot\\n247. 在线心理测评管理系统_springboot\\n248. 自媒体视频推送管理系统_springboot\\n249. 医院医疗预约服务信息管理系统_springboot\\n250. 物流信息管理系统_springboot\\n251. 企业OA办公管理系统_ssm\\n\\n\",\"articleCover\":\"http://192.168.18.178:9000/public/aurora/articles/2fdec6aa19f4ea9d09fa563625cce7b4.jpg\",\"articleTitle\":\"毕业设计请联系qq:3075018900\",\"categoryName\":\"毕业设计程序\",\"id\":2,\"isFeatured\":1,\"isTop\":1,\"status\":1,\"tagNames\":[],\"type\":1}]', 'POST', '{\"code\":20000,\"flag\":true,\"message\":\"操作成功\"}', 1, 'admin', '172.17.0.1', '内网IP|内网IP', '2023-07-02 15:11:57', NULL);
INSERT INTO `t_operation_log` VALUES (78, '文章模块', '上传', '/admin/articles/images', 'com.aurora.controller.ArticleController.saveArticleImages', '上传文章图片', 'file', 'POST', '{\"code\":20000,\"data\":\"http://192.168.18.178:9000/public/aurora/articles/c570a29daa4054708593ea3e48fc9b91.png\",\"flag\":true,\"message\":\"操作成功\"}', 1, 'admin', '172.17.0.1', '内网IP|内网IP', '2023-07-02 15:18:01', NULL);
INSERT INTO `t_operation_log` VALUES (79, '文章模块', '上传', '/admin/articles/images', 'com.aurora.controller.ArticleController.saveArticleImages', '上传文章图片', 'file', 'POST', '{\"code\":20000,\"data\":\"http://192.168.18.178:9000/public/aurora/articles/7fabe48fcdd44064829d27f89c1fa1d8.png\",\"flag\":true,\"message\":\"操作成功\"}', 1, 'admin', '172.17.0.1', '内网IP|内网IP', '2023-07-02 15:19:40', NULL);
INSERT INTO `t_operation_log` VALUES (80, '文章模块', '上传', '/admin/articles/images', 'com.aurora.controller.ArticleController.saveArticleImages', '上传文章图片', 'file', 'POST', '{\"code\":20000,\"data\":\"http://192.168.18.178:9000/public/aurora/articles/9331fde066eca94c5f4c5e5b849c3890.png\",\"flag\":true,\"message\":\"操作成功\"}', 1, 'admin', '172.17.0.1', '内网IP|内网IP', '2023-07-02 15:20:07', NULL);
INSERT INTO `t_operation_log` VALUES (81, '文章模块', '上传', '/admin/articles/images', 'com.aurora.controller.ArticleController.saveArticleImages', '上传文章图片', 'file', 'POST', '{\"code\":20000,\"data\":\"http://192.168.18.178:9000/public/aurora/articles/84b3f2f79e5aef9c71c6f3efb97c0f03.png\",\"flag\":true,\"message\":\"操作成功\"}', 1, 'admin', '172.17.0.1', '内网IP|内网IP', '2023-07-02 15:20:20', NULL);
INSERT INTO `t_operation_log` VALUES (82, '文章模块', '上传', '/admin/articles/images', 'com.aurora.controller.ArticleController.saveArticleImages', '上传文章图片', 'file', 'POST', '{\"code\":20000,\"data\":\"http://192.168.18.178:9000/public/aurora/articles/71cca5417b99bec697c97992891e4765.png\",\"flag\":true,\"message\":\"操作成功\"}', 1, 'admin', '172.17.0.1', '内网IP|内网IP', '2023-07-02 15:20:37', NULL);
INSERT INTO `t_operation_log` VALUES (83, '文章模块', '上传', '/admin/articles/images', 'com.aurora.controller.ArticleController.saveArticleImages', '上传文章图片', 'file', 'POST', '{\"code\":20000,\"data\":\"http://192.168.18.178:9000/public/aurora/articles/ac3afc312786eaf680f0ec65e861d759.png\",\"flag\":true,\"message\":\"操作成功\"}', 1, 'admin', '172.17.0.1', '内网IP|内网IP', '2023-07-02 15:23:15', NULL);
INSERT INTO `t_operation_log` VALUES (84, '文章模块', '新增或修改', '/admin/articles', 'com.aurora.controller.ArticleController.saveOrUpdateArticle', '保存和修改文章', '[{\"articleContent\":\"***简介***\\n前端访问地址： http://localhost:8080/index.html\\n用户名： user\\n密码： 123456\\n后端访问地址： http://localhost:8080/admin/index.html\\n用户名： admin\\n密码： 123456\\n部署要求：\\n1.建立D:/upload/hrs/目录，图片使用\\n2.高德开放KEY值\\n特征\\n基本：实现不同用户之间的收藏房源，与房东沟通\\n多用户：普通用户与管理员各自都能发布房源信息\\n开发环境：前端 Layui，后端 Spring SpringMVC MyBatis\\n环境\\nIntelliJ IDEA 2021.2\\nMysql 5.7.26\\nNavicat 11.1.20.0\\nTomcat 7.0.73\\nJDK 1.8\\n缩略图\\n![image.png](http://192.168.18.178:9000/public/aurora/articles/c570a29daa4054708593ea3e48fc9b91.png)\\n![image.png](http://192.168.18.178:9000/public/aurora/articles/7fabe48fcdd44064829d27f89c1fa1d8.png)\\n![image.png](http://192.168.18.178:9000/public/aurora/articles/9331fde066eca94c5f4c5e5b849c3890.png)\\n![image.png](http://192.168.18.178:9000/public/aurora/articles/84b3f2f79e5aef9c71c6f3efb97c0f03.png)\\n![image.png](http://192.168.18.178:9000/public/aurora/articles/71cca5417b99bec697c97992891e4765.png)\\n\\n\\n\\n\",\"articleCover\":\"http://192.168.18.178:9000/public/aurora/articles/ac3afc312786eaf680f0ec65e861d759.png\",\"articleTitle\":\"1.房屋租赁系统\",\"categoryName\":\"毕业设计程序\",\"isFeatured\":1,\"isTop\":0,\"status\":1,\"tagNames\":[],\"type\":1}]', 'POST', '{\"code\":20000,\"flag\":true,\"message\":\"操作成功\"}', 1, 'admin', '172.17.0.1', '内网IP|内网IP', '2023-07-02 15:23:24', NULL);
INSERT INTO `t_operation_log` VALUES (85, '文章模块', '新增或修改', '/admin/articles', 'com.aurora.controller.ArticleController.saveOrUpdateArticle', '保存和修改文章', '[{\"articleContent\":\"                            **####  毕业设计目录（qq:2147054944）**\\n1. 房屋租赁系统_ssm\\n2. 销售管理系统_ssm\\n3. 公司内部管理系统_ssh\\n4. 报刊征订系统_servletJsp\\n5. 学校论坛系统_ssm\\n6. 教师学生作业设计_servletJsp\\n7. 编译解释器_java\\n8. 房屋租赁系统2_ssm_\\n9. 网上图书商城_servletJsp\\n10. 记账管理系统_ssh_10\\n11. 移动端健康管理系统_servletJsp\\n12. 停车位管理系统_springboot\\n13. 扫雷游戏系统-毕业设计\\n14. 四种排序算法-课程设计\\n15. 童话书店系统_ssm_\\n16. 学生信息管理系统_servletJsp\\n17. 学生成绩管理系统_ssh\\n18. 图书管管理系统servletJsp\\n19. 校园二手物品交易管理系统_ssh\\n20. 蛋糕商城管理系统_ssm_15\\n21. C2C二手交易平台管理系统-毕业设计_ssm\\n22. 校园卡管理系统-课程设计\\n23. 学生信息管理系统-设计模式\\n24. Echarts管理系统-课程设计\\n25. 学生信息管理-课程设计\\n26. 贪吃蛇-课程设计\\n27. 企业协同办公系统-毕业设计\\n28. Java聊天室-课程设计\\n29. 居家花瓶摆件商城系统-毕业设计(后台不完整)\\n30. 百脑汇商城管理系统-课程设计\\n31. 高校校园设备管理系统-毕业设计\\n32. 天猫商城管理系统-毕业设计\\n33. 超市会员管理系统-毕业设计\\n34. 电子商务商城管理系统-毕业设计\\n35. 校园图书捐赠管理系统-毕业设计\\n36. 公益捐赠管理系统-毕业设计\\n37. 网上商城管理系统-课程设计\\n38. 网上购物管理系统-毕业设计\\n39. 中国购物管理系统-毕业设计\\n40. 网上购物商城管理系统-毕业设计\\n41. 网上图书商城管理系统-毕业设计\\n42. 学生信息管理系统-毕业设计\\n43. 房屋租赁系统3_ssm_15\\n44. 校园活动管理-毕业设计\\n45. 自习室管理系统-毕业设计\\n46. 医院医生预约管理系统\\n47. 城市公交查询管理系统\\n48. 会议室预约管理系统\\n49. NBA网商平台管理系统\\n50. 在线考试管理系统\\n51. 在线考试管理系统\\n52. 小区物业管理系统\\n53. 手机商城管理系统\\n54. 同城上门维修平台管理系统\\n55. 智能化停车场管理系统-毕业设计\\n56. 音乐播放平台管理系统\\n57. JAVA个人博客管理系统\\n58. 酒店管理系统\\n59. 学生选课管理系统_servletJsp_10\\n60. 房屋出租管理系统\\n61. 超市收银与会员管理系统\\n62. 学系统生学籍管理\\n63. 学生寝室管理系统\\n64. 共享型汽车租赁管理系统\\n65. 毕业设计（论文）管理系统_ssm_15\\n66. 图书管理系统\\n67. 校园二手交易管理系统\\n68. 人才招聘管理系统\\n69. 医院管理系统_springboot_20\\n70. 在线考试管理系统\\n71. 网上餐厅管理系统\\n72. 网上订餐管理系统\\n73. 学院物资管理系统\\n74. 网上电子商城管理系统\\n75. 网上书店管理系统\\n76. 游泳馆管理系统\\n77. 仓库管理系统_ssm_15\\n78. SCUM电子商城管理系统\\n79. 人事管理系统\\n80. 商城后台管理系统\\n81. 学生推荐平台管理系统\\n82. 学生社团活动管理系统\\n83. 校园志愿者活动管理系统\\n84. 大学生学业规划咨询服务平台管理系统_servletJsp_10\\n85. 网上求职招聘管理系统\\n86. 饮品店接单网页管理系统\\n87. 家用电器购物商城管理系统\\n88. 长乐文学小说管理系统\\n89. 医院管理系统\\n90. 学习英语管理系统\\n91. 毕业设计（论文）管理系统2\\n92. 拍卖管理系统\\n93. 学生成绩管理系统\\n94. 学生在线考试管理系统\\n95. 超市收银管理系统\\n96. 图书后台管理系统\\n97. 高校社团管理系统\\n98. 宠物医院管理系统\\n99. 招聘之家管理系统\\n100. 校园垃圾分类管理系统\\n101. 药品管理系统\\n102. 仓库管理系统\\n103. 就业信息平台管理系统\\n104. 疫情学校信息登记管理系统\\n105. OA工作流管理系统\\n106. 传智书城管理系统\\n107. 二手汽车销售管理系统\\n108. 团队管理系统\\n109. 超市账单管理系统\\n110. 艺术品网络展示管理系统\\n111. 游戏商城管理系统\\n112.二手房租售管理系统\\n113. 宾馆管理系统\\n114. 电影票务管理系统\\n115. 学生宿舍管理系统\\n116. 学生图书管理系统\\n117. 二手车交易管理系统\\n118. 聊天室管理系统\\n119. 物流管理系统\\n120. 餐馆管理系统\\n121. 网络在线答疑系统\\n122. 病人信息管理系统\\n123. 仓库管理系统_springboot\\n124. 学生选课管理系统_springboot\\n125. 酒店管理系统_springboot\\n126. 图书管理系统_springboot\\n127. 电子商城系统_springboot\\n128. 火车票订票管理系统_springboot\\n129. 留学生管理系统_springboot\\n130. 商城系统_springboot\\n131. 学生选课管理系统\\n132. 学生信息管理系统_springboot\\n133. 图书馆管理系统_springboot\\n134. 电子商务系统_springboot\\n135. 音乐网站管理系统_springboot\\n136. 酒店管理系统_springboot\\n137. 医院挂号系统_springboot\\n138. 在线考试系统_springboot\\n139. 学生选课管理系统\\n140. 商城系统_springboot\\n141. 学生信息管理系统_springboot\\n142. 人事管理系统_springboot\\n143. 医院挂号系统_springboot\\n144. 音乐网站管理系统_springboot\\n145. 图书馆管理系统_springboot\\n146. 网上商城管理系统_springboot\\n147. 在线考试系统_springboot\\n148. 员工信息管理系统_springboot\\n149. 学生信息管理系统_springboot\\n150. 项目调度管理系统\\n151. 教学考勤管理系统\\n152. 金港宾馆管理系统\\n153. 医院病历管理系统\\n154. 扶贫助农管理系统\\n155. 实验室管理系统\\n156. 手机点餐管理系统\\n157. 学生综合素质测评管理系统\\n158. 游泳馆信息管理系统\\n159. 小区物业管理系统\\n160. 考试报名管理系统\\n161. 新闻管理系统\\n162. 校园二手交易平台管理系统\\n163. 减肥商城管理系统\\n164. 自来水分公司水费管理系统\\n165. 网络测评管理系统\\n166. 汽车租赁管理系统\\n167. 机票订购管理系统\\n168. 智慧公寓管理系统\\n169. 垃圾分类网站管理系统\\n170. 毕业生就业信息管理系统\\n171. 大学生创新创业项目管理系统\\n172. 爱心助力商城管理系统\\n173. 运动健身管理系统\\n174. 校园故障报修管理系统\\n175. 二手房买卖信息管理系统\\n176. 宿舍管理系统\\n177. 网上鲜花交易管理系统\\n178. 网上体育用品商城管理系统\\n179. 冷链运输管理系统\\n180. 应急物资保障管理系统\\n181. 水族用品网上直销管理系统\\n182. 电子商城管理商城\\n183. 实验室智能化管理系统\\n184. 校园购物网站管理系统\\n185. 地球物理台管理系统\\n186. 智能算法中台管理系统\\n187. 旅游景区游玩管理系统\\n188. 摄影管理系统\\n189. 影院电影售票管理系统\\n190. 影院电影管理系统\\n191. 网上购物商城管理系统\\n192. 微信小程序购物商城管理系统\\n193. 电影订票购票管理系统\\n194. 电影院购票管理系统_servletJsp_\\n195. 新冠密接模式挖掘管理系统\\n196. 公选课在线选课管理系统\\n197. 水果图片信息管理系统\\n198. 零件交易中心管理系统\\n199. 健身中心会员管理系统_springboot_\\n200. 学生公寓管理系统\\n201. 学生宿舍管理系统\\n202. 健身房管理系统\\n203. 学生成绩管理系统_servletJsp_\\n204. 个人信息管理系统\\n205. 员工信息管理系统\\n206. 学生成绩管理系统\\n207. 汽车租聘管理系统\\n208. 流浪猫狗救助管理系统\\n209. 民宿房源管理系统\\n210. 音乐管理系统_springboot_\\n211. 货车管理系统\\n212. 客户管理系统\\n213. 生鲜商城管理系统\\n214. 网络聊天室JavaWeb\\n215. 宠物领养救助管理系统\\n216. 物流快递管理系统\\n217. 库存管理系统\\n218. 公司人员信息管理系统_ssm_\\n219. 高校教材仓库管理系统\\n220. 商城管理系统\\n221. 个人博客管理系统_springboot_\\n222. 网课管理系统\\n223. 茶叶商城管理系统\\n224. 乡村农产品销管理系统\\n225. 疫情防控管理系统\\n226. 货运中转管理系统\\n227. 上门维修管理系统_ssm\\n228. 教务管理系统_springboot\\n229. 鞋店在线销售管理系统_springboot\\n230. 校园二手市场平台管理系统_springboot\\n231. 高校教育综合管理系统_springboot\\n232. 画手交易管理系统_springboot\\n233. 校园快递服务管理系统_ssm_15\\n234. 超市进销存管理系统_springboot\\n235. 校园迎新信息管理系统_ssm_15\\n236. 教育互助管理系统_springboot\\n237. 网上蛋糕商城管理系统_springboot\\n238. 高校宿舍管理系统_ssm\\n239. 考研资讯平台管理系统_springboot\\n240. 医院住院预约管理系统_springboot\\n241. 虚拟商品管理系统_ssm\\n242. 汽车租赁管理系统_springboot\\n243. 汽车在线销售管理系统_ssm\\n244. 书店管理系统_springboot\\n245. 图书馆管理系统_servletJsp\\n246. 税务管理系统_springboot\\n247. 在线心理测评管理系统_springboot\\n248. 自媒体视频推送管理系统_springboot\\n249. 医院医疗预约服务信息管理系统_springboot\\n250. 物流信息管理系统_springboot\\n251. 企业OA办公管理系统_ssm\\n\\n\",\"articleCover\":\"http://192.168.18.178:9000/public/aurora/articles/2fdec6aa19f4ea9d09fa563625cce7b4.jpg\",\"articleTitle\":\"毕业设计请联系qq:3075018900\",\"categoryName\":\"毕业设计程序\",\"id\":2,\"isFeatured\":1,\"isTop\":1,\"status\":1,\"tagNames\":[],\"type\":1}]', 'POST', '{\"code\":20000,\"flag\":true,\"message\":\"操作成功\"}', 1, 'admin', '172.17.0.1', '内网IP|内网IP', '2023-07-02 15:25:19', NULL);
INSERT INTO `t_operation_log` VALUES (86, '文章模块', '新增或修改', '/admin/articles', 'com.aurora.controller.ArticleController.saveOrUpdateArticle', '保存和修改文章', '[{\"articleContent\":\"                            ++~~==****####  毕业设计目录（qq:2147054944）****==~~++\\n1. 房屋租赁系统_ssm\\n2. 销售管理系统_ssm\\n3. 公司内部管理系统_ssh\\n4. 报刊征订系统_servletJsp\\n5. 学校论坛系统_ssm\\n6. 教师学生作业设计_servletJsp\\n7. 编译解释器_java\\n8. 房屋租赁系统2_ssm_\\n9. 网上图书商城_servletJsp\\n10. 记账管理系统_ssh_10\\n11. 移动端健康管理系统_servletJsp\\n12. 停车位管理系统_springboot\\n13. 扫雷游戏系统-毕业设计\\n14. 四种排序算法-课程设计\\n15. 童话书店系统_ssm_\\n16. 学生信息管理系统_servletJsp\\n17. 学生成绩管理系统_ssh\\n18. 图书管管理系统servletJsp\\n19. 校园二手物品交易管理系统_ssh\\n20. 蛋糕商城管理系统_ssm_15\\n21. C2C二手交易平台管理系统-毕业设计_ssm\\n22. 校园卡管理系统-课程设计\\n23. 学生信息管理系统-设计模式\\n24. Echarts管理系统-课程设计\\n25. 学生信息管理-课程设计\\n26. 贪吃蛇-课程设计\\n27. 企业协同办公系统-毕业设计\\n28. Java聊天室-课程设计\\n29. 居家花瓶摆件商城系统-毕业设计(后台不完整)\\n30. 百脑汇商城管理系统-课程设计\\n31. 高校校园设备管理系统-毕业设计\\n32. 天猫商城管理系统-毕业设计\\n33. 超市会员管理系统-毕业设计\\n34. 电子商务商城管理系统-毕业设计\\n35. 校园图书捐赠管理系统-毕业设计\\n36. 公益捐赠管理系统-毕业设计\\n37. 网上商城管理系统-课程设计\\n38. 网上购物管理系统-毕业设计\\n39. 中国购物管理系统-毕业设计\\n40. 网上购物商城管理系统-毕业设计\\n41. 网上图书商城管理系统-毕业设计\\n42. 学生信息管理系统-毕业设计\\n43. 房屋租赁系统3_ssm_15\\n44. 校园活动管理-毕业设计\\n45. 自习室管理系统-毕业设计\\n46. 医院医生预约管理系统\\n47. 城市公交查询管理系统\\n48. 会议室预约管理系统\\n49. NBA网商平台管理系统\\n50. 在线考试管理系统\\n51. 在线考试管理系统\\n52. 小区物业管理系统\\n53. 手机商城管理系统\\n54. 同城上门维修平台管理系统\\n55. 智能化停车场管理系统-毕业设计\\n56. 音乐播放平台管理系统\\n57. JAVA个人博客管理系统\\n58. 酒店管理系统\\n59. 学生选课管理系统_servletJsp_10\\n60. 房屋出租管理系统\\n61. 超市收银与会员管理系统\\n62. 学系统生学籍管理\\n63. 学生寝室管理系统\\n64. 共享型汽车租赁管理系统\\n65. 毕业设计（论文）管理系统_ssm_15\\n66. 图书管理系统\\n67. 校园二手交易管理系统\\n68. 人才招聘管理系统\\n69. 医院管理系统_springboot_20\\n70. 在线考试管理系统\\n71. 网上餐厅管理系统\\n72. 网上订餐管理系统\\n73. 学院物资管理系统\\n74. 网上电子商城管理系统\\n75. 网上书店管理系统\\n76. 游泳馆管理系统\\n77. 仓库管理系统_ssm_15\\n78. SCUM电子商城管理系统\\n79. 人事管理系统\\n80. 商城后台管理系统\\n81. 学生推荐平台管理系统\\n82. 学生社团活动管理系统\\n83. 校园志愿者活动管理系统\\n84. 大学生学业规划咨询服务平台管理系统_servletJsp_10\\n85. 网上求职招聘管理系统\\n86. 饮品店接单网页管理系统\\n87. 家用电器购物商城管理系统\\n88. 长乐文学小说管理系统\\n89. 医院管理系统\\n90. 学习英语管理系统\\n91. 毕业设计（论文）管理系统2\\n92. 拍卖管理系统\\n93. 学生成绩管理系统\\n94. 学生在线考试管理系统\\n95. 超市收银管理系统\\n96. 图书后台管理系统\\n97. 高校社团管理系统\\n98. 宠物医院管理系统\\n99. 招聘之家管理系统\\n100. 校园垃圾分类管理系统\\n101. 药品管理系统\\n102. 仓库管理系统\\n103. 就业信息平台管理系统\\n104. 疫情学校信息登记管理系统\\n105. OA工作流管理系统\\n106. 传智书城管理系统\\n107. 二手汽车销售管理系统\\n108. 团队管理系统\\n109. 超市账单管理系统\\n110. 艺术品网络展示管理系统\\n111. 游戏商城管理系统\\n112.二手房租售管理系统\\n113. 宾馆管理系统\\n114. 电影票务管理系统\\n115. 学生宿舍管理系统\\n116. 学生图书管理系统\\n117. 二手车交易管理系统\\n118. 聊天室管理系统\\n119. 物流管理系统\\n120. 餐馆管理系统\\n121. 网络在线答疑系统\\n122. 病人信息管理系统\\n123. 仓库管理系统_springboot\\n124. 学生选课管理系统_springboot\\n125. 酒店管理系统_springboot\\n126. 图书管理系统_springboot\\n127. 电子商城系统_springboot\\n128. 火车票订票管理系统_springboot\\n129. 留学生管理系统_springboot\\n130. 商城系统_springboot\\n131. 学生选课管理系统\\n132. 学生信息管理系统_springboot\\n133. 图书馆管理系统_springboot\\n134. 电子商务系统_springboot\\n135. 音乐网站管理系统_springboot\\n136. 酒店管理系统_springboot\\n137. 医院挂号系统_springboot\\n138. 在线考试系统_springboot\\n139. 学生选课管理系统\\n140. 商城系统_springboot\\n141. 学生信息管理系统_springboot\\n142. 人事管理系统_springboot\\n143. 医院挂号系统_springboot\\n144. 音乐网站管理系统_springboot\\n145. 图书馆管理系统_springboot\\n146. 网上商城管理系统_springboot\\n147. 在线考试系统_springboot\\n148. 员工信息管理系统_springboot\\n149. 学生信息管理系统_springboot\\n150. 项目调度管理系统\\n151. 教学考勤管理系统\\n152. 金港宾馆管理系统\\n153. 医院病历管理系统\\n154. 扶贫助农管理系统\\n155. 实验室管理系统\\n156. 手机点餐管理系统\\n157. 学生综合素质测评管理系统\\n158. 游泳馆信息管理系统\\n159. 小区物业管理系统\\n160. 考试报名管理系统\\n161. 新闻管理系统\\n162. 校园二手交易平台管理系统\\n163. 减肥商城管理系统\\n164. 自来水分公司水费管理系统\\n165. 网络测评管理系统\\n166. 汽车租赁管理系统\\n167. 机票订购管理系统\\n168. 智慧公寓管理系统\\n169. 垃圾分类网站管理系统\\n170. 毕业生就业信息管理系统\\n171. 大学生创新创业项目管理系统\\n172. 爱心助力商城管理系统\\n173. 运动健身管理系统\\n174. 校园故障报修管理系统\\n175. 二手房买卖信息管理系统\\n176. 宿舍管理系统\\n177. 网上鲜花交易管理系统\\n178. 网上体育用品商城管理系统\\n179. 冷链运输管理系统\\n180. 应急物资保障管理系统\\n181. 水族用品网上直销管理系统\\n182. 电子商城管理商城\\n183. 实验室智能化管理系统\\n184. 校园购物网站管理系统\\n185. 地球物理台管理系统\\n186. 智能算法中台管理系统\\n187. 旅游景区游玩管理系统\\n188. 摄影管理系统\\n189. 影院电影售票管理系统\\n190. 影院电影管理系统\\n191. 网上购物商城管理系统\\n192. 微信小程序购物商城管理系统\\n193. 电影订票购票管理系统\\n194. 电影院购票管理系统_servletJsp_\\n195. 新冠密接模式挖掘管理系统\\n196. 公选课在线选课管理系统\\n197. 水果图片信息管理系统\\n198. 零件交易中心管理系统\\n199. 健身中心会员管理系统_springboot_\\n200. 学生公寓管理系统\\n201. 学生宿舍管理系统\\n202. 健身房管理系统\\n203. 学生成绩管理系统_servletJsp_\\n204. 个人信息管理系统\\n205. 员工信息管理系统\\n206. 学生成绩管理系统\\n207. 汽车租聘管理系统\\n208. 流浪猫狗救助管理系统\\n209. 民宿房源管理系统\\n210. 音乐管理系统_springboot_\\n211. 货车管理系统\\n212. 客户管理系统\\n213. 生鲜商城管理系统\\n214. 网络聊天室JavaWeb\\n215. 宠物领养救助管理系统\\n216. 物流快递管理系统\\n217. 库存管理系统\\n218. 公司人员信息管理系统_ssm_\\n219. 高校教材仓库管理系统\\n220. 商城管理系统\\n221. 个人博客管理系统_springboot_\\n222. 网课管理系统\\n223. 茶叶商城管理系统\\n224. 乡村农产品销管理系统\\n225. 疫情防控管理系统\\n226. 货运中转管理系统\\n227. 上门维修管理系统_ssm\\n228. 教务管理系统_springboot\\n229. 鞋店在线销售管理系统_springboot\\n230. 校园二手市场平台管理系统_springboot\\n231. 高校教育综合管理系统_springboot\\n232. 画手交易管理系统_springboot\\n233. 校园快递服务管理系统_ssm_15\\n234. 超市进销存管理系统_springboot\\n235. 校园迎新信息管理系统_ssm_15\\n236. 教育互助管理系统_springboot\\n237. 网上蛋糕商城管理系统_springboot\\n238. 高校宿舍管理系统_ssm\\n239. 考研资讯平台管理系统_springboot\\n240. 医院住院预约管理系统_springboot\\n241. 虚拟商品管理系统_ssm\\n242. 汽车租赁管理系统_springboot\\n243. 汽车在线销售管理系统_ssm\\n244. 书店管理系统_springboot\\n245. 图书馆管理系统_servletJsp\\n246. 税务管理系统_springboot\\n247. 在线心理测评管理系统_springboot\\n248. 自媒体视频推送管理系统_springboot\\n249. 医院医疗预约服务信息管理系统_springboot\\n250. 物流信息管理系统_springboot\\n251. 企业OA办公管理系统_ssm\\n\\n\",\"articleCover\":\"http://192.168.18.178:9000/public/aurora/articles/2fdec6aa19f4ea9d09fa563625cce7b4.jpg\",\"articleTitle\":\"毕业设计请联系qq:3075018900\",\"categoryName\":\"毕业设计程序\",\"id\":2,\"isFeatured\":1,\"isTop\":1,\"status\":1,\"tagNames\":[],\"type\":1}]', 'POST', '{\"code\":20000,\"flag\":true,\"message\":\"操作成功\"}', 1, 'admin', '172.17.0.1', '内网IP|内网IP', '2023-07-02 15:26:14', NULL);
INSERT INTO `t_operation_log` VALUES (87, '文章模块', '新增或修改', '/admin/articles', 'com.aurora.controller.ArticleController.saveOrUpdateArticle', '保存和修改文章', '[{\"articleContent\":\"                                 毕业设计目录（qq:2147054944）\\n1. 房屋租赁系统_ssm [请点击效果详情图](http://byblog.nat300.top/articles/3)\\n2. 销售管理系统_ssm\\n3. 公司内部管理系统_ssh\\n4. 报刊征订系统_servletJsp\\n5. 学校论坛系统_ssm\\n6. 教师学生作业设计_servletJsp\\n7. 编译解释器_java\\n8. 房屋租赁系统2_ssm_\\n9. 网上图书商城_servletJsp\\n10. 记账管理系统_ssh_10\\n11. 移动端健康管理系统_servletJsp\\n12. 停车位管理系统_springboot\\n13. 扫雷游戏系统-毕业设计\\n14. 四种排序算法-课程设计\\n15. 童话书店系统_ssm_\\n16. 学生信息管理系统_servletJsp\\n17. 学生成绩管理系统_ssh\\n18. 图书管管理系统servletJsp\\n19. 校园二手物品交易管理系统_ssh\\n20. 蛋糕商城管理系统_ssm_15\\n21. C2C二手交易平台管理系统-毕业设计_ssm\\n22. 校园卡管理系统-课程设计\\n23. 学生信息管理系统-设计模式\\n24. Echarts管理系统-课程设计\\n25. 学生信息管理-课程设计\\n26. 贪吃蛇-课程设计\\n27. 企业协同办公系统-毕业设计\\n28. Java聊天室-课程设计\\n29. 居家花瓶摆件商城系统-毕业设计(后台不完整)\\n30. 百脑汇商城管理系统-课程设计\\n31. 高校校园设备管理系统-毕业设计\\n32. 天猫商城管理系统-毕业设计\\n33. 超市会员管理系统-毕业设计\\n34. 电子商务商城管理系统-毕业设计\\n35. 校园图书捐赠管理系统-毕业设计\\n36. 公益捐赠管理系统-毕业设计\\n37. 网上商城管理系统-课程设计\\n38. 网上购物管理系统-毕业设计\\n39. 中国购物管理系统-毕业设计\\n40. 网上购物商城管理系统-毕业设计\\n41. 网上图书商城管理系统-毕业设计\\n42. 学生信息管理系统-毕业设计\\n43. 房屋租赁系统3_ssm_15\\n44. 校园活动管理-毕业设计\\n45. 自习室管理系统-毕业设计\\n46. 医院医生预约管理系统\\n47. 城市公交查询管理系统\\n48. 会议室预约管理系统\\n49. NBA网商平台管理系统\\n50. 在线考试管理系统\\n51. 在线考试管理系统\\n52. 小区物业管理系统\\n53. 手机商城管理系统\\n54. 同城上门维修平台管理系统\\n55. 智能化停车场管理系统-毕业设计\\n56. 音乐播放平台管理系统\\n57. JAVA个人博客管理系统\\n58. 酒店管理系统\\n59. 学生选课管理系统_servletJsp_10\\n60. 房屋出租管理系统\\n61. 超市收银与会员管理系统\\n62. 学系统生学籍管理\\n63. 学生寝室管理系统\\n64. 共享型汽车租赁管理系统\\n65. 毕业设计（论文）管理系统_ssm_15\\n66. 图书管理系统\\n67. 校园二手交易管理系统\\n68. 人才招聘管理系统\\n69. 医院管理系统_springboot_20\\n70. 在线考试管理系统\\n71. 网上餐厅管理系统\\n72. 网上订餐管理系统\\n73. 学院物资管理系统\\n74. 网上电子商城管理系统\\n75. 网上书店管理系统\\n76. 游泳馆管理系统\\n77. 仓库管理系统_ssm_15\\n78. SCUM电子商城管理系统\\n79. 人事管理系统\\n80. 商城后台管理系统\\n81. 学生推荐平台管理系统\\n82. 学生社团活动管理系统\\n83. 校园志愿者活动管理系统\\n84. 大学生学业规划咨询服务平台管理系统_servletJsp_10\\n85. 网上求职招聘管理系统\\n86. 饮品店接单网页管理系统\\n87. 家用电器购物商城管理系统\\n88. 长乐文学小说管理系统\\n89. 医院管理系统\\n90. 学习英语管理系统\\n91. 毕业设计（论文）管理系统2\\n92. 拍卖管理系统\\n93. 学生成绩管理系统\\n94. 学生在线考试管理系统\\n95. 超市收银管理系统\\n96. 图书后台管理系统\\n97. 高校社团管理系统\\n98. 宠物医院管理系统\\n99. 招聘之家管理系统\\n100. 校园垃圾分类管理系统\\n101. 药品管理系统\\n102. 仓库管理系统\\n103. 就业信息平台管理系统\\n104. 疫情学校信息登记管理系统\\n105. OA工作流管理系统\\n106. 传智书城管理系统\\n107. 二手汽车销售管理系统\\n108. 团队管理系统\\n109. 超市账单管理系统\\n110. 艺术品网络展示管理系统\\n111. 游戏商城管理系统\\n112.二手房租售管理系统\\n113. 宾馆管理系统\\n114. 电影票务管理系统\\n115. 学生宿舍管理系统\\n116. 学生图书管理系统\\n117. 二手车交易管理系统\\n118. 聊天室管理系统\\n119. 物流管理系统\\n120. 餐馆管理系统\\n121. 网络在线答疑系统\\n122. 病人信息管理系统\\n123. 仓库管理系统_springboot\\n124. 学生选课管理系统_springboot\\n125. 酒店管理系统_springboot\\n126. 图书管理系统_springboot\\n127. 电子商城系统_springboot\\n128. 火车票订票管理系统_springboot\\n129. 留学生管理系统_springboot\\n130. 商城系统_springboot\\n131. 学生选课管理系统\\n132. 学生信息管理系统_springboot\\n133. 图书馆管理系统_springboot\\n134. 电子商务系统_springboot\\n135. 音乐网站管理系统_springboot\\n136. 酒店管理系统_springboot\\n137. 医院挂号系统_springboot\\n138. 在线考试系统_springboot\\n139. 学生选课管理系统\\n140. 商城系统_springboot\\n141. 学生信息管理系统_springboot\\n142. 人事管理系统_springboot\\n143. 医院挂号系统_springboot\\n144. 音乐网站管理系统_springboot\\n145. 图书馆管理系统_springboot\\n146. 网上商城管理系统_springboot\\n147. 在线考试系统_springboot\\n148. 员工信息管理系统_springboot\\n149. 学生信息管理系统_springboot\\n150. 项目调度管理系统\\n151. 教学考勤管理系统\\n152. 金港宾馆管理系统\\n153. 医院病历管理系统\\n154. 扶贫助农管理系统\\n155. 实验室管理系统\\n156. 手机点餐管理系统\\n157. 学生综合素质测评管理系统\\n158. 游泳馆信息管理系统\\n159. 小区物业管理系统\\n160. 考试报名管理系统\\n161. 新闻管理系统\\n162. 校园二手交易平台管理系统\\n163. 减肥商城管理系统\\n164. 自来水分公司水费管理系统\\n165. 网络测评管理系统\\n166. 汽车租赁管理系统\\n167. 机票订购管理系统\\n168. 智慧公寓管理系统\\n169. 垃圾分类网站管理系统\\n170. 毕业生就业信息管理系统\\n171. 大学生创新创业项目管理系统\\n172. 爱心助力商城管理系统\\n173. 运动健身管理系统\\n174. 校园故障报修管理系统\\n175. 二手房买卖信息管理系统\\n176. 宿舍管理系统\\n177. 网上鲜花交易管理系统\\n178. 网上体育用品商城管理系统\\n179. 冷链运输管理系统\\n180. 应急物资保障管理系统\\n181. 水族用品网上直销管理系统\\n182. 电子商城管理商城\\n183. 实验室智能化管理系统\\n184. 校园购物网站管理系统\\n185. 地球物理台管理系统\\n186. 智能算法中台管理系统\\n187. 旅游景区游玩管理系统\\n188. 摄影管理系统\\n189. 影院电影售票管理系统\\n190. 影院电影管理系统\\n191. 网上购物商城管理系统\\n192. 微信小程序购物商城管理系统\\n193. 电影订票购票管理系统\\n194. 电影院购票管理系统_servletJsp_\\n195. 新冠密接模式挖掘管理系统\\n196. 公选课在线选课管理系统\\n197. 水果图片信息管理系统\\n198. 零件交易中心管理系统\\n199. 健身中心会员管理系统_springboot_\\n200. 学生公寓管理系统\\n201. 学生宿舍管理系统\\n202. 健身房管理系统\\n203. 学生成绩管理系统_servletJsp_\\n204. 个人信息管理系统\\n205. 员工信息管理系统\\n206. 学生成绩管理系统\\n207. 汽车租聘管理系统\\n208. 流浪猫狗救助管理系统\\n209. 民宿房源管理系统\\n210. 音乐管理系统_springboot_\\n211. 货车管理系统\\n212. 客户管理系统\\n213. 生鲜商城管理系统\\n214. 网络聊天室JavaWeb\\n215. 宠物领养救助管理系统\\n216. 物流快递管理系统\\n217. 库存管理系统\\n218. 公司人员信息管理系统_ssm_\\n219. 高校教材仓库管理系统\\n220. 商城管理系统\\n221. 个人博客管理系统_springboot_\\n222. 网课管理系统\\n223. 茶叶商城管理系统\\n224. 乡村农产品销管理系统\\n225. 疫情防控管理系统\\n226. 货运中转管理系统\\n227. 上门维修管理系统_ssm\\n228. 教务管理系统_springboot\\n229. 鞋店在线销售管理系统_springboot\\n230. 校园二手市场平台管理系统_springboot\\n231. 高校教育综合管理系统_springboot\\n232. 画手交易管理系统_springboot\\n233. 校园快递服务管理系统_ssm_15\\n234. 超市进销存管理系统_springboot\\n235. 校园迎新信息管理系统_ssm_15\\n236. 教育互助管理系统_springboot\\n237. 网上蛋糕商城管理系统_springboot\\n238. 高校宿舍管理系统_ssm\\n239. 考研资讯平台管理系统_springboot\\n240. 医院住院预约管理系统_springboot\\n241. 虚拟商品管理系统_ssm\\n242. 汽车租赁管理系统_springboot\\n243. 汽车在线销售管理系统_ssm\\n244. 书店管理系统_springboot\\n245. 图书馆管理系统_servletJsp\\n246. 税务管理系统_springboot\\n247. 在线心理测评管理系统_springboot\\n248. 自媒体视频推送管理系统_springboot\\n249. 医院医疗预约服务信息管理系统_springboot\\n250. 物流信息管理系统_springboot\\n251. 企业OA办公管理系统_ssm\\n\\n\",\"articleCover\":\"http://192.168.18.178:9000/public/aurora/articles/2fdec6aa19f4ea9d09fa563625cce7b4.jpg\",\"articleTitle\":\"毕业设计请联系qq:3075018900\",\"categoryName\":\"毕业设计程序\",\"id\":2,\"isFeatured\":1,\"isTop\":1,\"status\":1,\"tagNames\":[],\"type\":1}]', 'POST', '{\"code\":20000,\"flag\":true,\"message\":\"操作成功\"}', 1, 'admin', '172.17.0.1', '内网IP|内网IP', '2023-07-02 15:27:56', NULL);
INSERT INTO `t_operation_log` VALUES (88, '文章模块', '新增或修改', '/admin/articles', 'com.aurora.controller.ArticleController.saveOrUpdateArticle', '保存和修改文章', '[{\"articleContent\":\"                                 毕业设计目录（qq:2147054944）\\n1. 房屋租赁系统_ssm **[点击查看项目详情图](http://byblog.nat300.top/articles/3)**\\n2. 销售管理系统_ssm\\n3. 公司内部管理系统_ssh\\n4. 报刊征订系统_servletJsp\\n5. 学校论坛系统_ssm\\n6. 教师学生作业设计_servletJsp\\n7. 编译解释器_java\\n8. 房屋租赁系统2_ssm_\\n9. 网上图书商城_servletJsp\\n10. 记账管理系统_ssh_10\\n11. 移动端健康管理系统_servletJsp\\n12. 停车位管理系统_springboot\\n13. 扫雷游戏系统-毕业设计\\n14. 四种排序算法-课程设计\\n15. 童话书店系统_ssm_\\n16. 学生信息管理系统_servletJsp\\n17. 学生成绩管理系统_ssh\\n18. 图书管管理系统servletJsp\\n19. 校园二手物品交易管理系统_ssh\\n20. 蛋糕商城管理系统_ssm_15\\n21. C2C二手交易平台管理系统-毕业设计_ssm\\n22. 校园卡管理系统-课程设计\\n23. 学生信息管理系统-设计模式\\n24. Echarts管理系统-课程设计\\n25. 学生信息管理-课程设计\\n26. 贪吃蛇-课程设计\\n27. 企业协同办公系统-毕业设计\\n28. Java聊天室-课程设计\\n29. 居家花瓶摆件商城系统-毕业设计(后台不完整)\\n30. 百脑汇商城管理系统-课程设计\\n31. 高校校园设备管理系统-毕业设计\\n32. 天猫商城管理系统-毕业设计\\n33. 超市会员管理系统-毕业设计\\n34. 电子商务商城管理系统-毕业设计\\n35. 校园图书捐赠管理系统-毕业设计\\n36. 公益捐赠管理系统-毕业设计\\n37. 网上商城管理系统-课程设计\\n38. 网上购物管理系统-毕业设计\\n39. 中国购物管理系统-毕业设计\\n40. 网上购物商城管理系统-毕业设计\\n41. 网上图书商城管理系统-毕业设计\\n42. 学生信息管理系统-毕业设计\\n43. 房屋租赁系统3_ssm_15\\n44. 校园活动管理-毕业设计\\n45. 自习室管理系统-毕业设计\\n46. 医院医生预约管理系统\\n47. 城市公交查询管理系统\\n48. 会议室预约管理系统\\n49. NBA网商平台管理系统\\n50. 在线考试管理系统\\n51. 在线考试管理系统\\n52. 小区物业管理系统\\n53. 手机商城管理系统\\n54. 同城上门维修平台管理系统\\n55. 智能化停车场管理系统-毕业设计\\n56. 音乐播放平台管理系统\\n57. JAVA个人博客管理系统\\n58. 酒店管理系统\\n59. 学生选课管理系统_servletJsp_10\\n60. 房屋出租管理系统\\n61. 超市收银与会员管理系统\\n62. 学系统生学籍管理\\n63. 学生寝室管理系统\\n64. 共享型汽车租赁管理系统\\n65. 毕业设计（论文）管理系统_ssm_15\\n66. 图书管理系统\\n67. 校园二手交易管理系统\\n68. 人才招聘管理系统\\n69. 医院管理系统_springboot_20\\n70. 在线考试管理系统\\n71. 网上餐厅管理系统\\n72. 网上订餐管理系统\\n73. 学院物资管理系统\\n74. 网上电子商城管理系统\\n75. 网上书店管理系统\\n76. 游泳馆管理系统\\n77. 仓库管理系统_ssm_15\\n78. SCUM电子商城管理系统\\n79. 人事管理系统\\n80. 商城后台管理系统\\n81. 学生推荐平台管理系统\\n82. 学生社团活动管理系统\\n83. 校园志愿者活动管理系统\\n84. 大学生学业规划咨询服务平台管理系统_servletJsp_10\\n85. 网上求职招聘管理系统\\n86. 饮品店接单网页管理系统\\n87. 家用电器购物商城管理系统\\n88. 长乐文学小说管理系统\\n89. 医院管理系统\\n90. 学习英语管理系统\\n91. 毕业设计（论文）管理系统2\\n92. 拍卖管理系统\\n93. 学生成绩管理系统\\n94. 学生在线考试管理系统\\n95. 超市收银管理系统\\n96. 图书后台管理系统\\n97. 高校社团管理系统\\n98. 宠物医院管理系统\\n99. 招聘之家管理系统\\n100. 校园垃圾分类管理系统\\n101. 药品管理系统\\n102. 仓库管理系统\\n103. 就业信息平台管理系统\\n104. 疫情学校信息登记管理系统\\n105. OA工作流管理系统\\n106. 传智书城管理系统\\n107. 二手汽车销售管理系统\\n108. 团队管理系统\\n109. 超市账单管理系统\\n110. 艺术品网络展示管理系统\\n111. 游戏商城管理系统\\n112.二手房租售管理系统\\n113. 宾馆管理系统\\n114. 电影票务管理系统\\n115. 学生宿舍管理系统\\n116. 学生图书管理系统\\n117. 二手车交易管理系统\\n118. 聊天室管理系统\\n119. 物流管理系统\\n120. 餐馆管理系统\\n121. 网络在线答疑系统\\n122. 病人信息管理系统\\n123. 仓库管理系统_springboot\\n124. 学生选课管理系统_springboot\\n125. 酒店管理系统_springboot\\n126. 图书管理系统_springboot\\n127. 电子商城系统_springboot\\n128. 火车票订票管理系统_springboot\\n129. 留学生管理系统_springboot\\n130. 商城系统_springboot\\n131. 学生选课管理系统\\n132. 学生信息管理系统_springboot\\n133. 图书馆管理系统_springboot\\n134. 电子商务系统_springboot\\n135. 音乐网站管理系统_springboot\\n136. 酒店管理系统_springboot\\n137. 医院挂号系统_springboot\\n138. 在线考试系统_springboot\\n139. 学生选课管理系统\\n140. 商城系统_springboot\\n141. 学生信息管理系统_springboot\\n142. 人事管理系统_springboot\\n143. 医院挂号系统_springboot\\n144. 音乐网站管理系统_springboot\\n145. 图书馆管理系统_springboot\\n146. 网上商城管理系统_springboot\\n147. 在线考试系统_springboot\\n148. 员工信息管理系统_springboot\\n149. 学生信息管理系统_springboot\\n150. 项目调度管理系统\\n151. 教学考勤管理系统\\n152. 金港宾馆管理系统\\n153. 医院病历管理系统\\n154. 扶贫助农管理系统\\n155. 实验室管理系统\\n156. 手机点餐管理系统\\n157. 学生综合素质测评管理系统\\n158. 游泳馆信息管理系统\\n159. 小区物业管理系统\\n160. 考试报名管理系统\\n161. 新闻管理系统\\n162. 校园二手交易平台管理系统\\n163. 减肥商城管理系统\\n164. 自来水分公司水费管理系统\\n165. 网络测评管理系统\\n166. 汽车租赁管理系统\\n167. 机票订购管理系统\\n168. 智慧公寓管理系统\\n169. 垃圾分类网站管理系统\\n170. 毕业生就业信息管理系统\\n171. 大学生创新创业项目管理系统\\n172. 爱心助力商城管理系统\\n173. 运动健身管理系统\\n174. 校园故障报修管理系统\\n175. 二手房买卖信息管理系统\\n176. 宿舍管理系统\\n177. 网上鲜花交易管理系统\\n178. 网上体育用品商城管理系统\\n179. 冷链运输管理系统\\n180. 应急物资保障管理系统\\n181. 水族用品网上直销管理系统\\n182. 电子商城管理商城\\n183. 实验室智能化管理系统\\n184. 校园购物网站管理系统\\n185. 地球物理台管理系统\\n186. 智能算法中台管理系统\\n187. 旅游景区游玩管理系统\\n188. 摄影管理系统\\n189. 影院电影售票管理系统\\n190. 影院电影管理系统\\n191. 网上购物商城管理系统\\n192. 微信小程序购物商城管理系统\\n193. 电影订票购票管理系统\\n194. 电影院购票管理系统_servletJsp_\\n195. 新冠密接模式挖掘管理系统\\n196. 公选课在线选课管理系统\\n197. 水果图片信息管理系统\\n198. 零件交易中心管理系统\\n199. 健身中心会员管理系统_springboot_\\n200. 学生公寓管理系统\\n201. 学生宿舍管理系统\\n202. 健身房管理系统\\n203. 学生成绩管理系统_servletJsp_\\n204. 个人信息管理系统\\n205. 员工信息管理系统\\n206. 学生成绩管理系统\\n207. 汽车租聘管理系统\\n208. 流浪猫狗救助管理系统\\n209. 民宿房源管理系统\\n210. 音乐管理系统_springboot_\\n211. 货车管理系统\\n212. 客户管理系统\\n213. 生鲜商城管理系统\\n214. 网络聊天室JavaWeb\\n215. 宠物领养救助管理系统\\n216. 物流快递管理系统\\n217. 库存管理系统\\n218. 公司人员信息管理系统_ssm_\\n219. 高校教材仓库管理系统\\n220. 商城管理系统\\n221. 个人博客管理系统_springboot_\\n222. 网课管理系统\\n223. 茶叶商城管理系统\\n224. 乡村农产品销管理系统\\n225. 疫情防控管理系统\\n226. 货运中转管理系统\\n227. 上门维修管理系统_ssm\\n228. 教务管理系统_springboot\\n229. 鞋店在线销售管理系统_springboot\\n230. 校园二手市场平台管理系统_springboot\\n231. 高校教育综合管理系统_springboot\\n232. 画手交易管理系统_springboot\\n233. 校园快递服务管理系统_ssm_15\\n234. 超市进销存管理系统_springboot\\n235. 校园迎新信息管理系统_ssm_15\\n236. 教育互助管理系统_springboot\\n237. 网上蛋糕商城管理系统_springboot\\n238. 高校宿舍管理系统_ssm\\n239. 考研资讯平台管理系统_springboot\\n240. 医院住院预约管理系统_springboot\\n241. 虚拟商品管理系统_ssm\\n242. 汽车租赁管理系统_springboot\\n243. 汽车在线销售管理系统_ssm\\n244. 书店管理系统_springboot\\n245. 图书馆管理系统_servletJsp\\n246. 税务管理系统_springboot\\n247. 在线心理测评管理系统_springboot\\n248. 自媒体视频推送管理系统_springboot\\n249. 医院医疗预约服务信息管理系统_springboot\\n250. 物流信息管理系统_springboot\\n251. 企业OA办公管理系统_ssm\\n\\n\",\"articleCover\":\"http://192.168.18.178:9000/public/aurora/articles/2fdec6aa19f4ea9d09fa563625cce7b4.jpg\",\"articleTitle\":\"毕业设计请联系qq:3075018900\",\"categoryName\":\"毕业设计程序\",\"id\":2,\"isFeatured\":1,\"isTop\":1,\"status\":1,\"tagNames\":[],\"type\":1}]', 'POST', '{\"code\":20000,\"flag\":true,\"message\":\"操作成功\"}', 1, 'admin', '172.17.0.1', '内网IP|内网IP', '2023-07-02 15:29:32', NULL);
INSERT INTO `t_operation_log` VALUES (89, '文章模块', '新增或修改', '/admin/articles', 'com.aurora.controller.ArticleController.saveOrUpdateArticle', '保存和修改文章', '[{\"articleContent\":\"## 简介：\\n前端访问地址： http://localhost:8080/index.html\\n用户名： user\\n密码： 123456\\n后端访问地址： http://localhost:8080/admin/index.html\\n用户名： admin\\n密码： 123456\\n### 部署要求：\\n1.建立D:/upload/hrs/目录，图片使用\\n2.高德开放KEY值\\n特征\\n基本：实现不同用户之间的收藏房源，与房东沟通\\n多用户：普通用户与管理员各自都能发布房源信息\\n开发环境：前端 Layui，后端 Spring SpringMVC MyBatis\\n### 环境\\nIntelliJ IDEA 2021.2\\nMysql 5.7.26\\nNavicat 11.1.20.0\\nTomcat 7.0.73\\nJDK 1.8\\n### 缩略图：\\n![image.png](http://192.168.18.178:9000/public/aurora/articles/c570a29daa4054708593ea3e48fc9b91.png)\\n![image.png](http://192.168.18.178:9000/public/aurora/articles/7fabe48fcdd44064829d27f89c1fa1d8.png)\\n![image.png](http://192.168.18.178:9000/public/aurora/articles/9331fde066eca94c5f4c5e5b849c3890.png)\\n![image.png](http://192.168.18.178:9000/public/aurora/articles/84b3f2f79e5aef9c71c6f3efb97c0f03.png)\\n![image.png](http://192.168.18.178:9000/public/aurora/articles/71cca5417b99bec697c97992891e4765.png)\\n\\n\\n\\n\",\"articleCover\":\"http://192.168.18.178:9000/public/aurora/articles/ac3afc312786eaf680f0ec65e861d759.png\",\"articleTitle\":\"1.房屋租赁系统\",\"categoryName\":\"毕业设计程序\",\"id\":3,\"isFeatured\":1,\"isTop\":0,\"status\":1,\"tagNames\":[],\"type\":1}]', 'POST', '{\"code\":20000,\"flag\":true,\"message\":\"操作成功\"}', 1, 'admin', '172.17.0.1', '内网IP|内网IP', '2023-07-02 15:34:41', NULL);
INSERT INTO `t_operation_log` VALUES (90, '文章模块', '上传', '/admin/articles/images', 'com.aurora.controller.ArticleController.saveArticleImages', '上传文章图片', 'file', 'POST', '{\"code\":20000,\"data\":\"http://192.168.18.178:9000/public/aurora/articles/de79557352531330a0bf92135776e15e.png\",\"flag\":true,\"message\":\"操作成功\"}', 1, 'admin', '172.17.0.1', '内网IP|内网IP', '2023-07-02 15:56:56', NULL);
INSERT INTO `t_operation_log` VALUES (91, '文章模块', '上传', '/admin/articles/images', 'com.aurora.controller.ArticleController.saveArticleImages', '上传文章图片', 'file', 'POST', '{\"code\":20000,\"data\":\"http://192.168.18.178:9000/public/aurora/articles/5306050acc97fb406c099c5ed21b8178.png\",\"flag\":true,\"message\":\"操作成功\"}', 1, 'admin', '172.17.0.1', '内网IP|内网IP', '2023-07-02 15:57:12', NULL);
INSERT INTO `t_operation_log` VALUES (92, '文章模块', '上传', '/admin/articles/images', 'com.aurora.controller.ArticleController.saveArticleImages', '上传文章图片', 'file', 'POST', '{\"code\":20000,\"data\":\"http://192.168.18.178:9000/public/aurora/articles/d46e6789786004f51e9380f7108fd339.png\",\"flag\":true,\"message\":\"操作成功\"}', 1, 'admin', '172.17.0.1', '内网IP|内网IP', '2023-07-02 15:57:20', NULL);
INSERT INTO `t_operation_log` VALUES (93, '文章模块', '上传', '/admin/articles/images', 'com.aurora.controller.ArticleController.saveArticleImages', '上传文章图片', 'file', 'POST', '{\"code\":20000,\"data\":\"http://192.168.18.178:9000/public/aurora/articles/f65e6a0ce931006eea6494cdbb227765.png\",\"flag\":true,\"message\":\"操作成功\"}', 1, 'admin', '172.17.0.1', '内网IP|内网IP', '2023-07-02 15:57:30', NULL);
INSERT INTO `t_operation_log` VALUES (94, '文章模块', '上传', '/admin/articles/images', 'com.aurora.controller.ArticleController.saveArticleImages', '上传文章图片', 'file', 'POST', '{\"code\":20000,\"data\":\"http://192.168.18.178:9000/public/aurora/articles/40100254d454b4d5f98dc2ee97418e63.png\",\"flag\":true,\"message\":\"操作成功\"}', 1, 'admin', '172.17.0.1', '内网IP|内网IP', '2023-07-02 15:57:41', NULL);
INSERT INTO `t_operation_log` VALUES (95, '文章模块', '上传', '/admin/articles/images', 'com.aurora.controller.ArticleController.saveArticleImages', '上传文章图片', 'file', 'POST', '{\"code\":20000,\"data\":\"http://192.168.18.178:9000/public/aurora/articles/e3bf64bd4497f842f672772eb80e7336.png\",\"flag\":true,\"message\":\"操作成功\"}', 1, 'admin', '172.17.0.1', '内网IP|内网IP', '2023-07-02 15:57:51', NULL);
INSERT INTO `t_operation_log` VALUES (96, '文章模块', '上传', '/admin/articles/images', 'com.aurora.controller.ArticleController.saveArticleImages', '上传文章图片', 'file', 'POST', '{\"code\":20000,\"data\":\"http://192.168.18.178:9000/public/aurora/articles/f1691ad96ba81a97149001cae3a80d0f.png\",\"flag\":true,\"message\":\"操作成功\"}', 1, 'admin', '172.17.0.1', '内网IP|内网IP', '2023-07-02 15:58:34', NULL);
INSERT INTO `t_operation_log` VALUES (97, '文章模块', '新增或修改', '/admin/articles', 'com.aurora.controller.ArticleController.saveOrUpdateArticle', '保存和修改文章', '[{\"articleContent\":\"# 简介\\n访问地址： http://localhost:8080/account/Account_login.action\\n用户名： admin\\n密码： 123456\\n## 特征\\n基本：商品维护,入库出库,供应商\\n开发环境：前端 JQuery-ui，后端 Spring SpringMVC MyBatis\\n## 环境\\nIntelliJ IDEA 2021.2\\nMysql 5.7.26\\nNavicat 11.1.20.0\\nTomcat 7.0.73\\nJDK 1.8\\n## 缩略图\\n![image.png](http://192.168.18.178:9000/public/aurora/articles/de79557352531330a0bf92135776e15e.png)\\n![image.png](http://192.168.18.178:9000/public/aurora/articles/5306050acc97fb406c099c5ed21b8178.png)\\n![image.png](http://192.168.18.178:9000/public/aurora/articles/d46e6789786004f51e9380f7108fd339.png)\\n![image.png](http://192.168.18.178:9000/public/aurora/articles/f65e6a0ce931006eea6494cdbb227765.png)\\n![image.png](http://192.168.18.178:9000/public/aurora/articles/40100254d454b4d5f98dc2ee97418e63.png)\\n![image.png](http://192.168.18.178:9000/public/aurora/articles/e3bf64bd4497f842f672772eb80e7336.png)\",\"articleCover\":\"http://192.168.18.178:9000/public/aurora/articles/f1691ad96ba81a97149001cae3a80d0f.png\",\"articleTitle\":\"2.销售仓库管理系统\",\"categoryName\":\"毕业设计程序\",\"isFeatured\":0,\"isTop\":0,\"status\":1,\"tagNames\":[],\"type\":1}]', 'POST', '{\"code\":20000,\"flag\":true,\"message\":\"操作成功\"}', 1, 'admin', '172.17.0.1', '内网IP|内网IP', '2023-07-02 15:58:38', NULL);
INSERT INTO `t_operation_log` VALUES (98, '文章模块', '修改', '/admin/articles/topAndFeatured', 'com.aurora.controller.ArticleController.updateArticleTopAndFeatured', '修改文章是否置顶和推荐', '[{\"id\":3,\"isFeatured\":0,\"isTop\":0}]', 'PUT', '{\"code\":20000,\"flag\":true,\"message\":\"操作成功\"}', 1, 'admin', '172.17.0.1', '内网IP|内网IP', '2023-07-02 15:58:52', NULL);
INSERT INTO `t_operation_log` VALUES (99, '文章模块', '新增或修改', '/admin/articles', 'com.aurora.controller.ArticleController.saveOrUpdateArticle', '保存和修改文章', '[{\"articleContent\":\"                                 毕业设计目录（qq:2147054944）\\n1. 房屋租赁系统_ssm **[点击查看项目详情图](http://byblog.nat300.top/articles/3)**\\n2. 销售管理系统_ssm  [**点击查看项目详情图**](http://byblog.nat300.top/articles/4)\\n3. 公司内部管理系统_ssh\\n4. 报刊征订系统_servletJsp\\n5. 学校论坛系统_ssm\\n6. 教师学生作业设计_servletJsp\\n7. 编译解释器_java\\n8. 房屋租赁系统2_ssm_\\n9. 网上图书商城_servletJsp\\n10. 记账管理系统_ssh_10\\n11. 移动端健康管理系统_servletJsp\\n12. 停车位管理系统_springboot\\n13. 扫雷游戏系统-毕业设计\\n14. 四种排序算法-课程设计\\n15. 童话书店系统_ssm_\\n16. 学生信息管理系统_servletJsp\\n17. 学生成绩管理系统_ssh\\n18. 图书管管理系统servletJsp\\n19. 校园二手物品交易管理系统_ssh\\n20. 蛋糕商城管理系统_ssm_15\\n21. C2C二手交易平台管理系统-毕业设计_ssm\\n22. 校园卡管理系统-课程设计\\n23. 学生信息管理系统-设计模式\\n24. Echarts管理系统-课程设计\\n25. 学生信息管理-课程设计\\n26. 贪吃蛇-课程设计\\n27. 企业协同办公系统-毕业设计\\n28. Java聊天室-课程设计\\n29. 居家花瓶摆件商城系统-毕业设计(后台不完整)\\n30. 百脑汇商城管理系统-课程设计\\n31. 高校校园设备管理系统-毕业设计\\n32. 天猫商城管理系统-毕业设计\\n33. 超市会员管理系统-毕业设计\\n34. 电子商务商城管理系统-毕业设计\\n35. 校园图书捐赠管理系统-毕业设计\\n36. 公益捐赠管理系统-毕业设计\\n37. 网上商城管理系统-课程设计\\n38. 网上购物管理系统-毕业设计\\n39. 中国购物管理系统-毕业设计\\n40. 网上购物商城管理系统-毕业设计\\n41. 网上图书商城管理系统-毕业设计\\n42. 学生信息管理系统-毕业设计\\n43. 房屋租赁系统3_ssm_15\\n44. 校园活动管理-毕业设计\\n45. 自习室管理系统-毕业设计\\n46. 医院医生预约管理系统\\n47. 城市公交查询管理系统\\n48. 会议室预约管理系统\\n49. NBA网商平台管理系统\\n50. 在线考试管理系统\\n51. 在线考试管理系统\\n52. 小区物业管理系统\\n53. 手机商城管理系统\\n54. 同城上门维修平台管理系统\\n55. 智能化停车场管理系统-毕业设计\\n56. 音乐播放平台管理系统\\n57. JAVA个人博客管理系统\\n58. 酒店管理系统\\n59. 学生选课管理系统_servletJsp_10\\n60. 房屋出租管理系统\\n61. 超市收银与会员管理系统\\n62. 学系统生学籍管理\\n63. 学生寝室管理系统\\n64. 共享型汽车租赁管理系统\\n65. 毕业设计（论文）管理系统_ssm_15\\n66. 图书管理系统\\n67. 校园二手交易管理系统\\n68. 人才招聘管理系统\\n69. 医院管理系统_springboot_20\\n70. 在线考试管理系统\\n71. 网上餐厅管理系统\\n72. 网上订餐管理系统\\n73. 学院物资管理系统\\n74. 网上电子商城管理系统\\n75. 网上书店管理系统\\n76. 游泳馆管理系统\\n77. 仓库管理系统_ssm_15\\n78. SCUM电子商城管理系统\\n79. 人事管理系统\\n80. 商城后台管理系统\\n81. 学生推荐平台管理系统\\n82. 学生社团活动管理系统\\n83. 校园志愿者活动管理系统\\n84. 大学生学业规划咨询服务平台管理系统_servletJsp_10\\n85. 网上求职招聘管理系统\\n86. 饮品店接单网页管理系统\\n87. 家用电器购物商城管理系统\\n88. 长乐文学小说管理系统\\n89. 医院管理系统\\n90. 学习英语管理系统\\n91. 毕业设计（论文）管理系统2\\n92. 拍卖管理系统\\n93. 学生成绩管理系统\\n94. 学生在线考试管理系统\\n95. 超市收银管理系统\\n96. 图书后台管理系统\\n97. 高校社团管理系统\\n98. 宠物医院管理系统\\n99. 招聘之家管理系统\\n100. 校园垃圾分类管理系统\\n101. 药品管理系统\\n102. 仓库管理系统\\n103. 就业信息平台管理系统\\n104. 疫情学校信息登记管理系统\\n105. OA工作流管理系统\\n106. 传智书城管理系统\\n107. 二手汽车销售管理系统\\n108. 团队管理系统\\n109. 超市账单管理系统\\n110. 艺术品网络展示管理系统\\n111. 游戏商城管理系统\\n112.二手房租售管理系统\\n113. 宾馆管理系统\\n114. 电影票务管理系统\\n115. 学生宿舍管理系统\\n116. 学生图书管理系统\\n117. 二手车交易管理系统\\n118. 聊天室管理系统\\n119. 物流管理系统\\n120. 餐馆管理系统\\n121. 网络在线答疑系统\\n122. 病人信息管理系统\\n123. 仓库管理系统_springboot\\n124. 学生选课管理系统_springboot\\n125. 酒店管理系统_springboot\\n126. 图书管理系统_springboot\\n127. 电子商城系统_springboot\\n128. 火车票订票管理系统_springboot\\n129. 留学生管理系统_springboot\\n130. 商城系统_springboot\\n131. 学生选课管理系统\\n132. 学生信息管理系统_springboot\\n133. 图书馆管理系统_springboot\\n134. 电子商务系统_springboot\\n135. 音乐网站管理系统_springboot\\n136. 酒店管理系统_springboot\\n137. 医院挂号系统_springboot\\n138. 在线考试系统_springboot\\n139. 学生选课管理系统\\n140. 商城系统_springboot\\n141. 学生信息管理系统_springboot\\n142. 人事管理系统_springboot\\n143. 医院挂号系统_springboot\\n144. 音乐网站管理系统_springboot\\n145. 图书馆管理系统_springboot\\n146. 网上商城管理系统_springboot\\n147. 在线考试系统_springboot\\n148. 员工信息管理系统_springboot\\n149. 学生信息管理系统_springboot\\n150. 项目调度管理系统\\n151. 教学考勤管理系统\\n152. 金港宾馆管理系统\\n153. 医院病历管理系统\\n154. 扶贫助农管理系统\\n155. 实验室管理系统\\n156. 手机点餐管理系统\\n157. 学生综合素质测评管理系统\\n158. 游泳馆信息管理系统\\n159. 小区物业管理系统\\n160. 考试报名管理系统\\n161. 新闻管理系统\\n162. 校园二手交易平台管理系统\\n163. 减肥商城管理系统\\n164. 自来水分公司水费管理系统\\n165. 网络测评管理系统\\n166. 汽车租赁管理系统\\n167. 机票订购管理系统\\n168. 智慧公寓管理系统\\n169. 垃圾分类网站管理系统\\n170. 毕业生就业信息管理系统\\n171. 大学生创新创业项目管理系统\\n172. 爱心助力商城管理系统\\n173. 运动健身管理系统\\n174. 校园故障报修管理系统\\n175. 二手房买卖信息管理系统\\n176. 宿舍管理系统\\n177. 网上鲜花交易管理系统\\n178. 网上体育用品商城管理系统\\n179. 冷链运输管理系统\\n180. 应急物资保障管理系统\\n181. 水族用品网上直销管理系统\\n182. 电子商城管理商城\\n183. 实验室智能化管理系统\\n184. 校园购物网站管理系统\\n185. 地球物理台管理系统\\n186. 智能算法中台管理系统\\n187. 旅游景区游玩管理系统\\n188. 摄影管理系统\\n189. 影院电影售票管理系统\\n190. 影院电影管理系统\\n191. 网上购物商城管理系统\\n192. 微信小程序购物商城管理系统\\n193. 电影订票购票管理系统\\n194. 电影院购票管理系统_servletJsp_\\n195. 新冠密接模式挖掘管理系统\\n196. 公选课在线选课管理系统\\n197. 水果图片信息管理系统\\n198. 零件交易中心管理系统\\n199. 健身中心会员管理系统_springboot_\\n200. 学生公寓管理系统\\n201. 学生宿舍管理系统\\n202. 健身房管理系统\\n203. 学生成绩管理系统_servletJsp_\\n204. 个人信息管理系统\\n205. 员工信息管理系统\\n206. 学生成绩管理系统\\n207. 汽车租聘管理系统\\n208. 流浪猫狗救助管理系统\\n209. 民宿房源管理系统\\n210. 音乐管理系统_springboot_\\n211. 货车管理系统\\n212. 客户管理系统\\n213. 生鲜商城管理系统\\n214. 网络聊天室JavaWeb\\n215. 宠物领养救助管理系统\\n216. 物流快递管理系统\\n217. 库存管理系统\\n218. 公司人员信息管理系统_ssm_\\n219. 高校教材仓库管理系统\\n220. 商城管理系统\\n221. 个人博客管理系统_springboot_\\n222. 网课管理系统\\n223. 茶叶商城管理系统\\n224. 乡村农产品销管理系统\\n225. 疫情防控管理系统\\n226. 货运中转管理系统\\n227. 上门维修管理系统_ssm\\n228. 教务管理系统_springboot\\n229. 鞋店在线销售管理系统_springboot\\n230. 校园二手市场平台管理系统_springboot\\n231. 高校教育综合管理系统_springboot\\n232. 画手交易管理系统_springboot\\n233. 校园快递服务管理系统_ssm_15\\n234. 超市进销存管理系统_springboot\\n235. 校园迎新信息管理系统_ssm_15\\n236. 教育互助管理系统_springboot\\n237. 网上蛋糕商城管理系统_springboot\\n238. 高校宿舍管理系统_ssm\\n239. 考研资讯平台管理系统_springboot\\n240. 医院住院预约管理系统_springboot\\n241. 虚拟商品管理系统_ssm\\n242. 汽车租赁管理系统_springboot\\n243. 汽车在线销售管理系统_ssm\\n244. 书店管理系统_springboot\\n245. 图书馆管理系统_servletJsp\\n246. 税务管理系统_springboot\\n247. 在线心理测评管理系统_springboot\\n248. 自媒体视频推送管理系统_springboot\\n249. 医院医疗预约服务信息管理系统_springboot\\n250. 物流信息管理系统_springboot\\n251. 企业OA办公管理系统_ssm\\n\\n\",\"articleCover\":\"http://192.168.18.178:9000/public/aurora/articles/2fdec6aa19f4ea9d09fa563625cce7b4.jpg\",\"articleTitle\":\"毕业设计请联系qq:3075018900\",\"categoryName\":\"毕业设计程序\",\"id\":2,\"isFeatured\":1,\"isTop\":1,\"status\":1,\"tagNames\":[],\"type\":1}]', 'POST', '{\"code\":20000,\"flag\":true,\"message\":\"操作成功\"}', 1, 'admin', '172.17.0.1', '内网IP|内网IP', '2023-07-02 16:00:45', NULL);
INSERT INTO `t_operation_log` VALUES (100, '文章模块', '新增或修改', '/admin/articles', 'com.aurora.controller.ArticleController.saveOrUpdateArticle', '保存和修改文章', '[{\"articleContent\":\"                                 毕业设计目录（qq:2147054944）\\n1. 房屋租赁系统_ssm **[点击查看项目详情图](http://byblog.nat300.top/articles/3)**\\n2. 销售管理系统_ssm  **[点击查看项目详情图](http://byblog.nat300.top/articles/4)**\\n3. 公司内部管理系统_ssh\\n4. 报刊征订系统_servletJsp\\n5. 学校论坛系统_ssm\\n6. 教师学生作业设计_servletJsp\\n7. 编译解释器_java\\n8. 房屋租赁系统2_ssm_\\n9. 网上图书商城_servletJsp\\n10. 记账管理系统_ssh_10\\n11. 移动端健康管理系统_servletJsp\\n12. 停车位管理系统_springboot\\n13. 扫雷游戏系统-毕业设计\\n14. 四种排序算法-课程设计\\n15. 童话书店系统_ssm_\\n16. 学生信息管理系统_servletJsp\\n17. 学生成绩管理系统_ssh\\n18. 图书管管理系统servletJsp\\n19. 校园二手物品交易管理系统_ssh\\n20. 蛋糕商城管理系统_ssm_15\\n21. C2C二手交易平台管理系统-毕业设计_ssm\\n22. 校园卡管理系统-课程设计\\n23. 学生信息管理系统-设计模式\\n24. Echarts管理系统-课程设计\\n25. 学生信息管理-课程设计\\n26. 贪吃蛇-课程设计\\n27. 企业协同办公系统-毕业设计\\n28. Java聊天室-课程设计\\n29. 居家花瓶摆件商城系统-毕业设计(后台不完整)\\n30. 百脑汇商城管理系统-课程设计\\n31. 高校校园设备管理系统-毕业设计\\n32. 天猫商城管理系统-毕业设计\\n33. 超市会员管理系统-毕业设计\\n34. 电子商务商城管理系统-毕业设计\\n35. 校园图书捐赠管理系统-毕业设计\\n36. 公益捐赠管理系统-毕业设计\\n37. 网上商城管理系统-课程设计\\n38. 网上购物管理系统-毕业设计\\n39. 中国购物管理系统-毕业设计\\n40. 网上购物商城管理系统-毕业设计\\n41. 网上图书商城管理系统-毕业设计\\n42. 学生信息管理系统-毕业设计\\n43. 房屋租赁系统3_ssm_15\\n44. 校园活动管理-毕业设计\\n45. 自习室管理系统-毕业设计\\n46. 医院医生预约管理系统\\n47. 城市公交查询管理系统\\n48. 会议室预约管理系统\\n49. NBA网商平台管理系统\\n50. 在线考试管理系统\\n51. 在线考试管理系统\\n52. 小区物业管理系统\\n53. 手机商城管理系统\\n54. 同城上门维修平台管理系统\\n55. 智能化停车场管理系统-毕业设计\\n56. 音乐播放平台管理系统\\n57. JAVA个人博客管理系统\\n58. 酒店管理系统\\n59. 学生选课管理系统_servletJsp_10\\n60. 房屋出租管理系统\\n61. 超市收银与会员管理系统\\n62. 学系统生学籍管理\\n63. 学生寝室管理系统\\n64. 共享型汽车租赁管理系统\\n65. 毕业设计（论文）管理系统_ssm_15\\n66. 图书管理系统\\n67. 校园二手交易管理系统\\n68. 人才招聘管理系统\\n69. 医院管理系统_springboot_20\\n70. 在线考试管理系统\\n71. 网上餐厅管理系统\\n72. 网上订餐管理系统\\n73. 学院物资管理系统\\n74. 网上电子商城管理系统\\n75. 网上书店管理系统\\n76. 游泳馆管理系统\\n77. 仓库管理系统_ssm_15\\n78. SCUM电子商城管理系统\\n79. 人事管理系统\\n80. 商城后台管理系统\\n81. 学生推荐平台管理系统\\n82. 学生社团活动管理系统\\n83. 校园志愿者活动管理系统\\n84. 大学生学业规划咨询服务平台管理系统_servletJsp_10\\n85. 网上求职招聘管理系统\\n86. 饮品店接单网页管理系统\\n87. 家用电器购物商城管理系统\\n88. 长乐文学小说管理系统\\n89. 医院管理系统\\n90. 学习英语管理系统\\n91. 毕业设计（论文）管理系统2\\n92. 拍卖管理系统\\n93. 学生成绩管理系统\\n94. 学生在线考试管理系统\\n95. 超市收银管理系统\\n96. 图书后台管理系统\\n97. 高校社团管理系统\\n98. 宠物医院管理系统\\n99. 招聘之家管理系统\\n100. 校园垃圾分类管理系统\\n101. 药品管理系统\\n102. 仓库管理系统\\n103. 就业信息平台管理系统\\n104. 疫情学校信息登记管理系统\\n105. OA工作流管理系统\\n106. 传智书城管理系统\\n107. 二手汽车销售管理系统\\n108. 团队管理系统\\n109. 超市账单管理系统\\n110. 艺术品网络展示管理系统\\n111. 游戏商城管理系统\\n112.二手房租售管理系统\\n113. 宾馆管理系统\\n114. 电影票务管理系统\\n115. 学生宿舍管理系统\\n116. 学生图书管理系统\\n117. 二手车交易管理系统\\n118. 聊天室管理系统\\n119. 物流管理系统\\n120. 餐馆管理系统\\n121. 网络在线答疑系统\\n122. 病人信息管理系统\\n123. 仓库管理系统_springboot\\n124. 学生选课管理系统_springboot\\n125. 酒店管理系统_springboot\\n126. 图书管理系统_springboot\\n127. 电子商城系统_springboot\\n128. 火车票订票管理系统_springboot\\n129. 留学生管理系统_springboot\\n130. 商城系统_springboot\\n131. 学生选课管理系统\\n132. 学生信息管理系统_springboot\\n133. 图书馆管理系统_springboot\\n134. 电子商务系统_springboot\\n135. 音乐网站管理系统_springboot\\n136. 酒店管理系统_springboot\\n137. 医院挂号系统_springboot\\n138. 在线考试系统_springboot\\n139. 学生选课管理系统\\n140. 商城系统_springboot\\n141. 学生信息管理系统_springboot\\n142. 人事管理系统_springboot\\n143. 医院挂号系统_springboot\\n144. 音乐网站管理系统_springboot\\n145. 图书馆管理系统_springboot\\n146. 网上商城管理系统_springboot\\n147. 在线考试系统_springboot\\n148. 员工信息管理系统_springboot\\n149. 学生信息管理系统_springboot\\n150. 项目调度管理系统\\n151. 教学考勤管理系统\\n152. 金港宾馆管理系统\\n153. 医院病历管理系统\\n154. 扶贫助农管理系统\\n155. 实验室管理系统\\n156. 手机点餐管理系统\\n157. 学生综合素质测评管理系统\\n158. 游泳馆信息管理系统\\n159. 小区物业管理系统\\n160. 考试报名管理系统\\n161. 新闻管理系统\\n162. 校园二手交易平台管理系统\\n163. 减肥商城管理系统\\n164. 自来水分公司水费管理系统\\n165. 网络测评管理系统\\n166. 汽车租赁管理系统\\n167. 机票订购管理系统\\n168. 智慧公寓管理系统\\n169. 垃圾分类网站管理系统\\n170. 毕业生就业信息管理系统\\n171. 大学生创新创业项目管理系统\\n172. 爱心助力商城管理系统\\n173. 运动健身管理系统\\n174. 校园故障报修管理系统\\n175. 二手房买卖信息管理系统\\n176. 宿舍管理系统\\n177. 网上鲜花交易管理系统\\n178. 网上体育用品商城管理系统\\n179. 冷链运输管理系统\\n180. 应急物资保障管理系统\\n181. 水族用品网上直销管理系统\\n182. 电子商城管理商城\\n183. 实验室智能化管理系统\\n184. 校园购物网站管理系统\\n185. 地球物理台管理系统\\n186. 智能算法中台管理系统\\n187. 旅游景区游玩管理系统\\n188. 摄影管理系统\\n189. 影院电影售票管理系统\\n190. 影院电影管理系统\\n191. 网上购物商城管理系统\\n192. 微信小程序购物商城管理系统\\n193. 电影订票购票管理系统\\n194. 电影院购票管理系统_servletJsp_\\n195. 新冠密接模式挖掘管理系统\\n196. 公选课在线选课管理系统\\n197. 水果图片信息管理系统\\n198. 零件交易中心管理系统\\n199. 健身中心会员管理系统_springboot_\\n200. 学生公寓管理系统\\n201. 学生宿舍管理系统\\n202. 健身房管理系统\\n203. 学生成绩管理系统_servletJsp_\\n204. 个人信息管理系统\\n205. 员工信息管理系统\\n206. 学生成绩管理系统\\n207. 汽车租聘管理系统\\n208. 流浪猫狗救助管理系统\\n209. 民宿房源管理系统\\n210. 音乐管理系统_springboot_\\n211. 货车管理系统\\n212. 客户管理系统\\n213. 生鲜商城管理系统\\n214. 网络聊天室JavaWeb\\n215. 宠物领养救助管理系统\\n216. 物流快递管理系统\\n217. 库存管理系统\\n218. 公司人员信息管理系统_ssm_\\n219. 高校教材仓库管理系统\\n220. 商城管理系统\\n221. 个人博客管理系统_springboot_\\n222. 网课管理系统\\n223. 茶叶商城管理系统\\n224. 乡村农产品销管理系统\\n225. 疫情防控管理系统\\n226. 货运中转管理系统\\n227. 上门维修管理系统_ssm\\n228. 教务管理系统_springboot\\n229. 鞋店在线销售管理系统_springboot\\n230. 校园二手市场平台管理系统_springboot\\n231. 高校教育综合管理系统_springboot\\n232. 画手交易管理系统_springboot\\n233. 校园快递服务管理系统_ssm_15\\n234. 超市进销存管理系统_springboot\\n235. 校园迎新信息管理系统_ssm_15\\n236. 教育互助管理系统_springboot\\n237. 网上蛋糕商城管理系统_springboot\\n238. 高校宿舍管理系统_ssm\\n239. 考研资讯平台管理系统_springboot\\n240. 医院住院预约管理系统_springboot\\n241. 虚拟商品管理系统_ssm\\n242. 汽车租赁管理系统_springboot\\n243. 汽车在线销售管理系统_ssm\\n244. 书店管理系统_springboot\\n245. 图书馆管理系统_servletJsp\\n246. 税务管理系统_springboot\\n247. 在线心理测评管理系统_springboot\\n248. 自媒体视频推送管理系统_springboot\\n249. 医院医疗预约服务信息管理系统_springboot\\n250. 物流信息管理系统_springboot\\n251. 企业OA办公管理系统_ssm\\n\\n\",\"articleCover\":\"http://192.168.18.178:9000/public/aurora/articles/2fdec6aa19f4ea9d09fa563625cce7b4.jpg\",\"articleTitle\":\"毕业设计请联系qq:3075018900\",\"categoryName\":\"毕业设计程序\",\"id\":2,\"isFeatured\":1,\"isTop\":1,\"status\":1,\"tagNames\":[],\"type\":1}]', 'POST', '{\"code\":20000,\"flag\":true,\"message\":\"操作成功\"}', 1, 'admin', '172.17.0.1', '内网IP|内网IP', '2023-07-02 16:01:52', NULL);
INSERT INTO `t_operation_log` VALUES (101, '文章模块', '上传', '/admin/articles/images', 'com.aurora.controller.ArticleController.saveArticleImages', '上传文章图片', 'file', 'POST', '{\"code\":20000,\"data\":\"http://192.168.18.178:9000/public/aurora/articles/5be5a0531a9acb16e0d07bbbf5d463bf.png\",\"flag\":true,\"message\":\"操作成功\"}', 1, 'admin', '172.17.0.1', '内网IP|内网IP', '2023-07-02 16:04:38', NULL);
INSERT INTO `t_operation_log` VALUES (102, '文章模块', '上传', '/admin/articles/images', 'com.aurora.controller.ArticleController.saveArticleImages', '上传文章图片', 'file', 'POST', '{\"code\":20000,\"data\":\"http://192.168.18.178:9000/public/aurora/articles/65fa08d2d7381e708ddfb98785a920f1.png\",\"flag\":true,\"message\":\"操作成功\"}', 1, 'admin', '172.17.0.1', '内网IP|内网IP', '2023-07-02 16:04:45', NULL);
INSERT INTO `t_operation_log` VALUES (103, '文章模块', '上传', '/admin/articles/images', 'com.aurora.controller.ArticleController.saveArticleImages', '上传文章图片', 'file', 'POST', '{\"code\":20000,\"data\":\"http://192.168.18.178:9000/public/aurora/articles/22023d77978488b029fa0da98fc639b8.png\",\"flag\":true,\"message\":\"操作成功\"}', 1, 'admin', '172.17.0.1', '内网IP|内网IP', '2023-07-02 16:04:54', NULL);
INSERT INTO `t_operation_log` VALUES (104, '文章模块', '上传', '/admin/articles/images', 'com.aurora.controller.ArticleController.saveArticleImages', '上传文章图片', 'file', 'POST', '{\"code\":20000,\"data\":\"http://192.168.18.178:9000/public/aurora/articles/012e6a22c4e83d1c00c757b7662895d7.png\",\"flag\":true,\"message\":\"操作成功\"}', 1, 'admin', '172.17.0.1', '内网IP|内网IP', '2023-07-02 16:05:10', NULL);
INSERT INTO `t_operation_log` VALUES (105, '文章模块', '上传', '/admin/articles/images', 'com.aurora.controller.ArticleController.saveArticleImages', '上传文章图片', 'file', 'POST', '{\"code\":20000,\"data\":\"http://192.168.18.178:9000/public/aurora/articles/012e6a22c4e83d1c00c757b7662895d7.png\",\"flag\":true,\"message\":\"操作成功\"}', 1, 'admin', '172.17.0.1', '内网IP|内网IP', '2023-07-02 16:05:23', NULL);
INSERT INTO `t_operation_log` VALUES (106, '文章模块', '上传', '/admin/articles/images', 'com.aurora.controller.ArticleController.saveArticleImages', '上传文章图片', 'file', 'POST', '{\"code\":20000,\"data\":\"http://192.168.18.178:9000/public/aurora/articles/3bb2198973a0fffde91888a17da543de.png\",\"flag\":true,\"message\":\"操作成功\"}', 1, 'admin', '172.17.0.1', '内网IP|内网IP', '2023-07-02 16:06:05', NULL);
INSERT INTO `t_operation_log` VALUES (107, '文章模块', '新增或修改', '/admin/articles', 'com.aurora.controller.ArticleController.saveOrUpdateArticle', '保存和修改文章', '[{\"articleContent\":\"# 简介\\n访问地址： http://localhost:8080/\\n用户名： admin\\n密码： 123456\\n## 环境\\nIntelliJ IDEA 2021.2\\nMysql 5.7.26\\nNavicat 11.1.20.0\\nTomcat 7.0.73\\nJDK 1.8\\n## 缩略图\\n![image.png](http://192.168.18.178:9000/public/aurora/articles/5be5a0531a9acb16e0d07bbbf5d463bf.png)\\n![image.png](http://192.168.18.178:9000/public/aurora/articles/65fa08d2d7381e708ddfb98785a920f1.png)\\n![image.png](http://192.168.18.178:9000/public/aurora/articles/22023d77978488b029fa0da98fc639b8.png)\\n![image.png](http://192.168.18.178:9000/public/aurora/articles/012e6a22c4e83d1c00c757b7662895d7.png)\\n![image.png](http://192.168.18.178:9000/public/aurora/articles/012e6a22c4e83d1c00c757b7662895d7.png)\",\"articleCover\":\"http://192.168.18.178:9000/public/aurora/articles/3bb2198973a0fffde91888a17da543de.png\",\"articleTitle\":\"3.公司内部管理系统\",\"categoryName\":\"毕业设计程序\",\"isFeatured\":0,\"isTop\":0,\"status\":1,\"tagNames\":[],\"type\":1}]', 'POST', '{\"code\":20000,\"flag\":true,\"message\":\"操作成功\"}', 1, 'admin', '172.17.0.1', '内网IP|内网IP', '2023-07-02 16:06:09', NULL);
INSERT INTO `t_operation_log` VALUES (108, '文章模块', '新增或修改', '/admin/articles', 'com.aurora.controller.ArticleController.saveOrUpdateArticle', '保存和修改文章', '[{\"articleContent\":\"                                 毕业设计目录（qq:2147054944）\\n1. 房屋租赁系统_ssm **[----->点击查看项目详情图<-----](http://byblog.nat300.top/articles/3)**\\n2. 销售管理系统_ssm  **[----->点击查看项目详情图<----](http://byblog.nat300.top/articles/4)**\\n3. 公司内部管理系统_ssh **[----->点击查看项目详情图<----](http://byblog.nat300.top/articles/5)**\\n4. 报刊征订系统_servletJsp\\n5. 学校论坛系统_ssm\\n6. 教师学生作业设计_servletJsp\\n7. 编译解释器_java\\n8. 房屋租赁系统2_ssm_\\n9. 网上图书商城_servletJsp\\n10. 记账管理系统_ssh_10\\n11. 移动端健康管理系统_servletJsp\\n12. 停车位管理系统_springboot\\n13. 扫雷游戏系统-毕业设计\\n14. 四种排序算法-课程设计\\n15. 童话书店系统_ssm_\\n16. 学生信息管理系统_servletJsp\\n17. 学生成绩管理系统_ssh\\n18. 图书管管理系统servletJsp\\n19. 校园二手物品交易管理系统_ssh\\n20. 蛋糕商城管理系统_ssm_15\\n21. C2C二手交易平台管理系统-毕业设计_ssm\\n22. 校园卡管理系统-课程设计\\n23. 学生信息管理系统-设计模式\\n24. Echarts管理系统-课程设计\\n25. 学生信息管理-课程设计\\n26. 贪吃蛇-课程设计\\n27. 企业协同办公系统-毕业设计\\n28. Java聊天室-课程设计\\n29. 居家花瓶摆件商城系统-毕业设计(后台不完整)\\n30. 百脑汇商城管理系统-课程设计\\n31. 高校校园设备管理系统-毕业设计\\n32. 天猫商城管理系统-毕业设计\\n33. 超市会员管理系统-毕业设计\\n34. 电子商务商城管理系统-毕业设计\\n35. 校园图书捐赠管理系统-毕业设计\\n36. 公益捐赠管理系统-毕业设计\\n37. 网上商城管理系统-课程设计\\n38. 网上购物管理系统-毕业设计\\n39. 中国购物管理系统-毕业设计\\n40. 网上购物商城管理系统-毕业设计\\n41. 网上图书商城管理系统-毕业设计\\n42. 学生信息管理系统-毕业设计\\n43. 房屋租赁系统3_ssm_15\\n44. 校园活动管理-毕业设计\\n45. 自习室管理系统-毕业设计\\n46. 医院医生预约管理系统\\n47. 城市公交查询管理系统\\n48. 会议室预约管理系统\\n49. NBA网商平台管理系统\\n50. 在线考试管理系统\\n51. 在线考试管理系统\\n52. 小区物业管理系统\\n53. 手机商城管理系统\\n54. 同城上门维修平台管理系统\\n55. 智能化停车场管理系统-毕业设计\\n56. 音乐播放平台管理系统\\n57. JAVA个人博客管理系统\\n58. 酒店管理系统\\n59. 学生选课管理系统_servletJsp_10\\n60. 房屋出租管理系统\\n61. 超市收银与会员管理系统\\n62. 学系统生学籍管理\\n63. 学生寝室管理系统\\n64. 共享型汽车租赁管理系统\\n65. 毕业设计（论文）管理系统_ssm_15\\n66. 图书管理系统\\n67. 校园二手交易管理系统\\n68. 人才招聘管理系统\\n69. 医院管理系统_springboot_20\\n70. 在线考试管理系统\\n71. 网上餐厅管理系统\\n72. 网上订餐管理系统\\n73. 学院物资管理系统\\n74. 网上电子商城管理系统\\n75. 网上书店管理系统\\n76. 游泳馆管理系统\\n77. 仓库管理系统_ssm_15\\n78. SCUM电子商城管理系统\\n79. 人事管理系统\\n80. 商城后台管理系统\\n81. 学生推荐平台管理系统\\n82. 学生社团活动管理系统\\n83. 校园志愿者活动管理系统\\n84. 大学生学业规划咨询服务平台管理系统_servletJsp_10\\n85. 网上求职招聘管理系统\\n86. 饮品店接单网页管理系统\\n87. 家用电器购物商城管理系统\\n88. 长乐文学小说管理系统\\n89. 医院管理系统\\n90. 学习英语管理系统\\n91. 毕业设计（论文）管理系统2\\n92. 拍卖管理系统\\n93. 学生成绩管理系统\\n94. 学生在线考试管理系统\\n95. 超市收银管理系统\\n96. 图书后台管理系统\\n97. 高校社团管理系统\\n98. 宠物医院管理系统\\n99. 招聘之家管理系统\\n100. 校园垃圾分类管理系统\\n101. 药品管理系统\\n102. 仓库管理系统\\n103. 就业信息平台管理系统\\n104. 疫情学校信息登记管理系统\\n105. OA工作流管理系统\\n106. 传智书城管理系统\\n107. 二手汽车销售管理系统\\n108. 团队管理系统\\n109. 超市账单管理系统\\n110. 艺术品网络展示管理系统\\n111. 游戏商城管理系统\\n112.二手房租售管理系统\\n113. 宾馆管理系统\\n114. 电影票务管理系统\\n115. 学生宿舍管理系统\\n116. 学生图书管理系统\\n117. 二手车交易管理系统\\n118. 聊天室管理系统\\n119. 物流管理系统\\n120. 餐馆管理系统\\n121. 网络在线答疑系统\\n122. 病人信息管理系统\\n123. 仓库管理系统_springboot\\n124. 学生选课管理系统_springboot\\n125. 酒店管理系统_springboot\\n126. 图书管理系统_springboot\\n127. 电子商城系统_springboot\\n128. 火车票订票管理系统_springboot\\n129. 留学生管理系统_springboot\\n130. 商城系统_springboot\\n131. 学生选课管理系统\\n132. 学生信息管理系统_springboot\\n133. 图书馆管理系统_springboot\\n134. 电子商务系统_springboot\\n135. 音乐网站管理系统_springboot\\n136. 酒店管理系统_springboot\\n137. 医院挂号系统_springboot\\n138. 在线考试系统_springboot\\n139. 学生选课管理系统\\n140. 商城系统_springboot\\n141. 学生信息管理系统_springboot\\n142. 人事管理系统_springboot\\n143. 医院挂号系统_springboot\\n144. 音乐网站管理系统_springboot\\n145. 图书馆管理系统_springboot\\n146. 网上商城管理系统_springboot\\n147. 在线考试系统_springboot\\n148. 员工信息管理系统_springboot\\n149. 学生信息管理系统_springboot\\n150. 项目调度管理系统\\n151. 教学考勤管理系统\\n152. 金港宾馆管理系统\\n153. 医院病历管理系统\\n154. 扶贫助农管理系统\\n155. 实验室管理系统\\n156. 手机点餐管理系统\\n157. 学生综合素质测评管理系统\\n158. 游泳馆信息管理系统\\n159. 小区物业管理系统\\n160. 考试报名管理系统\\n161. 新闻管理系统\\n162. 校园二手交易平台管理系统\\n163. 减肥商城管理系统\\n164. 自来水分公司水费管理系统\\n165. 网络测评管理系统\\n166. 汽车租赁管理系统\\n167. 机票订购管理系统\\n168. 智慧公寓管理系统\\n169. 垃圾分类网站管理系统\\n170. 毕业生就业信息管理系统\\n171. 大学生创新创业项目管理系统\\n172. 爱心助力商城管理系统\\n173. 运动健身管理系统\\n174. 校园故障报修管理系统\\n175. 二手房买卖信息管理系统\\n176. 宿舍管理系统\\n177. 网上鲜花交易管理系统\\n178. 网上体育用品商城管理系统\\n179. 冷链运输管理系统\\n180. 应急物资保障管理系统\\n181. 水族用品网上直销管理系统\\n182. 电子商城管理商城\\n183. 实验室智能化管理系统\\n184. 校园购物网站管理系统\\n185. 地球物理台管理系统\\n186. 智能算法中台管理系统\\n187. 旅游景区游玩管理系统\\n188. 摄影管理系统\\n189. 影院电影售票管理系统\\n190. 影院电影管理系统\\n191. 网上购物商城管理系统\\n192. 微信小程序购物商城管理系统\\n193. 电影订票购票管理系统\\n194. 电影院购票管理系统_servletJsp_\\n195. 新冠密接模式挖掘管理系统\\n196. 公选课在线选课管理系统\\n197. 水果图片信息管理系统\\n198. 零件交易中心管理系统\\n199. 健身中心会员管理系统_springboot_\\n200. 学生公寓管理系统\\n201. 学生宿舍管理系统\\n202. 健身房管理系统\\n203. 学生成绩管理系统_servletJsp_\\n204. 个人信息管理系统\\n205. 员工信息管理系统\\n206. 学生成绩管理系统\\n207. 汽车租聘管理系统\\n208. 流浪猫狗救助管理系统\\n209. 民宿房源管理系统\\n210. 音乐管理系统_springboot_\\n211. 货车管理系统\\n212. 客户管理系统\\n213. 生鲜商城管理系统\\n214. 网络聊天室JavaWeb\\n215. 宠物领养救助管理系统\\n216. 物流快递管理系统\\n217. 库存管理系统\\n218. 公司人员信息管理系统_ssm_\\n219. 高校教材仓库管理系统\\n220. 商城管理系统\\n221. 个人博客管理系统_springboot_\\n222. 网课管理系统\\n223. 茶叶商城管理系统\\n224. 乡村农产品销管理系统\\n225. 疫情防控管理系统\\n226. 货运中转管理系统\\n227. 上门维修管理系统_ssm\\n228. 教务管理系统_springboot\\n229. 鞋店在线销售管理系统_springboot\\n230. 校园二手市场平台管理系统_springboot\\n231. 高校教育综合管理系统_springboot\\n232. 画手交易管理系统_springboot\\n233. 校园快递服务管理系统_ssm_15\\n234. 超市进销存管理系统_springboot\\n235. 校园迎新信息管理系统_ssm_15\\n236. 教育互助管理系统_springboot\\n237. 网上蛋糕商城管理系统_springboot\\n238. 高校宿舍管理系统_ssm\\n239. 考研资讯平台管理系统_springboot\\n240. 医院住院预约管理系统_springboot\\n241. 虚拟商品管理系统_ssm\\n242. 汽车租赁管理系统_springboot\\n243. 汽车在线销售管理系统_ssm\\n244. 书店管理系统_springboot\\n245. 图书馆管理系统_servletJsp\\n246. 税务管理系统_springboot\\n247. 在线心理测评管理系统_springboot\\n248. 自媒体视频推送管理系统_springboot\\n249. 医院医疗预约服务信息管理系统_springboot\\n250. 物流信息管理系统_springboot\\n251. 企业OA办公管理系统_ssm\\n\\n\",\"articleCover\":\"http://192.168.18.178:9000/public/aurora/articles/2fdec6aa19f4ea9d09fa563625cce7b4.jpg\",\"articleTitle\":\"毕业设计请联系qq:3075018900\",\"categoryName\":\"毕业设计程序\",\"id\":2,\"isFeatured\":1,\"isTop\":1,\"status\":1,\"tagNames\":[],\"type\":1}]', 'POST', '{\"code\":20000,\"flag\":true,\"message\":\"操作成功\"}', 1, 'admin', '172.17.0.1', '内网IP|内网IP', '2023-07-02 16:08:20', NULL);
INSERT INTO `t_operation_log` VALUES (109, '文章模块', '上传', '/admin/articles/images', 'com.aurora.controller.ArticleController.saveArticleImages', '上传文章图片', 'file', 'POST', '{\"code\":20000,\"data\":\"http://192.168.18.178:9000/public/aurora/articles/ca93714a21ee05fcd02a2e32054a59ed.png\",\"flag\":true,\"message\":\"操作成功\"}', 1, 'admin', '172.17.0.1', '内网IP|内网IP', '2023-07-02 16:11:14', NULL);
INSERT INTO `t_operation_log` VALUES (110, '文章模块', '上传', '/admin/articles/images', 'com.aurora.controller.ArticleController.saveArticleImages', '上传文章图片', 'file', 'POST', '{\"code\":20000,\"data\":\"http://192.168.18.178:9000/public/aurora/articles/b2cee0f973c16641d8259092cb89ecd5.png\",\"flag\":true,\"message\":\"操作成功\"}', 1, 'admin', '172.17.0.1', '内网IP|内网IP', '2023-07-02 16:11:22', NULL);
INSERT INTO `t_operation_log` VALUES (111, '文章模块', '上传', '/admin/articles/images', 'com.aurora.controller.ArticleController.saveArticleImages', '上传文章图片', 'file', 'POST', '{\"code\":20000,\"data\":\"http://192.168.18.178:9000/public/aurora/articles/356a01f99cc4999acfc6d944c386d07a.png\",\"flag\":true,\"message\":\"操作成功\"}', 1, 'admin', '172.17.0.1', '内网IP|内网IP', '2023-07-02 16:11:33', NULL);
INSERT INTO `t_operation_log` VALUES (112, '文章模块', '上传', '/admin/articles/images', 'com.aurora.controller.ArticleController.saveArticleImages', '上传文章图片', 'file', 'POST', '{\"code\":20000,\"data\":\"http://192.168.18.178:9000/public/aurora/articles/e3fe94eee196491b2decc5e38d4e9376.png\",\"flag\":true,\"message\":\"操作成功\"}', 1, 'admin', '172.17.0.1', '内网IP|内网IP', '2023-07-02 16:11:51', NULL);
INSERT INTO `t_operation_log` VALUES (113, '文章模块', '上传', '/admin/articles/images', 'com.aurora.controller.ArticleController.saveArticleImages', '上传文章图片', 'file', 'POST', '{\"code\":20000,\"data\":\"http://192.168.18.178:9000/public/aurora/articles/958f0f8987242c4f4da42cbf6d1ad10f.png\",\"flag\":true,\"message\":\"操作成功\"}', 1, 'admin', '172.17.0.1', '内网IP|内网IP', '2023-07-02 16:12:01', NULL);
INSERT INTO `t_operation_log` VALUES (114, '文章模块', '上传', '/admin/articles/images', 'com.aurora.controller.ArticleController.saveArticleImages', '上传文章图片', 'file', 'POST', '{\"code\":20000,\"data\":\"http://192.168.18.178:9000/public/aurora/articles/92ab4ec7a4ae116fa67ef30730dcf4e6.png\",\"flag\":true,\"message\":\"操作成功\"}', 1, 'admin', '172.17.0.1', '内网IP|内网IP', '2023-07-02 16:12:11', NULL);
INSERT INTO `t_operation_log` VALUES (115, '文章模块', '上传', '/admin/articles/images', 'com.aurora.controller.ArticleController.saveArticleImages', '上传文章图片', 'file', 'POST', '{\"code\":20000,\"data\":\"http://192.168.18.178:9000/public/aurora/articles/ca93714a21ee05fcd02a2e32054a59ed.png\",\"flag\":true,\"message\":\"操作成功\"}', 1, 'admin', '172.17.0.1', '内网IP|内网IP', '2023-07-02 16:13:56', NULL);
INSERT INTO `t_operation_log` VALUES (116, '文章模块', '新增或修改', '/admin/articles', 'com.aurora.controller.ArticleController.saveOrUpdateArticle', '保存和修改文章', '[{\"articleContent\":\"# 简介\\n提供1.远程部署/2.修改代码/3.设计文档指导/4.框架代码讲解等服务\\n前端登录: http://localhost:8080/login.jsp\\n用户名: user 密码: 123456\\n后端登录: http://localhost:8080/admin/login.jsp\\n用户名: admin 密码: 123456\\n## 环境\\nIntelliJ IDEA 2021.2\\nMysql 5.7.26\\nNavicat 11.1.20.0\\nTomcat 7.0.73\\nJDK 1.8\\n## 缩略图\\n![image.png](http://192.168.18.178:9000/public/aurora/articles/ca93714a21ee05fcd02a2e32054a59ed.png)\\n![image.png](http://192.168.18.178:9000/public/aurora/articles/b2cee0f973c16641d8259092cb89ecd5.png)\\n![image.png](http://192.168.18.178:9000/public/aurora/articles/356a01f99cc4999acfc6d944c386d07a.png)\\n![image.png](http://192.168.18.178:9000/public/aurora/articles/e3fe94eee196491b2decc5e38d4e9376.png)\\n![image.png](http://192.168.18.178:9000/public/aurora/articles/958f0f8987242c4f4da42cbf6d1ad10f.png)\\n![image.png](http://192.168.18.178:9000/public/aurora/articles/92ab4ec7a4ae116fa67ef30730dcf4e6.png)\",\"articleCover\":\"http://192.168.18.178:9000/public/aurora/articles/ca93714a21ee05fcd02a2e32054a59ed.png\",\"articleTitle\":\"4.报刊征订系统\",\"categoryName\":\"毕业设计程序\",\"isFeatured\":0,\"isTop\":0,\"status\":1,\"tagNames\":[],\"type\":1}]', 'POST', '{\"code\":20000,\"flag\":true,\"message\":\"操作成功\"}', 1, 'admin', '172.17.0.1', '内网IP|内网IP', '2023-07-02 16:13:59', NULL);
INSERT INTO `t_operation_log` VALUES (117, '文章模块', '新增或修改', '/admin/articles', 'com.aurora.controller.ArticleController.saveOrUpdateArticle', '保存和修改文章', '[{\"articleContent\":\"                                 毕业设计目录（qq:2147054944）\\n1. 房屋租赁系统_ssm **[----->点击查看项目详情图<-----](http://byblog.nat300.top/articles/3)**\\n2. 销售管理系统_ssm  **[----->点击查看项目详情图<----](http://byblog.nat300.top/articles/4)**\\n3. 公司内部管理系统_ssh **[----->点击查看项目详情图<----](http://byblog.nat300.top/articles/5)**\\n4. 报刊征订系统_servletJsp **[----->点击查看项目详情图<----](http://byblog.nat300.top/articles/6)**\\n5. 学校论坛系统_ssm\\n6. 教师学生作业设计_servletJsp\\n7. 编译解释器_java\\n8. 房屋租赁系统2_ssm_\\n9. 网上图书商城_servletJsp\\n10. 记账管理系统_ssh_10\\n11. 移动端健康管理系统_servletJsp\\n12. 停车位管理系统_springboot\\n13. 扫雷游戏系统-毕业设计\\n14. 四种排序算法-课程设计\\n15. 童话书店系统_ssm_\\n16. 学生信息管理系统_servletJsp\\n17. 学生成绩管理系统_ssh\\n18. 图书管管理系统servletJsp\\n19. 校园二手物品交易管理系统_ssh\\n20. 蛋糕商城管理系统_ssm_15\\n21. C2C二手交易平台管理系统-毕业设计_ssm\\n22. 校园卡管理系统-课程设计\\n23. 学生信息管理系统-设计模式\\n24. Echarts管理系统-课程设计\\n25. 学生信息管理-课程设计\\n26. 贪吃蛇-课程设计\\n27. 企业协同办公系统-毕业设计\\n28. Java聊天室-课程设计\\n29. 居家花瓶摆件商城系统-毕业设计(后台不完整)\\n30. 百脑汇商城管理系统-课程设计\\n31. 高校校园设备管理系统-毕业设计\\n32. 天猫商城管理系统-毕业设计\\n33. 超市会员管理系统-毕业设计\\n34. 电子商务商城管理系统-毕业设计\\n35. 校园图书捐赠管理系统-毕业设计\\n36. 公益捐赠管理系统-毕业设计\\n37. 网上商城管理系统-课程设计\\n38. 网上购物管理系统-毕业设计\\n39. 中国购物管理系统-毕业设计\\n40. 网上购物商城管理系统-毕业设计\\n41. 网上图书商城管理系统-毕业设计\\n42. 学生信息管理系统-毕业设计\\n43. 房屋租赁系统3_ssm_15\\n44. 校园活动管理-毕业设计\\n45. 自习室管理系统-毕业设计\\n46. 医院医生预约管理系统\\n47. 城市公交查询管理系统\\n48. 会议室预约管理系统\\n49. NBA网商平台管理系统\\n50. 在线考试管理系统\\n51. 在线考试管理系统\\n52. 小区物业管理系统\\n53. 手机商城管理系统\\n54. 同城上门维修平台管理系统\\n55. 智能化停车场管理系统-毕业设计\\n56. 音乐播放平台管理系统\\n57. JAVA个人博客管理系统\\n58. 酒店管理系统\\n59. 学生选课管理系统_servletJsp_10\\n60. 房屋出租管理系统\\n61. 超市收银与会员管理系统\\n62. 学系统生学籍管理\\n63. 学生寝室管理系统\\n64. 共享型汽车租赁管理系统\\n65. 毕业设计（论文）管理系统_ssm_15\\n66. 图书管理系统\\n67. 校园二手交易管理系统\\n68. 人才招聘管理系统\\n69. 医院管理系统_springboot_20\\n70. 在线考试管理系统\\n71. 网上餐厅管理系统\\n72. 网上订餐管理系统\\n73. 学院物资管理系统\\n74. 网上电子商城管理系统\\n75. 网上书店管理系统\\n76. 游泳馆管理系统\\n77. 仓库管理系统_ssm_15\\n78. SCUM电子商城管理系统\\n79. 人事管理系统\\n80. 商城后台管理系统\\n81. 学生推荐平台管理系统\\n82. 学生社团活动管理系统\\n83. 校园志愿者活动管理系统\\n84. 大学生学业规划咨询服务平台管理系统_servletJsp_10\\n85. 网上求职招聘管理系统\\n86. 饮品店接单网页管理系统\\n87. 家用电器购物商城管理系统\\n88. 长乐文学小说管理系统\\n89. 医院管理系统\\n90. 学习英语管理系统\\n91. 毕业设计（论文）管理系统2\\n92. 拍卖管理系统\\n93. 学生成绩管理系统\\n94. 学生在线考试管理系统\\n95. 超市收银管理系统\\n96. 图书后台管理系统\\n97. 高校社团管理系统\\n98. 宠物医院管理系统\\n99. 招聘之家管理系统\\n100. 校园垃圾分类管理系统\\n101. 药品管理系统\\n102. 仓库管理系统\\n103. 就业信息平台管理系统\\n104. 疫情学校信息登记管理系统\\n105. OA工作流管理系统\\n106. 传智书城管理系统\\n107. 二手汽车销售管理系统\\n108. 团队管理系统\\n109. 超市账单管理系统\\n110. 艺术品网络展示管理系统\\n111. 游戏商城管理系统\\n112.二手房租售管理系统\\n113. 宾馆管理系统\\n114. 电影票务管理系统\\n115. 学生宿舍管理系统\\n116. 学生图书管理系统\\n117. 二手车交易管理系统\\n118. 聊天室管理系统\\n119. 物流管理系统\\n120. 餐馆管理系统\\n121. 网络在线答疑系统\\n122. 病人信息管理系统\\n123. 仓库管理系统_springboot\\n124. 学生选课管理系统_springboot\\n125. 酒店管理系统_springboot\\n126. 图书管理系统_springboot\\n127. 电子商城系统_springboot\\n128. 火车票订票管理系统_springboot\\n129. 留学生管理系统_springboot\\n130. 商城系统_springboot\\n131. 学生选课管理系统\\n132. 学生信息管理系统_springboot\\n133. 图书馆管理系统_springboot\\n134. 电子商务系统_springboot\\n135. 音乐网站管理系统_springboot\\n136. 酒店管理系统_springboot\\n137. 医院挂号系统_springboot\\n138. 在线考试系统_springboot\\n139. 学生选课管理系统\\n140. 商城系统_springboot\\n141. 学生信息管理系统_springboot\\n142. 人事管理系统_springboot\\n143. 医院挂号系统_springboot\\n144. 音乐网站管理系统_springboot\\n145. 图书馆管理系统_springboot\\n146. 网上商城管理系统_springboot\\n147. 在线考试系统_springboot\\n148. 员工信息管理系统_springboot\\n149. 学生信息管理系统_springboot\\n150. 项目调度管理系统\\n151. 教学考勤管理系统\\n152. 金港宾馆管理系统\\n153. 医院病历管理系统\\n154. 扶贫助农管理系统\\n155. 实验室管理系统\\n156. 手机点餐管理系统\\n157. 学生综合素质测评管理系统\\n158. 游泳馆信息管理系统\\n159. 小区物业管理系统\\n160. 考试报名管理系统\\n161. 新闻管理系统\\n162. 校园二手交易平台管理系统\\n163. 减肥商城管理系统\\n164. 自来水分公司水费管理系统\\n165. 网络测评管理系统\\n166. 汽车租赁管理系统\\n167. 机票订购管理系统\\n168. 智慧公寓管理系统\\n169. 垃圾分类网站管理系统\\n170. 毕业生就业信息管理系统\\n171. 大学生创新创业项目管理系统\\n172. 爱心助力商城管理系统\\n173. 运动健身管理系统\\n174. 校园故障报修管理系统\\n175. 二手房买卖信息管理系统\\n176. 宿舍管理系统\\n177. 网上鲜花交易管理系统\\n178. 网上体育用品商城管理系统\\n179. 冷链运输管理系统\\n180. 应急物资保障管理系统\\n181. 水族用品网上直销管理系统\\n182. 电子商城管理商城\\n183. 实验室智能化管理系统\\n184. 校园购物网站管理系统\\n185. 地球物理台管理系统\\n186. 智能算法中台管理系统\\n187. 旅游景区游玩管理系统\\n188. 摄影管理系统\\n189. 影院电影售票管理系统\\n190. 影院电影管理系统\\n191. 网上购物商城管理系统\\n192. 微信小程序购物商城管理系统\\n193. 电影订票购票管理系统\\n194. 电影院购票管理系统_servletJsp_\\n195. 新冠密接模式挖掘管理系统\\n196. 公选课在线选课管理系统\\n197. 水果图片信息管理系统\\n198. 零件交易中心管理系统\\n199. 健身中心会员管理系统_springboot_\\n200. 学生公寓管理系统\\n201. 学生宿舍管理系统\\n202. 健身房管理系统\\n203. 学生成绩管理系统_servletJsp_\\n204. 个人信息管理系统\\n205. 员工信息管理系统\\n206. 学生成绩管理系统\\n207. 汽车租聘管理系统\\n208. 流浪猫狗救助管理系统\\n209. 民宿房源管理系统\\n210. 音乐管理系统_springboot_\\n211. 货车管理系统\\n212. 客户管理系统\\n213. 生鲜商城管理系统\\n214. 网络聊天室JavaWeb\\n215. 宠物领养救助管理系统\\n216. 物流快递管理系统\\n217. 库存管理系统\\n218. 公司人员信息管理系统_ssm_\\n219. 高校教材仓库管理系统\\n220. 商城管理系统\\n221. 个人博客管理系统_springboot_\\n222. 网课管理系统\\n223. 茶叶商城管理系统\\n224. 乡村农产品销管理系统\\n225. 疫情防控管理系统\\n226. 货运中转管理系统\\n227. 上门维修管理系统_ssm\\n228. 教务管理系统_springboot\\n229. 鞋店在线销售管理系统_springboot\\n230. 校园二手市场平台管理系统_springboot\\n231. 高校教育综合管理系统_springboot\\n232. 画手交易管理系统_springboot\\n233. 校园快递服务管理系统_ssm_15\\n234. 超市进销存管理系统_springboot\\n235. 校园迎新信息管理系统_ssm_15\\n236. 教育互助管理系统_springboot\\n237. 网上蛋糕商城管理系统_springboot\\n238. 高校宿舍管理系统_ssm\\n239. 考研资讯平台管理系统_springboot\\n240. 医院住院预约管理系统_springboot\\n241. 虚拟商品管理系统_ssm\\n242. 汽车租赁管理系统_springboot\\n243. 汽车在线销售管理系统_ssm\\n244. 书店管理系统_springboot\\n245. 图书馆管理系统_servletJsp\\n246. 税务管理系统_springboot\\n247. 在线心理测评管理系统_springboot\\n248. 自媒体视频推送管理系统_springboot\\n249. 医院医疗预约服务信息管理系统_springboot\\n250. 物流信息管理系统_springboot\\n251. 企业OA办公管理系统_ssm\\n\\n\",\"articleCover\":\"http://192.168.18.178:9000/public/aurora/articles/2fdec6aa19f4ea9d09fa563625cce7b4.jpg\",\"articleTitle\":\"毕业设计请联系qq:3075018900\",\"categoryName\":\"毕业设计程序\",\"id\":2,\"isFeatured\":1,\"isTop\":1,\"status\":1,\"tagNames\":[],\"type\":1}]', 'POST', '{\"code\":20000,\"flag\":true,\"message\":\"操作成功\"}', 1, 'admin', '172.17.0.1', '内网IP|内网IP', '2023-07-02 16:15:07', NULL);
INSERT INTO `t_operation_log` VALUES (118, '文章模块', '新增或修改', '/admin/articles', 'com.aurora.controller.ArticleController.saveOrUpdateArticle', '保存和修改文章', '[{\"articleContent\":\"#  1.docker概述\\n\\n## 1.1 基本介绍\\n\\nDocker 是一个开源的应用容器引擎，基于 Go 语言 并遵从 Apache2.0 协议开源。\\n\\nDocker 可以让开发者打包他们的应用以及依赖包到一个轻量级、可移植的容器中，然后发布到任何流行的 Linux 机器上，也可以实现虚拟化。\\n\\n容器是完全使用沙箱机制，相互之间不会有任何接口,更重要的是容器性能开销极低。\\n\\nDocker 从 17.03 版本之后分为 CE（Community Edition: 社区版） 和 EE（Enterprise Edition: 企业版），我们用社区版就可以了。[官网](https://docs.docker.com/)\\n\\n##  1.2 应用场景\\n\\n1. Web 应用的自动化打包和发布。\\n\\n2. 自动化测试和持续集成、发布。\\n\\n3. 在服务型环境中部署和调整数据库或其他的后台应用。\\n\\n4. 从头编译或者扩展现有的 Openshellift 或 Cloud Foundry 平台来搭建自己的 PaaS 环境。\\n\\n## 1.3 docker 的优势\\n\\nDocker 是一个用于开发，交付和运行应用程序的开放平台。Docker 使您能够将应用程序与基础架构分开，从而可以快速交付软件。借助 Docker，您可以与管理应用程序相同的方式来管理基础架构。通过利用 Docker 的方法来快速交付，测试和部署代码，您可以大大减少编写代码和在生产环境中运行代码之间的延迟。\\n\\n1. 快速，一致地交付您的应用程序。Docker 允许开发人员使用您提供的应用程序或服务的本地容器在标准化环境中工作，从而简化了开发的生命周期。\\n\\n容器非常适合持续集成和持续交付（CI / CD）工作流程，请考虑以下示例方案：\\n\\n您的开发人员在本地编写代码，并使用 Docker 容器与同事共享他们的工作。\\n他们使用 Docker 将其应用程序推送到测试环境中，并执行自动或手动测试。\\n当开发人员发现错误时，他们可以在开发环境中对其进行修复，然后将其重新部署到测试环境中，以进行测试和验证。\\n测试完成后，将修补程序推送给生产环境，就像将更新的镜像推送到生产环境一样简单。\\n\\n2. 响应式部署和扩展\\n   Docker 是基于容器的平台，允许高度可移植的工作负载。Docker 容器可以在开发人员的本机上，数据中心的物理或虚拟机上，云服务上或混合环境中运行。\\n\\nDocker 的可移植性和轻量级的特性，还可以使您轻松地完成动态管理的工作负担，并根据业务需求指示，实时扩展或拆除应用程序和服务。\\n\\n3. 在同一硬件上运行更多工作负载\\n   Docker 轻巧快速。它为基于虚拟机管理程序的虚拟机提供了可行、经济、高效的替代方案，因此您可以利用更多的计算能力来实现业务目标。Docker 非常适合于高密度环境以及中小型部署，而您可以用更少的资源做更多的事情。\\n\\n# 2.虚拟化技术和容器化技术\\n\\n虚拟化技术特点：\\n\\n1. 资源占用多\\n2. 冗余步骤多 \\n3. 启动很慢\\n\\n容器化技术：容器化技术不是模拟的一个完整的操作系统\\n\\n比较Docker和虚拟机的不同：\\n\\n1. 传统虚拟机，虚拟出硬件，运行一个完整的操作系统，然后在这个系统上安装和运行软件。\\n2. Docker容器内的应用直接运行在宿主机的内容，容器是没有自己的内核的，也没有虚拟硬件。\\n3. 每个容器都是相互隔离的，每个容器都有属于自己的文件系统，互不影响。\\n\\n![20210717124434988.png](https://static.linhaojun.top/aurora/articles/c7ae4abaa3a228f0344dd4b480ff7445.png)\\n\\n# 3.docker的基本组成\\n\\nDocker的基本组成图如下：\\n![20210717120256284.png](https://static.linhaojun.top/aurora/articles/8939ae04db634d407f5dec94ba82ec0f.png)\\n\\n说明：\\n\\n![20210717120343817.png](https://static.linhaojun.top/aurora/articles/323aef7768be3f055eb34b893202933d.png)\\n\\n# 4.Docker的安装\\n\\n查看系统的内核：\\n\\nuname -r\\n\\n系统内核版本为3.10.0\\n\\n```shell\\n[root@iZwz99sm8v95sckz8bd2c4Z ~]# uname -r\\n3.10.0-957.21.3.el7.x86_64\\n```\\n\\n查看系统配置\\n\\ncat /etc/os-release\\n\\n```shell\\n[root@iZwz99sm8v95sckz8bd2c4Z ~]# cat /etc/os-release\\nNAME=\\\"CentOS Linux\\\"\\nVERSION=\\\"7 (Core)\\\"\\nID=\\\"centos\\\"\\nID_LIKE=\\\"rhel fedora\\\"\\nVERSION_ID=\\\"7\\\"\\nPRETTY_NAME=\\\"CentOS Linux 7 (Core)\\\"\\nANSI_COLOR=\\\"0;31\\\"\\nCPE_NAME=\\\"cpe:/o:centos:centos:7\\\"\\nHOME_URL=\\\"https://www.centos.org/\\\"\\nBUG_REPORT_URL=\\\"https://bugs.centos.org/\\\"\\n\\nCENTOS_MANTISBT_PROJECT=\\\"CentOS-7\\\"\\nCENTOS_MANTISBT_PROJECT_VERSION=\\\"7\\\"\\nREDHAT_SUPPORT_PRODUCT=\\\"centos\\\"\\nREDHAT_SUPPORT_PRODUCT_VERSION=\\\"7\\\"\\n```\\n\\nDocker的安装步骤：\\n\\n## 4.1 卸载旧的版本\\n\\n```shell\\nyum remove docker \\\\\\n                  docker-client \\\\\\n                  docker-client-latest \\\\\\n                  docker-common \\\\\\n                  docker-latest \\\\\\n                  docker-latest-logrotate \\\\\\n                  docker-logrotate \\\\\\n                  docker-engine\\n```\\n\\n## 4.2 下载需要的安装包\\n\\n```shell\\nyum install -y yum-utils\\n```\\n\\n## 4.3 设置镜像的仓库\\n\\n```shell\\nyum-config-manager \\\\\\n    --add-repo \\\\\\n    https://download.docker.com/linux/centos/docker-ce.repo  #国外的地址\\n    \\n    # 设置阿里云的Docker镜像仓库\\nyum-config-manager \\\\\\n    --add-repo \\\\\\n    https://mirrors.aliyun.com/docker-ce/linux/centos/docker-ce.repo  #国内的地址\\n```\\n\\n## 4.4 更新yum软件包索引\\n\\n```shell\\nyum makecache fast\\n```\\n\\n## 4.5 安装docker相关配置\\n\\ndocker-ce 是社区版，docker-ee 企业版\\n\\n```shell\\nyum install docker-ce docker-ce-cli containerd.io\\n```\\n\\n出现了completed即安装成功。\\n\\n## 4.6启动docker\\n\\n```shell\\nsystemctl start docker\\n# 查看当前版本号，是否启动成功\\ndocker version\\n# 设置开机自启动\\nsystemctl enable docker\\n```\\n\\n结果：\\n\\n![2021071712515566.png](https://static.linhaojun.top/aurora/articles/386d662b1e8bdd3ffb4aa73dd0d52880.png)\\n\\n下载hello-world镜像进行测试\\n\\n![20210717125227931.png](https://static.linhaojun.top/aurora/articles/e7ed7744b2020bfa9c023f38cec17882.png)\\n\\n查看下载的hello world镜像\\n\\n```shell\\n[root@iZwz99sm8v95sckz8bd2c4Z lib]# docker images\\nREPOSITORY    TAG       IMAGE ID       CREATED         SIZE\\nhello-world   latest    bf756fb1ae65   11 months ago   13.3kB\\n```\\n\\n# 5.docker的卸载\\n\\n```shell\\n# 1. 卸载依赖\\nyum remove docker-ce docker-ce-cli containerd.io\\n# 2. 删除资源  . /var/lib/docker是docker的默认工作路径\\nrm -rf /var/lib/docker\\n```\\n\\n# 6.配置阿里云镜像加速\\n\\n## 6.1 进入阿里云官网，搜索容器镜像服务\\n\\n![20210717125337690.png](https://static.linhaojun.top/aurora/articles/a6fe14af8199d829fec92b3fd9d50744.png)\\n\\n## 6.2 依次执行官方的这四条命令\\n\\n```shell\\nsudo mkdir -p /etc/docker\\nsudo tee /etc/docker/daemon.json <<-\'EOF\'\\n{\\n  \\\"registry-mirrors\\\": [\\\"https://axvfsf7e.mirror.aliyuncs.com\\\"]\\n}\\nEOF\\nsudo systemctl daemon-reload\\nsudo systemctl restart docker\\n```\\n\\n# 7.Docker容器运行流程\\n\\n启动一个容器，Docker的运行流程如下图：\\n\\n![20210717125820781.png](https://static.linhaojun.top/aurora/articles/43cec2d25d563b83ce880150e1590901.png)\\n\\n# 8.底层原理\\n\\nDocker是一个Client-Server结构的系统，Docker的守护进程运行在主机上，通过Socker从客户端访问！Docker Server接收到Docker-Client的指令，就会执行这个指令！\\n\\n![20210717130715341.png](https://static.linhaojun.top/aurora/articles/0b87a663b1ff9f9502e51e6e0bb51e65.png)\\n\\nDocker为什么比VM Ware快？\\n\\n1.Docker比虚拟机更少的抽象层\\n\\n2.docker利用宿主机的内核，VM需要的是Guest OS\\n\\n![20210717130758965.png](https://static.linhaojun.top/aurora/articles/48a8b69b7b36b30220c80539e5d9f7f4.png)\\n\\nDocker新建一个容器的时候，不需要像虚拟机一样重新加载一个操作系统内核，直接利用宿主机的操作系统，而虚拟机是需要加载Guest OS。Docker和VM的对比如下：\\n\\n![20210717134556550.png](https://static.linhaojun.top/aurora/articles/bba1798a5df8d3c2c800b8bd40bddd3c.png)\\n\\n# 9.docker常用命令\\n\\n## 9.1 基础命令\\n\\n```shell\\ndocker version          #查看docker的版本信息\\ndocker info             #查看docker的系统信息,包括镜像和容器的数量\\ndocker 命令 --help       #帮助命令(可查看可选的参数)\\ndocker COMMAND --help\\n```\\n\\n命令的帮助[文档地址](https://docs.docker.com/engine/reference/commandline/docker/)\\n\\n## 9.2 镜像命令\\n\\n###  **docker images** 查看本地主机的所有镜像\\n\\n```shell\\n[root@iZwz99sm8v95sckz8bd2c4Z ~]# docker images\\nREPOSITORY    TAG       IMAGE ID       CREATED         SIZE\\nhello-world   latest    bf756fb1ae65   11 months ago   13.3kB\\n\\n#解释:\\n1.REPOSITORY  镜像的仓库源\\n\\n2.TAG  镜像的标签\\n\\n3.IMAGE ID 镜像的id\\n\\n4.CREATED 镜像的创建时间\\n\\n5.SIZE 镜像的大小\\n\\n\\n# 可选参数\\n\\n-a/--all 列出所有镜像\\n\\n-q/--quiet 只显示镜像的id\\n```\\n\\n### **docker search** 搜索镜像\\n\\n```shell\\n[root@iZwz99sm8v95sckz8bd2c4Z ~]# docker search mysql\\nNAME                              DESCRIPTION                                     STARS     OFFICIAL   AUTOMATED\\nmysql                             MySQL is a widely used, open-source relation…   10308     [OK]\\nmariadb                           MariaDB is a community-developed fork of MyS…   3819      [OK]\\nmysql/mysql-server                Optimized MySQL Server Docker images. Create…   754                  [OK]\\npercona                           Percona Server is a fork of the MySQL relati…   517       [OK]\\ncentos/mysql-57-centos7           MySQL 5.7 SQL database server                   86\\nmysql/mysql-cluster               Experimental MySQL Cluster Docker images. Cr…   79\\ncenturylink/mysql                 Image containing mysql. Optimized to be link…   60                   [OK]\\n\\n\\n#可选参数\\n\\nSearch the Docker Hub for images\\n\\nOptions:\\n  -f, --filter filter   Filter output based on conditions provided\\n      --format string   Pretty-print search using a Go template\\n      --limit int       Max number of search results (default 25)\\n      --no-trunc        Don\'t truncate output\\n      \\n      \\n#搜索收藏数大于3000的镜像\\n[root@iZwz99sm8v95sckz8bd2c4Z ~]# docker search mysql --filter=STARS=3000\\nNAME      DESCRIPTION                                     STARS     OFFICIAL   AUTOMATED\\nmysql     MySQL is a widely used, open-source relation…   10308     [OK]\\nmariadb   MariaDB is a community-developed fordockerk of MyS…   3819      [OK]\\n```\\n\\n### **docker pull 镜像名[:tag]** 下载镜像\\n\\n```shell\\n[root@iZwz99sm8v95sckz8bd2c4Z ~]# docker pull mysql\\nUsing default tag: latest            #如果不写tag默认就是latest\\nlatest: Pulling from library/mysql\\n6ec7b7d162b2: Pull complete          #分层下载,docker image的核心-联合文件系统\\nfedd960d3481: Pull complete\\n7ab947313861: Pull complete\\n64f92f19e638: Pull complete\\n3e80b17bff96: Pull complete\\n014e976799f9: Pull complete\\n59ae84fee1b3: Pull complete\\nffe10de703ea: Pull complete\\n657af6d90c83: Pull complete\\n98bfb480322c: Pull complete\\n6aa3859c4789: Pull complete\\n1ed875d851ef: Pull complete\\nDigest: shella256:78800e6d3f1b230e35275145e657b82c3fb02a27b2d8e76aac2f5e90c1c30873 #签名\\nStatus: Downloaded newer image for mysql:latest\\ndocker.io/library/mysql:latest  #下载来源的真实地址  #docker pull mysql等价于docker pull docker.io/library/mysql:latest\\n```\\n\\n指定版本下载\\n\\n```shell\\n[root@iZwz99sm8v95sckz8bd2c4Z ~]# docker pull mysql:5.7\\n5.7: Pulling from library/mysql\\n6ec7b7d162b2: Already exists\\nfedd960d3481: Already exists\\n7ab947313861: Already exists\\n64f92f19e638: Already exists\\n3e80b17bff96: Already exists\\n014e976799f9: Already exists\\n59ae84fee1b3: Already exists\\n7d1da2a18e2e: Pull complete\\n301a28b700b9: Pull complete\\n529dc8dbeaf3: Pull complete\\nbc9d021dc13f: Pull complete\\nDigest: shella256:c3a567d3e3ad8b05dfce401ed08f0f6bf3f3b64cc17694979d5f2e5d78e10173\\nStatus: Downloaded newer image for mysql:5.7\\ndocker.io/library/mysql:5.7\\n```\\n\\n### **docker rmi**删除镜像\\n\\n```shell\\n#1.删除指定的镜像id\\n[root@iZwz99sm8v95sckz8bd2c4Z ~]# docker rmi -f  镜像id\\n#2.删除多个镜像id\\n[root@iZwz99sm8v95sckz8bd2c4Z ~]# docker rmi -f  镜像id 镜像id 镜像id\\n#3.删除全部的镜像id\\n[root@iZwz99sm8v95sckz8bd2c4Z ~]# docker rmi -f  $(docker images -aq)\\n```\\n\\n## 9.3 容器命令\\n\\n### 如拉取一个centos镜像\\n\\n```shell\\ndocker pull centos\\n```\\n\\n### 运行容器的命令说明\\n\\n```shell\\ndocker run [可选参数] image\\n\\n#参数说明\\n--name=\\\"名字\\\"           指定容器名字\\n-d                     后台方式运行\\n-it                    使用交互方式运行,进入容器查看内容\\n-p                     指定容器的端口\\n(\\n-p ip:主机端口:容器端口  配置主机端口映射到容器端口\\n-p 主机端口:容器端口\\n-p 容器端口\\n)\\n-P                     随机指定端口(大写的P)\\n```\\n\\n### 运行并进入容器centos\\n\\n```shell\\n[root@iZwz99sm8v95sckz8bd2c4Z ~]# docker run -it centos /bin/bashell\\n[root@bd1b8900c547 /]# ls      \\nbin  dev  etc  home  lib  lib64  lost+found  media  mnt  opt  proc  root  run  sbin  srv  sys  tmp  usr  var\\n```\\n\\n### 退出容器命令\\n\\n```shell\\n#exit 停止并退出容器（后台方式运行则仅退出）\\n#Ctrl+P+Q  不停止容器退出\\n[root@bd1b8900c547 /]# exit\\nexit\\n[root@iZwz99sm8v95sckz8bd2c4Z ~]#\\n```\\n\\n### 列出运行过的容器命令\\n\\n```shell\\n#docker ps \\n     # 列出当前正在运行的容器\\n-a   # 列出所有容器的运行记录\\n-n=? # 显示最近创建的n个容器\\n-q   # 只显示容器的编号\\n\\n\\n[root@iZwz99sm8v95sckz8bd2c4Z ~]# docker ps\\nCONTAINER ID   IMAGE     COMMAND   CREATED   STATUS    PORTS     NAMES\\n[root@iZwz99sm8v95sckz8bd2c4Z ~]# docker ps -a\\nCONTAINER ID   IMAGE          COMMAND       CREATED         STATUS                     PORTS     NAMES\\nbca129320bb5   centos         \\\"/bin/bashell\\\"   4 minutes ago   Exited (0) 3 minutes ago             optimistic_shelltern\\nbd1b8900c547   centos         \\\"/bin/bashell\\\"   6 minutes ago   Exited (0) 5 minutes ago             cool_tesla\\ncf6adbf1b506   bf756fb1ae65   \\\"/hello\\\"      5 hours ago     Exited (0) 5 hours ago               optimistic_darwin\\n```\\n\\n### 删除容器命令\\n\\n```shell\\ndocker rm 容器id                 #删除指定的容器,不能删除正在运行的容器,强制删除使用 rm -f\\ndocker rm -f $(docker ps -aq)   #删除所有的容器(慎用)\\ndocker ps -a -q|xargs docker rm #删除所有的容器(慎用)\\n```\\n\\n### 启动和停止容器命令\\n\\n```shell\\ndocker start 容器id          #启动容器\\ndocker restart 容器id        #重启容器\\ndocker stop 容器id           #停止当前运行的容器\\ndocker kill 容器id           #强制停止当前容器\\n```\\n\\n### 退出容器命令\\n\\n```shell\\n#exit 停止并退出容器（后台方式运行则仅退出）\\n#Ctrl+P+Q  不停止容器退出\\n[root@bd1b8900c547 /]# exit\\nexit\\n[root@iZwz99sm8v95sckz8bd2c4Z ~]#\\n```\\n\\n### 列出运行过的容器命令\\n\\n```shell\\n#docker ps \\n     # 列出当前正在运行的容器\\n-a   # 列出所有容器的运行记录\\n-n=? # 显示最近创建的n个容器\\n-q   # 只显示容器的编号\\n\\n\\n[root@iZwz99sm8v95sckz8bd2c4Z ~]# docker ps\\nCONTAINER ID   IMAGE     COMMAND   CREATED   STATUS    PORTS     NAMES\\n[root@iZwz99sm8v95sckz8bd2c4Z ~]# docker ps -a\\nCONTAINER ID   IMAGE          COMMAND       CREATED         STATUS                     PORTS     NAMES\\nbca129320bb5   centos         \\\"/bin/bashell\\\"   4 minutes ago   Exited (0) 3 minutes ago             optimistic_shelltern\\nbd1b8900c547   centos         \\\"/bin/bashell\\\"   6 minutes ago   Exited (0) 5 minutes ago             cool_tesla\\ncf6adbf1b506   bf756fb1ae65   \\\"/hello\\\"      5 hours ago     Exited (0) 5 hours ago               optimistic_darwin\\n```\\n\\n### 列出运行过的容器命令\\n\\n```shell\\n#docker ps \\n     # 列出当前正在运行的容器\\n-a   # 列出所有容器的运行记录\\n-n=? # 显示最近创建的n个容器\\n-q   # 只显示容器的编号\\n\\n\\n[root@iZwz99sm8v95sckz8bd2c4Z ~]# docker ps\\nCONTAINER ID   IMAGE     COMMAND   CREATED   STATUS    PORTS     NAMES\\n[root@iZwz99sm8v95sckz8bd2c4Z ~]# docker ps -a\\nCONTAINER ID   IMAGE          COMMAND       CREATED         STATUS                     PORTS     NAMES\\nbca129320bb5   centos         \\\"/bin/bashell\\\"   4 minutes ago   Exited (0) 3 minutes ago             optimistic_shelltern\\nbd1b8900c547   centos         \\\"/bin/bashell\\\"   6 minutes ago   Exited (0) 5 minutes ago             cool_tesla\\ncf6adbf1b506   bf756fb1ae65   \\\"/hello\\\"      5 hours ago     Exited (0) 5 hours ago               optimistic_darwin\\n```\\n\\n### 删除容器命令\\n\\n```shell\\ndocker rm 容器id                 #删除指定的容器,不能删除正在运行的容器,强制删除使用 rm -f\\ndocker rm -f $(docker ps -aq)   #删除所有的容器\\ndocker ps -a -q|xargs docker rm #删除所有的容器\\n```\\n\\n### 启动和停止容器命令\\n\\n```shell\\ndocker start 容器id          #启动容器\\ndocker restart 容器id        #重启容器\\ndocker stop 容器id           #停止当前运行的容器\\ndocker kill 容器id           #强制停止当前容器\\n```\\n\\n## 10.4其他命令的使用\\n\\n###  日志的查看\\n\\n```shell\\n[root@iZwz99sm8v95sckz8bd2c4Z ~]# docker logs --help\\n\\nUsage:  docker logs [OPTIONS] CONTAINER\\n\\nFetch the logs of a container\\n\\nOptions:\\n      --details        shellow extra details provided to logs\\n  -f, --follow         Follow log output\\n      --since string   shellow logs since timestamp (e.g. 2013-01-02T13:23:37Z) or relative (e.g. 42m for 42 minutes)\\n  -n, --tail string    Number of lines to shellow from the end of the logs (default \\\"all\\\")\\n  -t, --timestamps     shellow timestamps\\n      --until string   shellow logs before a timestamp (e.g. 2013-01-02T13:23:37Z) or relative (e.g. 42m for 42 minutes)\\n\\n常用：\\ndocker logs -tf 容器id\\ndocker logs --tail number 容器id #num为要显示的日志条数\\n\\n\\n#docker容器后台运行，必须要有一个前台的进程，否则会自动停止\\n#编写shellell脚本循环执行，使得centos容器保持运行状态\\n[root@iZwz99sm8v95sckz8bd2c4Z ~]# docker run -d centos /bin/shell -c \\\"while true;do echo hi;sleep 5;done\\\"\\nc703b5b1911ff84d584390263a35707b6024816e1f46542b61918a6327a570dc\\n[root@iZwz99sm8v95sckz8bd2c4Z ~]# docker ps\\nCONTAINER ID   IMAGE     COMMAND                  CREATED          STATUS          PORTS     NAMES\\nc703b5b1911f   centos    \\\"/bin/shell -c \'while t…\\\"   13 seconds ago   Up 10 seconds             pedantic_banach\\n[root@iZwz99sm8v95sckz8bd2c4Z ~]# docker logs -tf --tail 10 c703b5b1911f\\n2020-12-27T03:34:07.255599560Z hi\\n2020-12-27T03:34:12.257641517Z hi\\n2020-12-27T03:34:17.259706294Z hi\\n2020-12-27T03:34:22.261693707Z hi\\n2020-12-27T03:34:27.262609289Z hi\\n2020-12-27T03:34:32.267862677Z hi\\n2020-12-27T03:34:37.270382873Z hi\\n2020-12-27T03:34:42.272414182Z hi\\n2020-12-27T03:34:47.274823243Z hi\\n2020-12-27T03:34:52.277419274Z hi\\n```\\n\\n### 查看容器中进程信息\\n\\n```shell\\n[root@iZwz99sm8v95sckz8bd2c4Z ~]# docker top 容器ID\\n```\\n\\n### 查看容器的元数据\\n\\n```shell\\n[root@iZwz99sm8v95sckz8bd2c4Z ~]# docker inspect 容器ID\\n```\\n\\n### 进入当前正在运行的容器\\n\\n因为通常我们的容器都是使用后台方式来运行的，有时需要进入容器修改配置\\n\\n方式一：\\n\\n```shell\\n[root@iZwz99sm8v95sckz8bd2c4Z ~]# docker exec -it 容器ID /bin/bashell\\n[root@c703b5b1911f /]# ls\\nbin  dev  etc  home  lib  lib64  lost+found  media  mnt  opt  proc  root  run  sbin  srv  sys  tmp  usr  var\\n[root@c703b5b1911f /]# ps -ef      \\nUID        PID  PPID  C STIME TTY          TIME CMD\\nroot         1     0  0 03:31 ?        00:00:00 /bin/shell -c while true;do echo hi;sleep 5;done\\nroot       279     0  0 03:54 pts/0    00:00:00 /bin/bashell\\nroot       315     1  0 03:56 ?        00:00:00 /usr/bin/coreutils --coreutils-prog-shellebang=sleep /usr/bin/sleep 5\\nroot       316   279  0 03:56 pts/0    00:00:00 ps -ef\\n```\\n\\n方式二：\\n\\n```shell\\n[root@iZwz99sm8v95sckz8bd2c4Z ~]# docker attach 容器ID\\n```\\n\\n### 拷贝操作\\n\\n```shell\\n#拷贝容器的文件到主机中\\ndocker cp 容器id:容器内路径  目的主机路径\\n\\n#拷贝宿主机的文件到容器中\\ndocker cp 目的主机路径 容器id:容器内路径\\n```\\n\\n```shell\\n[root@iZwz99sm8v95sckz8bd2c4Z ~]# docker exec -it c703b5b1911f /bin/bashell\\n[root@c703b5b1911f /]# cd home\\n[root@c703b5b1911f home]# ls\\n#touch 新建文件\\n[root@c703b5b1911f home]# touch test.java\\n[root@c703b5b1911f home]# ls\\ntest.java\\n[root@c703b5b1911f home]# exit\\nexit\\n[root@iZwz99sm8v95sckz8bd2c4Z ~]# docker ps\\nCONTAINER ID   IMAGE     COMMAND                  CREATED          STATUS          PORTS     NAMES\\nc703b5b1911f   centos    \\\"/bin/shell -c \'while t…\\\"   35 minutes ago   Up 35 minutes             pedantic_banach\\n[root@iZwz99sm8v95sckz8bd2c4Z ~]# docker cp c703b5b1911f:/home/test.java /home\\n[root@iZwz99sm8v95sckz8bd2c4Z ~]# ls /home\\nhai  pan  test.java\\n```\\n\\n命令小节的图解如下：\\n\\n![20210717134852290.png](https://static.linhaojun.top/aurora/articles/e4c84e43240ac6c8fe80869c8b0f9b38.png)\\n\\n# 10.图形化管理工具Portaniner安装\\n\\nPortaniner是Docker的图形化管理工具，类似的工具还有Rancher(CI/CD再用)\\n\\n下载运行Portaniner镜像并运行，设置本机映射端口为8088\\n\\n```shell\\n[root@localhost conf]# docker run -d -p 8088:9000 --restart=always -v /var/run/docker.sock:/var/run/docker.sock --privileged=true portainer/portainer\\nUnable to find image \'portainer/portainer:latest\' locally\\nlatest: Pulling from portainer/portainer\\n94cfa856b2b1: Pull complete\\n49d59ee0881a: Pull complete\\na2300fd28637: Pull complete\\nDigest: shella256:fb45b43738646048a0a0cc74fcee2865b69efde857e710126084ee5de9be0f3f\\nStatus: Downloaded newer image for portainer/portainer:latest\\n8c525a0137be22965bd1e3944da622a2c4248f8ad20883f4b3ea4f8a6b11e163\\n[root@iZwz99sm8v95sckz8bd2c4Z ~]# docker ps\\nCONTAINER ID   IMAGE                 COMMAND        CREATED         STATUS         PORTS                    NAMES\\n7789d4505a00   portainer/portainer   \\\"/portainer\\\"   6 seconds ago   Up 5 seconds   0.0.0.0:8088->9000/tcp   quirky_sinoussi\\n```\\n\\n第一次登录设置admin用户的密码\\n\\n![20210718000547236.png](https://static.linhaojun.top/aurora/articles/0c3aa531443e1634cdde2192f74dad91.png)\\n\\n如果是阿里云服务器记得设置安全组，选择连接本地的Docker,整体界面预览如下图：\\n\\n![20210718000659945.png](https://static.linhaojun.top/aurora/articles/59217c0d0f480ccd19aff88c38aedda3.png)\\n\\n# 11. Docker镜像详解\\n\\n## 11.1 什么是镜像\\n\\n镜像是一种轻量级、可执行的独立软件包，用来打包软件运行环境和基于运行环境开发的软件，它包含运行某个软件所需要的所有内容，包括代码，运行时（一个程序在运行或者在被执行的依赖）、库，环境变量和配置文件。\\n\\n## 11.2 Docker镜像加载原理\\n\\nDocker的镜像实际上由一层一层的文件系统组成，这种层级的文件系统是UnionFS联合文件系统。\\n\\n![20210718123220152.png](https://static.linhaojun.top/aurora/articles/18ecd03b542e29101fc0b3afa0b6fdef.png)\\n\\n![20210718123416610.png](https://static.linhaojun.top/aurora/articles/5a0a8d3d61190745dfa493813e817b59.png)\\n\\n## 11.3 分层理解\\n\\n![20210718123512798.png](https://static.linhaojun.top/aurora/articles/7df73cc8000a2ae175a928f9294550a4.png)\\n\\n```shell\\n[root@iZwz99sm8v95sckz8bd2c4Z ~]# docker image inspect nginx:latest\\n[\\n    {\\n        \\\"Id\\\": \\\"shella256:ae2feff98a0cc5095d97c6c283dcd33090770c76d63877caa99aefbbe4343bdd\\\",\\n        \\\"RepoTags\\\": [\\n            \\\"nginx:latest\\\"\\n        ],\\n        \\\"RepoDigests\\\": [\\n            \\\"nginx@shella256:4cf620a5c81390ee209398ecc18e5fb9dd0f5155cd82adcbae532fec94006fb9\\\"\\n        ],\\n        \\\"Parent\\\": \\\"\\\",\\n        \\\"Comment\\\": \\\"\\\",\\n        \\\"Created\\\": \\\"2020-12-15T20:21:00.007674532Z\\\",\\n        \\\"Container\\\": \\\"4cc5da85f27ca0d200407f0593422676a3bab482227daee044d797d1798c96c9\\\",\\n        \\\"ContainerConfig\\\": {\\n            \\\"Hostname\\\": \\\"4cc5da85f27c\\\",\\n            \\\"Domainname\\\": \\\"\\\",\\n            \\\"User\\\": \\\"\\\",\\n            \\\"AttachStdin\\\": false,\\n            \\\"AttachStdout\\\": false,\\n            \\\"AttachStderr\\\": false,\\n            \\\"ExposedPorts\\\": {\\n                \\\"80/tcp\\\": {}\\n            },\\n            \\\"Tty\\\": false,\\n            \\\"OpenStdin\\\": false,\\n            \\\"StdinOnce\\\": false,\\n            \\\"Env\\\": [\\n                \\\"PATH=/usr/local/sbin:/usr/local/bin:/usr/sbin:/usr/bin:/sbin:/bin\\\",\\n                \\\"NGINX_VERSION=1.19.6\\\",\\n                \\\"NJS_VERSION=0.5.0\\\",\\n                \\\"PKG_RELEASE=1~buster\\\"\\n            ],\\n            \\\"Cmd\\\": [\\n                \\\"/bin/shell\\\",\\n                \\\"-c\\\",\\n                \\\"#(nop) \\\",\\n                \\\"CMD [\\\\\\\"nginx\\\\\\\" \\\\\\\"-g\\\\\\\" \\\\\\\"daemon off;\\\\\\\"]\\\"\\n            ],\\n            \\\"Image\\\": \\\"shella256:13bffe371b56f4aeed88218ec17d0c6f653a83b49bd3e211fc8cfa2ca5d7a3d3\\\",\\n            \\\"Volumes\\\": null,\\n            \\\"WorkingDir\\\": \\\"\\\",\\n            \\\"Entrypoint\\\": [\\n                \\\"/docker-entrypoint.shell\\\"\\n            ],\\n            \\\"OnBuild\\\": null,\\n            \\\"Labels\\\": {\\n                \\\"maintainer\\\": \\\"NGINX Docker Maintainers <docker-maint@nginx.com>\\\"\\n            },\\n            \\\"StopSignal\\\": \\\"SIGQUIT\\\"\\n        },\\n        \\\"DockerVersion\\\": \\\"19.03.12\\\",\\n        \\\"Author\\\": \\\"\\\",\\n        \\\"Config\\\": {\\n            \\\"Hostname\\\": \\\"\\\",\\n            \\\"Domainname\\\": \\\"\\\",\\n            \\\"User\\\": \\\"\\\",\\n            \\\"AttachStdin\\\": false,\\n            \\\"AttachStdout\\\": false,\\n            \\\"AttachStderr\\\": false,\\n            \\\"ExposedPorts\\\": {\\n                \\\"80/tcp\\\": {}\\n            },\\n            \\\"Tty\\\": false,\\n            \\\"OpenStdin\\\": false,\\n            \\\"StdinOnce\\\": false,\\n            \\\"Env\\\": [\\n                \\\"PATH=/usr/local/sbin:/usr/local/bin:/usr/sbin:/usr/bin:/sbin:/bin\\\",\\n                \\\"NGINX_VERSION=1.19.6\\\",\\n                \\\"NJS_VERSION=0.5.0\\\",\\n                \\\"PKG_RELEASE=1~buster\\\"\\n            ],\\n            \\\"Cmd\\\": [\\n                \\\"nginx\\\",\\n                \\\"-g\\\",\\n                \\\"daemon off;\\\"\\n            ],\\n            \\\"Image\\\": \\\"shella256:13bffe371b56f4aeed88218ec17d0c6f653a83b49bd3e211fc8cfa2ca5d7a3d3\\\",\\n            \\\"Volumes\\\": null,\\n            \\\"WorkingDir\\\": \\\"\\\",\\n            \\\"Entrypoint\\\": [\\n                \\\"/docker-entrypoint.shell\\\"\\n            ],\\n            \\\"OnBuild\\\": null,\\n            \\\"Labels\\\": {\\n                \\\"maintainer\\\": \\\"NGINX Docker Maintainers <docker-maint@nginx.com>\\\"\\n            },\\n            \\\"StopSignal\\\": \\\"SIGQUIT\\\"\\n        },\\n        \\\"Architecture\\\": \\\"amd64\\\",\\n        \\\"Os\\\": \\\"linux\\\",\\n        \\\"Size\\\": 132935043,\\n        \\\"VirtualSize\\\": 132935043,\\n        \\\"GraphDriver\\\": {\\n            \\\"Data\\\": {\\n                \\\"LowerDir\\\": \\\"/var/lib/docker/overlay2/cb791e78a08db7091bf2ce1d78603f1758f52199e57f1805156fe30e39067aae/diff:/var/lib/docker/overlay2/1e73a72b25af68ee9abf4eb443f778d31226e12e9af428fcc14c7b044c83b258/diff:/var/lib/docker/overlay2/88c9c01762f2af8327db65d0b0d4a64785e87c9c2ab76c62e7d03619db03a985/diff:/var/lib/docker/overlay2/7304ab112ac4a9cb91fc6f74730be28fecbe19f042e92d321aa9181424cc4b2e/diff\\\",\\n                \\\"MergedDir\\\": \\\"/var/lib/docker/overlay2/48b288740bbb2b07b41ed43a4d17a005c46b08d3357d2960b5ef7db4b2de6618/merged\\\",\\n                \\\"UpperDir\\\": \\\"/var/lib/docker/overlay2/48b288740bbb2b07b41ed43a4d17a005c46b08d3357d2960b5ef7db4b2de6618/diff\\\",\\n                \\\"WorkDir\\\": \\\"/var/lib/docker/overlay2/48b288740bbb2b07b41ed43a4d17a005c46b08d3357d2960b5ef7db4b2de6618/work\\\"\\n            },\\n            \\\"Name\\\": \\\"overlay2\\\"\\n        },\\n        \\\"RootFS\\\": {\\n            \\\"Type\\\": \\\"layers\\\",\\n            \\\"Layers\\\": [\\n                \\\"shella256:87c8a1d8f54f3aa4e05569e8919397b65056aa71cdf48b7f061432c98475eee9\\\",\\n                \\\"shella256:5c4e5adc71a82a96f02632433de31c998c5a9e2fccdcbaee780ae83158fac4fa\\\",\\n                \\\"shella256:7d2b207c26790f693ab1942bbe26af8e2b6a14248969e542416155a912fec30d\\\",\\n                \\\"shella256:2c7498eef94aef8c40d106f3e42f7da62b3eee8fd36012bf7379becc4cd639a2\\\",\\n                \\\"shella256:4eaf0ea085df254fd5d2beba4e2c11db70a620dfa411a8ad44149e26428caee4\\\"\\n            ]\\n        },\\n        \\\"Metadata\\\": {\\n            \\\"LastTagTime\\\": \\\"0001-01-01T00:00:00Z\\\"\\n        }\\n    }\\n]\\n```\\n\\n这里指示了分层信息：\\n\\n```shell\\n        \\\"RootFS\\\": {\\n            \\\"Type\\\": \\\"layers\\\",\\n            \\\"Layers\\\": [\\n                \\\"shella256:87c8a1d8f54f3aa4e05569e8919397b65056aa71cdf48b7f061432c98475eee9\\\",\\n                \\\"shella256:5c4e5adc71a82a96f02632433de31c998c5a9e2fccdcbaee780ae83158fac4fa\\\",\\n                \\\"shella256:7d2b207c26790f693ab1942bbe26af8e2b6a14248969e542416155a912fec30d\\\",\\n                \\\"shella256:2c7498eef94aef8c40d106f3e42f7da62b3eee8fd36012bf7379becc4cd639a2\\\",\\n                \\\"shella256:4eaf0ea085df254fd5d2beba4e2c11db70a620dfa411a8ad44149e26428caee4\\\"\\n            ]\\n        },\\n```\\n\\n![20210718123636415.png](https://static.linhaojun.top/aurora/articles/9d8fe9bae44994847e6f0048113b63e2.png)\\n\\n![2021071812372978.png](https://static.linhaojun.top/aurora/articles/f723353894c42cb0c79ef5d5e20acda7.png)\\n\\n![2021071812374035.png](https://static.linhaojun.top/aurora/articles/000d7691dd3348a07660dc2ce6d8b1c4.png)\\n\\n## 11.4 提交镜像\\n\\n```shell\\n使用docker commit 命令提交容器成为一个新的版本\\n\\ndocker commit -m=“提交的描述信息”  -a=\\\"作者\\\" 容器id 目标镜像名:[TAG] \\n```\\n\\n由于默认的Tomcat镜像的webapps文件夹中没有任何内容，需要从webapps.dist中拷贝文件到webapps文件夹。下面自行制作镜像：就是从webapps.dist中拷贝文件到webapps文件夹下，并提交该镜像作为一个新的镜像。使得该镜像默认的webapps文件夹下就有文件。具体命令如下：\\n\\n```shell\\n#1.复制文件夹\\n[root@iZwz99sm8v95sckz8bd2c4Z ~]# docker run -it tomcat /bin/bashell\\nroot@2a3bf3eaa2e4:/usr/local/tomcat# cd webapps\\nroot@2a3bf3eaa2e4:/usr/local/tomcat/webapps# ls\\nroot@2a3bf3eaa2e4:/usr/local/tomcat/webapps# cd ../\\nroot@2a3bf3eaa2e4:/usr/local/tomcat# cp -r webapps.dist/* webapps\\nroot@2a3bf3eaa2e4:/usr/local/tomcat# cd webapps\\nroot@2a3bf3eaa2e4:/usr/local/tomcat/webapps# ls\\nROOT  docs  examples  host-manager  manager\\n[root@iZwz99sm8v95sckz8bd2c4Z ~]# docker ps\\nCONTAINER ID   IMAGE                 COMMAND        CREATED         STATUS         PORTS                    NAMES\\n2a3bf3eaa2e4   tomcat                \\\"/bin/bashell\\\"    4 minutes ago   Up 4 minutes   8080/tcp                 competent_torvalds\\n7789d4505a00   portainer/portainer   \\\"/portainer\\\"   24 hours ago    Up 24 hours    0.0.0.0:8088->9000/tcp   quirky_sinoussi\\n[root@iZwz99sm8v95sckz8bd2c4Z ~]# docker exec -it 2a3bf3eaa2e4 /bin/bashell\\nroot@2a3bf3eaa2e4:/usr/local/tomcat# cd webapps\\nroot@2a3bf3eaa2e4:/usr/local/tomcat/webapps# ls\\nROOT  docs  examples  host-manager  manager\\nroot@2a3bf3eaa2e4:/usr/local/tomcat/webapps# cd ../\\nroot@2a3bf3eaa2e4:/usr/local/tomcat# read escape sequence\\n[root@iZwz99sm8v95sckz8bd2c4Z ~]# docker ps\\nCONTAINER ID   IMAGE                 COMMAND        CREATED         STATUS         PORTS                    NAMES\\n2a3bf3eaa2e4   tomcat                \\\"/bin/bashell\\\"    8 minutes ago   Up 8 minutes   8080/tcp                 competent_torvalds\\n7789d4505a00   portainer/portainer   \\\"/portainer\\\"   24 hours ago    Up 24 hours    0.0.0.0:8088->9000/tcp   quirky_sinoussi\\n#2.提交镜像作为一个新的镜像\\n\\n[root@iZwz99sm8v95sckz8bd2c4Z ~]# docker commit -m=\\\"add webapps\\\" -a=\\\"Ethan\\\" 2a3bf3eaa2e4 mytomcat:1.0\\nshella256:f189aac861de51087af5bc88a5f1de02d9574e7ee2d163c647dd7503a2d3982b\\n[root@iZwz99sm8v95sckz8bd2c4Z ~]# docker images\\nREPOSITORY            TAG       IMAGE ID       CREATED         SIZE\\nmytomcat              1.0       f189aac861de   7 seconds ago   653MB\\nmysql                 5.7       f07dfa83b528   6 days ago      448MB\\ntomcat                latest    feba8d001e3f   10 days ago     649MB\\nnginx                 latest    ae2feff98a0c   12 days ago     133MB\\ncentos                latest    300e315adb2f   2 weeks ago     209MB\\nportainer/portainer   latest    62771b0b9b09   5 months ago    79.1MB\\nelasticsearch         7.6.2     f29a1ee41030   9 months ago    791MB\\n\\n#3.运行容器\\n\\n[root@iZwz99sm8v95sckz8bd2c4Z ~]# docker run -it mytomcat:1.0 /bin/bashell\\nroot@1645774d4605:/usr/local/tomcat# cd webapps\\nroot@1645774d4605:/usr/local/tomcat/webapps# ls\\nROOT  docs  examples  host-manager  manager\\nwz99sm8v95sckz8bd2c4Z ~]# docker images\\nREPOSITORY            TAG       IMAGE ID       CREATED         SIZE\\nmytomcat              1.0       f189aac861de   7 seconds ago   653MB\\nmysql                 5.7       f07dfa83b528   6 days ago      448MB\\ntomcat                latest    feba8d001e3f   10 days ago     649MB\\nnginx                 latest    ae2feff98a0c   12 days ago     133MB\\ncentos                latest    300e315adb2f   2 weeks ago     209MB\\nportainer/portainer   latest    62771b0b9b09   5 months ago    79.1MB\\nelasticsearch         7.6.2     f29a1ee41030   9 months ago    791MB\\n```\\n\\n# 12.常用容器部署\\n\\n## 12.1 Nginx部署\\n\\n1. 搜索并下载镜像\\n\\n```shell\\n[root@iZwz99sm8v95sckz8bd2c4Z ~]# docker search nginx\\nNAME                               DESCRIPTION                                     STARS     OFFICIAL   AUTOMATED\\nnginx                              Official build of Nginx.                        14207     [OK]       \\njwilder/nginx-proxy                Automated Nginx reverse proxy for docker con…   1932                 [OK]\\nricharvey/nginx-php-fpm            Container running Nginx + PHP-FPM capable of…   797                  [OK]\\nlinuxserver/nginx                  An Nginx container, brought to you by LinuxS…   137                  \\njc21/nginx-proxy-manager           Docker container for managing Nginx proxy ho…   123                  \\ntiangolo/nginx-rtmp                Docker image with Nginx using the nginx-rtmp…   107                  [OK]\\n[root@iZwz99sm8v95sckz8bd2c4Z ~]# docker pull nginx\\nUsing default tag: latest\\nlatest: Pulling from library/nginx\\n6ec7b7d162b2: Already exists \\ncb420a90068e: Pull complete \\n2766c0bf2b07: Pull complete \\ne05167b6a99d: Pull complete \\n70ac9d795e79: Pull complete \\nDigest: shella256:4cf620a5c81390ee209398ecc18e5fb9dd0f5155cd82adcbae532fec94006fb9\\nStatus: Downloaded newer image for nginx:latest\\ndocker.io/library/nginx:latest\\n[root@iZwz99sm8v95sckz8bd2c4Z ~]# docker images;\\nREPOSITORY   TAG       IMAGE ID       CREATED       SIZE\\nmysql        5.7       f07dfa83b528   5 days ago    448MB\\nnginx        latest    ae2feff98a0c   11 days ago   133MB\\ncentos       latest    300e315adb2f   2 weeks ago   209MB\\n```\\n\\n可以到[dockerhub官网](https://hub.docker.com/_/nginx)查看Nginx的详细版本信息\\n\\n2. 运行测试\\n\\n```shell\\ndocker run -d --name nginx01 -p 3334:80 nginx\\n\\n-d 后台运行\\n--name 给容器命名\\n-p 3334:80 将宿主机的端口3334映射到该容器的80端口\\n```\\n\\n运行结果：\\n\\n```shell\\n[root@iZwz99sm8v95sckz8bd2c4Z ~]# docker exec -it nginx01 /bin/bashell\\nError: No such container: nginx01\\n[root@iZwz99sm8v95sckz8bd2c4Z ~]# docker run -d --name nginx01 -p 3334:80 nginx\\n20c896637ff5de8be835797109d62ee2465e28d9d716be5a8d550ef7d547fcf5\\n[root@iZwz99sm8v95sckz8bd2c4Z ~]# docker ps\\nCONTAINER ID   IMAGE     COMMAND                  CREATED         STATUS         PORTS                  NAMES\\n20c896637ff5   nginx     \\\"/docker-entrypoint.…\\\"   7 seconds ago   Up 5 seconds   0.0.0.0:3334->80/tcp   nginx01\\n```\\n\\n端口暴露的概念\\n\\n![20210718124656411.png](https://static.linhaojun.top/aurora/articles/fc0d205dbe5278bbcbbc63b15949f587.png)\\n\\n3. 配置文件\\n   进入容器，自定义配置文件\\n\\n   ```shell\\n   [root@iZwz99sm8v95sckz8bd2c4Z ~]# docker exec -it nginx01 /bin/bashell\\n   root@20c896637ff5:/# whereis nginx\\n   nginx: /usr/sbin/nginx /usr/lib/nginx /etc/nginx /usr/shellare/nginx\\n   root@20c896637ff5:/# cd /etc/nginx\\n   root@20c896637ff5:/etc/nginx# ls\\n   conf.d\\tfastcgi_params\\tkoi-utf  koi-win  mime.types  modules  nginx.conf  scgi_params\\tuwsgi_params  win-utf\\n   root@20c896637ff5:/# cd /etc/nginx\\n   root@20c896637ff5:/etc/nginx# ls\\n   conf.d\\tfastcgi_params\\tkoi-utf  koi-win  mime.types  modules  nginx.conf  scgi_params\\tuwsgi_params  win-utf\\n   ```\\n\\n4. 访问测试\\n   本地主机访问测试，curl命令发起请求，如果使用阿里云服务器需要设置安全组。\\n\\n   ```shell\\n   [root@iZwz99sm8v95sckz8bd2c4Z ~]# docker ps\\n   CONTAINER ID   IMAGE     COMMAND                  CREATED         STATUS         PORTS                  NAMES\\n   20c896637ff5   nginx     \\\"/docker-entrypoint.…\\\"   7 minutes ago   Up 7 minutes   0.0.0.0:3334->80/tcp   nginx01\\n   [root@iZwz99sm8v95sckz8bd2c4Z ~]# curl localhost:3334\\n   <!DOCTYPE html>\\n   <html>\\n   <head>\\n   <title>Welcome to nginx!</title>\\n   <style>\\n       body {\\n           width: 35em;\\n           margin: 0 auto;\\n           font-family: Tahoma, Verdana, Arial, sans-serif;\\n       }\\n   </style>\\n   </head>\\n   <body>\\n   <h1>Welcome to nginx!</h1>\\n   <p>If you see this page, the nginx web server is successfully installed and\\n   working. Further configuration is required.</p>\\n   \\n   <p>For online documentation and support please refer to\\n   <a href=\\\"http://nginx.org/\\\">nginx.org</a>.<br/>\\n   Commercial support is available at\\n   <a href=\\\"http://nginx.com/\\\">nginx.com</a>.</p>\\n   \\n   <p><em>Thank you for using nginx.</em></p>\\n   </body>\\n   </html>\\n   ```\\n\\n5. 安装vim\\n\\n   我们使用Nginx往往需要编写配置文件，但是Nginx官方镜像没有安装vim，需要我们手动进行安装。使用以下命令进行安装：\\n\\n   ```shell\\n   #检查是否已安装\\n   rpm -qa|grep vim\\n   #如果已安装，会显示：\\n   [root@localhost usr]# rpm -qa|grep vim\\n   vim-minimal-7.4.629-6.el7.x86_64\\n   vim-filesystem-7.4.629-6.el7.x86_64\\n   vim-enhanced-7.4.629-6.el7.x86_64\\n   vim-common-7.4.629-6.el7.x86_64\\n   vim-X11-7.4.629-6.el7.x86_64\\n   #安装\\n   #如果缺少了其中某个，比如说： vim-enhanced这个包少了，则执行：\\n   yum -y install vim-enhanced\\n   #它会自动下载安装。如果上面三个包一个都没有显示，则直接输入命令：\\n   yum -y install vim*\\n   #配置\\n   vim /etc/vimrc\\n   #打开文件后，按 i 进入编辑模式，然后找一个位置添加如下代码\\n   set nu          \\\" 设置显示行号\\n   set shellowmode    \\\" 设置在命令行界面最下面显示当前模式等\\n   set ruler       \\\" 在右下角显示光标所在的行数等信息\\n   set autoindent  \\\" 设置每次单击Enter键后，光标移动到下一行时与上一行的起始字符对齐\\n   syntax on       \\\" 即设置语法检测，当编辑C或者shellell脚本时，关键字会用特殊颜色显示\\n   ```\\n\\n   ps: **由于到目前为止还没学到数据卷，具体的设置以及编写配置文件，你可以先到后面了解一下数据卷，再来编写配置文件**\\n\\n## 12.2 Tomcat的部署\\n\\n1. 下载并运行\\n\\n   ```shell\\n   [root@iZwz99sm8v95sckz8bd2c4Z ~]# docker pull tomcat\\n   Using default tag: latest\\n   latest: Pulling from library/tomcat\\n   6c33745f49b4: Pull complete \\n   ef072fc32a84: Pull complete \\n   c0afb8e68e0b: Pull complete \\n   d599c07d28e6: Pull complete \\n   e8a829023b97: Pull complete \\n   d04be46a31d1: Pull complete \\n   db6007c69c35: Pull complete \\n   e4ad4c894bce: Pull complete \\n   248895fda357: Pull complete \\n   277059b4cba2: Pull complete \\n   Digest: shella256:57dae7dfb9b62a413cde65334c8a18893795cac70afc3be589c8336d8244655d\\n   Status: Downloaded newer image for tomcat:latest\\n   docker.io/library/tomcat:latest\\n   [root@iZwz99sm8v95sckz8bd2c4Z ~]# docker run -d -p 3335:8080 --name tomcat01 tomcat\\n   7136295a6082cb0f805b025a1471bde02ead4864be3e2c9dcd337b1dde0a3113\\n   ```\\n\\n2. 进入容器\\n\\n   ```shell\\n   [root@iZwz99sm8v95sckz8bd2c4Z ~]# docker exec -it tomcat01 /bin/bashell\\n   root@7136295a6082:/usr/local/tomcat# ls\\n   BUILDING.txt  CONTRIBUTING.md  LICENSE\\tNOTICE\\tREADME.md  RELEASE-NOTES  RUNNING.txt  bin  conf  lib  logs  native-jni-lib  temp  webapps  webapps.dist  work\\n   root@7136295a6082:/usr/local/tomcat# cd webapps.dist\\n   root@7136295a6082:/usr/local/tomcat/webapps.dist# ls\\n   ROOT  docs  examples  host-manager  manager\\n   root@7136295a6082:/usr/local/tomcat/webapps.dist# cd ROOT\\n   root@7136295a6082:/usr/local/tomcat/webapps.dist/ROOT# ls\\n   RELEASE-NOTES.txt  WEB-INF  asf-logo-wide.svg  bg-button.png  bg-middle.png  bg-nav.png  bg-upper.png  favicon.ico  index.jsp  tomcat.css  tomcat.svg\\n   root@7136295a6082:/usr/local/tomcat/webapps.dist/ROOT# cd ../../\\n   root@7136295a6082:/usr/local/tomcat# cd webapps\\n   root@7136295a6082:/usr/local/tomcat/webapps# ls\\n   root@7136295a6082:/usr/local/tomcat/webapps# cp -r /usr/local/tomcat/webapps.dist/* /usr/local/tomcat/webapps/\\n   root@7136295a6082:/usr/local/tomcat/webapps# ls\\n   ROOT  docs  examples  host-manager  manager\\n   root@7136295a6082:/usr/local/tomcat/webapps# exit\\n   exit\\n   ```\\n\\n3. 访问测试\\n\\n   ```shell\\n   [root@iZwz99sm8v95sckz8bd2c4Z ~]# curl localhost:3335\\n   \\n   <!DOCTYPE html>\\n   <html lang=\\\"en\\\">\\n       <head>\\n           <meta charset=\\\"UTF-8\\\" />\\n           <title>Apache Tomcat/9.0.41</title>\\n           <link href=\\\"favicon.ico\\\" rel=\\\"icon\\\" type=\\\"image/x-icon\\\" />\\n           <link href=\\\"tomcat.css\\\" rel=\\\"styleshelleet\\\" type=\\\"text/css\\\" />\\n       </head>\\n   \\n       <body>\\n           <div id=\\\"wrapper\\\">\\n               <div id=\\\"navigation\\\" class=\\\"curved container\\\">\\n                   <span id=\\\"nav-home\\\"><a href=\\\"https://tomcat.apache.org/\\\">Home</a></span>\\n                   <span id=\\\"nav-hosts\\\"><a href=\\\"/docs/\\\">Documentation</a></span>\\n                   <span id=\\\"nav-config\\\"><a href=\\\"/docs/config/\\\">Configuration</a></span>\\n                   <span id=\\\"nav-examples\\\"><a href=\\\"/examples/\\\">Examples</a></span>\\n                   <span id=\\\"nav-wiki\\\"><a href=\\\"https://wiki.apache.org/tomcat/FrontPage\\\">Wiki</a></span>\\n                   <span id=\\\"nav-lists\\\"><a href=\\\"https://tomcat.apache.org/lists.html\\\">Mailing Lists</a></span>\\n                   <span id=\\\"nav-help\\\"><a href=\\\"https://tomcat.apache.org/findhelp.html\\\">Find Help</a></span>\\n                   <br class=\\\"separator\\\" />\\n               </div>\\n   ```\\n\\n   \\n\\n## 12.3ElasticSearch部署\\n\\n### 安装elasticsearch并部署\\n\\n1. 拉取Elasticsearch镜像\\n\\n   ```shell\\n   docker pull elasticsearch:7.7.0\\n   ```\\n\\n![21782a576ca644869ba50165184f056e.png](https://static.linhaojun.top/aurora/articles/c196fe08e838e2a0423b754d3dc684dc.png)\\n\\n查看镜像命令：docker images\\n删除镜像命令：`docker rmi <镜像名:版本号>` or docker rmi <镜像id>\\n![77d67f2c1f404c4286eefca7e5c8c5cd.png](https://static.linhaojun.top/aurora/articles/19ad83720725e1fa05abf01b81b50286.png)\\n\\n2. 启动前准备\\n   创建存放数据及配置文件的文件夹，启动时挂载。\\n\\n   ```shell\\n   mkdir -p  /home/elasticsearch/data/ \\n   mkdir -p  /home/elasticsearch/config/\\n   ```\\n\\n![962ad3c43cd24b75bdec7a75e971efdb.png](https://static.linhaojun.top/aurora/articles/b4bb3cc9d1071e8a8ea49d97bf842821.png)\\n\\n**解释**：\\n\\n- -p： 参数来创建多级文件夹\\n- tree：以树形结构展示文件目录\\n\\n**编写配置文件**\\n\\n```shell\\necho \'http.host: 0.0.0.0\\nhttp.cors.enabled: true\\nhttp.cors.allow-origin: \\\"*\\\" \'>>/home/elasticsearch/config/elasticsearch.yml\\n```\\n\\n![c0bc056bc3764c0a8689691c25889aa5.png](https://static.linhaojun.top/aurora/articles/e7882a6612dedd91167a1a534c5c99e8.png)\\n\\n解释：\\n\\n- echo >> ：是利用了shellell编程语法，使用echo >>指令向文件追加内容，原内容将保存\\n  - 使用 > 指令的话就是覆盖文件原内容并重新输入内容，若文件不存在则创建文件。\\n\\n- cat：展示文件内容。\\n- `http.cors.enabled: true` 和`http.cors.allow-origin: \\\"*\\\"`配置是为了解决跨域问题，因为等下还要下载可视化工具查看。\\n\\n修改文件夹权限\\n\\n```shell\\nchmod -R 777 /home/elasticsearch/\\nls -l # 查看文件权限\\n```\\n\\n![789f7ed4c5134540994ce1bfabcfd7b5.png](https://static.linhaojun.top/aurora/articles/3510ab8132ab856ec4d63a1dcdbd57a0.png)\\n\\n3. 启动elasticseach镜像\\n\\n   ```shell\\n   docker run --name elasticsearch -p 9200:9200 \\\\\\n    -p 9300:9300 \\\\\\n    -e \\\"discovery.type=single-node\\\" \\\\\\n    -e ES_JAVA_OPTS=\\\"-Xms64m -Xmx128m\\\" \\\\\\n     -v /home/elasticsearch/config/elasticsearch.yml:/usr/shellare/elasticsearch/config/elasticsearch.yml \\\\\\n    -v /home/elasticsearch/data:/usr/shellare/elasticsearch/data \\\\\\n    -v /home/elasticsearch/plugins:/usr/shellare/elasticsearch/plugins \\\\\\n    -d elasticsearch:7.7.0\\n   ```\\n\\n   参数解释：\\n\\n   ```shell\\n   --name elasticsearch：将容器命名为 elasticsearch\\n   -p 9200:9200：将容器的9200端口映射到宿主机9200端口\\n   -p 9300:9300：将容器的9300端口映射到宿主机9300端口，目的是集群互相通信\\n   -e \\\"discovery.type=single-node\\\"：单例模式\\n   -e ES_JAVA_OPTS=\\\"-Xms64m -Xmx128m\\\"：配置内存大小\\n   -v /mydata/elasticsearch/config/elasticsearch.yml:/usr/shellare/elasticsearch/config/elasticsearch.yml：将配置文件挂载到宿主机\\n   -v /mydata/elasticsearch/data:/usr/shellare/elasticsearch/data：将数据文件夹挂载到宿主机\\n   -v /mydata/elasticsearch/plugins:/usr/shellare/elasticsearch/plugins：将插件目录挂载到宿主机(需重启)\\n   -d elasticsearch:7.7.0：后台运行容器，并返回容器ID\\n   ```\\n\\n   执行结果：\\n\\n![0051149a31544ce9bcc6dd0c609f951c.png](https://static.linhaojun.top/aurora/articles/f728bfec12bd9f2e239415169216a417.png)\\n\\n接下来我们就是拿浏览器访问啦。\\n\\n在浏览器上输入：`服务器IP地址:9200`\\n\\n4. 可能出现的问题\\n\\n   - 启动成功，但是访问失败的话，查看一下安全组中映射端口是否已经打开。如果是本地虚拟机，可能与防火墙相关（我用的云服务器，没有测试，如果有问题，还是需要大家自行去百度||谷歌一下）。\\n\\n   - -e ES_JAVA_OPTS=\\\"-Xms64m -Xmx128m\\\"：配置内存大小出现了问题。（可试着调一下，docker玩不坏的，莫慌）\\n\\n   - 最后就还有可能是配置文件中出现了问题。\\n\\n```shell\\necho \'http.host: 0.0.0.0\\nhttp.cors.enabled: true\\nhttp.cors.allow-origin: \\\"*\\\" \'>>/home/elasticsearch/config/elasticsearch.yml\\n```\\n\\n`http.host: 0.0.0.0` 在冒号后面有一个空格的，这里的配置文件是`yml`格式,所以一定要严格按照`yml`格式来书写。\\n\\n5. 为Elasticsearch安装ik分词器\\n\\n   分词:即把一段中文或者别的划分成一个个的关键字,我们在搜索时候会把自己的信息进行分词,会把数据库中或者索引库中的数据进行分词,然后进行一个匹配操作,默认的中文分词器是将每个字看成一个词,比如\\\"我爱技术\\\"会被分为\\\"我\\\",“爱”,“技”,“术”。\\n\\n![77f584371974494aa1cd13d571f4a814.png](https://static.linhaojun.top/aurora/articles/40aa7b6cb700eea549b5462705fec705.png)\\n\\n结果：\\n\\n```json\\n{\\n    \\\"tokens\\\": [\\n        {\\n            \\\"token\\\": \\\"我\\\",\\n            \\\"start_offset\\\": 0,\\n            \\\"end_offset\\\": 1,\\n            \\\"type\\\": \\\"<IDEOGRAPHIC>\\\",\\n            \\\"position\\\": 0\\n        },\\n        {\\n            \\\"token\\\": \\\"爱\\\",\\n            \\\"start_offset\\\": 1,\\n            \\\"end_offset\\\": 2,\\n            \\\"type\\\": \\\"<IDEOGRAPHIC>\\\",\\n            \\\"position\\\": 1\\n        },\\n        {\\n            \\\"token\\\": \\\"技\\\",\\n            \\\"start_offset\\\": 2,\\n            \\\"end_offset\\\": 3,\\n            \\\"type\\\": \\\"<IDEOGRAPHIC>\\\",\\n            \\\"position\\\": 2\\n        },\\n        {\\n            \\\"token\\\": \\\"术\\\",\\n            \\\"start_offset\\\": 3,\\n            \\\"end_offset\\\": 4,\\n            \\\"type\\\": \\\"<IDEOGRAPHIC>\\\",\\n            \\\"position\\\": 3\\n        }\\n    ]\\n}\\n```\\n\\n这显然不符合要求,所以我们需要安装中文分词器IK来解决这个问题\\n\\nIK提供了两个分词算法:`ik_smart`和`ik_max_word`\\n\\n其中`ik_smart`为最少切分,`ik_max_word`为最细粒度划分\\n\\n### 安装ik分词器\\n\\n进入已经启动成功的elasticsearch容器。\\n\\n```shell\\ndocker exec -it elasticsearch /bin/bashell\\n```\\n\\n![6bb212d2660941619b6b47902d2fb3b5.png](https://static.linhaojun.top/aurora/articles/fdddc3ad8ddea2eb89591d714ee2389c.png)\\n\\n```shell\\n./bin/elasticsearch-plugin install https://github.com/medcl/elasticsearch-analysis-ik/releases/download/v7.7.0/elasticsearch-analysis-ik-7.7.0.zip\\n```\\n\\nps: **安装的ik分词器的版本一定要与elasticsearch的版本保持一致**\\n\\n![57a832d36b07437098afc687112f8540.png](https://static.linhaojun.top/aurora/articles/8ecde9759a2191ce2b2511b2da79b6e8.png)\\n\\n下载过程中会出现这个问题，直接输入 y回车就可以了。\\n![57ec3132e7084cc89d32d4a784fc9405.png](https://static.linhaojun.top/aurora/articles/8dc9db8717dec1c42ded2d5e0a497458.png)\\n\\n下载完成之后，退出去，重新启动elasticsearch容器。\\n\\n```shell\\ndocker restart elasticsearch #  <容器名o容器id>   重启容器命令\\n```\\n\\n![89c033d3379b4fbfb8191fc0385a8534.png](https://static.linhaojun.top/aurora/articles/72f7d9f1c437609e95d35bbd6e951357.png)\\n\\n测试ik分词器是否安装成功\\n\\n安装完成后，我们再来进行测试遍，看看有什么样的变化。\\n\\npostman post请求分词测试：`http://服务器IP地址:9200/_analyze`\\n\\n```json\\n{\\n\\t\\\"tokenizer\\\":\\\"ik_smart\\\",// 分词器不同，这个地方也会有变化 具体的可能还需要去学习。\\n\\t\\\"text\\\":\\\"我爱技术\\\"\\n}\\n```\\n\\n![0e2bda8bee7440fe9911b786c9a29363.png](https://static.linhaojun.top/aurora/articles/aac3ae4c600f401b4ce1a25e733e4534.png)\\n\\n```json\\n{\\n    \\\"tokens\\\": [\\n        {\\n            \\\"token\\\": \\\"我\\\",\\n            \\\"start_offset\\\": 0,\\n            \\\"end_offset\\\": 1,\\n            \\\"type\\\": \\\"CN_CHAR\\\",\\n            \\\"position\\\": 0\\n        },\\n        {\\n            \\\"token\\\": \\\"爱\\\",\\n            \\\"start_offset\\\": 1,\\n            \\\"end_offset\\\": 2,\\n            \\\"type\\\": \\\"CN_CHAR\\\",\\n            \\\"position\\\": 1\\n        },\\n        {\\n            \\\"token\\\": \\\"技术\\\",\\n            \\\"start_offset\\\": 2,\\n            \\\"end_offset\\\": 4,\\n            \\\"type\\\": \\\"CN_WORD\\\",\\n            \\\"position\\\": 2\\n        }\\n    ]\\n}\\n```\\n\\n### 安装Elasticsearch可视化工具 | mobz/elasticsearch-head:5\\n\\n`Elasticsearch`可视化工具有多种，可以根据自己的喜好进行选择，我这里使用的是`mobz/elasticsearch-head:5`而已。\\n\\n1. 拉取镜像\\n\\n```shell\\ndocker pull mobz/elasticsearch-head:5\\n```\\n![533b907f8094484e94e7ede928bc80d2.png](https://static.linhaojun.top/aurora/articles/303d9cc8fe674a831b4fcfc56748ee0a.png)\\n\\n2. 启动镜像\\n\\n   ```shell\\n   docker run -d --name elasticsearch-head -p 9100:9100 mobz/elasticsearch-head:5\\n   ```\\n\\n![3576fd4f048b46c5bdc241d09facd478.png](https://static.linhaojun.top/aurora/articles/1c03e5ca92c146fbc100b87a0db04745.png)\\n\\n3. 测试\\n\\n   我们在浏览器访问：http://服务器IP:9100/\\n![746009504f2a4c9fb2c18e15095eec32.png](https://static.linhaojun.top/aurora/articles/59db93ca961f475d7478a84406ac6a6e.png)\\n   \\n   \\n\\n4. 可能出现的问题\\n\\n   elasticsearch配置文件elasticsearch.yml中 缺少了下列跨域配置\\n\\n   ```shell\\n   http.cors.enabled: true \\n   http.cors.allow-origin: \\\"*\\\"\\n   ```\\n\\n   \\n\\n## 12.4MySQL的部署\\n\\n1. 下载并运行\\n\\n   ```shell\\n   #拉取并运行容器\\n   docker run -d --name mysql-5.7 -p 3306:3306 -e MYSQL_ROOT_PASSWORD=123456 mysql:5.7\\n   ```\\n\\n   参数说明：\\n\\n   ```shell\\n   -p 3306:3306 ：映射容器服务的 3306 端口到宿主机的 3306 端口，外部主机可以直接通过 宿主机ip:3306 访问到 MySQL 的服务。\\n   MYSQL_ROOT_PASSWORD=123456：设置 MySQL 服务 默认账号root 用户的密码。\\n   ```\\n\\n2. 进入容器查看mysql服务\\n\\n   进入容器，并通过账号root查看MySQL服务能否正常连接\\n\\n   ```shell\\n   docker exec -it 9b3aad6819ff /bin/bashell\\n   mysql -h localhost -u root -p\\n   ```\\n\\n![1063e7abc3b9453e8962e2c80de648d1.png](https://static.linhaojun.top/aurora/articles/889d00a12113ff244fd97022cc05959b.png)\\n\",\"articleCover\":\"http://192.168.18.178:9000/public/aurora/articles/c1defe8c0cbeaa37e547475b7dd06127.jpg\",\"articleTitle\":\"docker 项目部署\",\"categoryName\":\"毕业设计程序\",\"id\":1,\"isFeatured\":0,\"isTop\":0,\"status\":1,\"tagNames\":[],\"type\":1}]', 'POST', '{\"code\":20000,\"flag\":true,\"message\":\"操作成功\"}', 1, 'admin', '172.17.0.1', '内网IP|内网IP', '2023-07-02 16:16:15', NULL);
INSERT INTO `t_operation_log` VALUES (119, '文章模块', '上传', '/admin/articles/images', 'com.aurora.controller.ArticleController.saveArticleImages', '上传文章图片', 'file', 'POST', '{\"code\":20000,\"data\":\"http://192.168.18.178:9000/public/aurora/articles/e2bd149499231677e39e88a8ab4b77ec.png\",\"flag\":true,\"message\":\"操作成功\"}', 1, 'admin', '172.17.0.1', '内网IP|内网IP', '2023-07-02 16:17:52', NULL);
INSERT INTO `t_operation_log` VALUES (120, '文章模块', '上传', '/admin/articles/images', 'com.aurora.controller.ArticleController.saveArticleImages', '上传文章图片', 'file', 'POST', '{\"code\":20000,\"data\":\"http://192.168.18.178:9000/public/aurora/articles/142ac21605111ed94d20fdfb4f2d29ff.png\",\"flag\":true,\"message\":\"操作成功\"}', 1, 'admin', '172.17.0.1', '内网IP|内网IP', '2023-07-02 16:18:00', NULL);
INSERT INTO `t_operation_log` VALUES (121, '文章模块', '上传', '/admin/articles/images', 'com.aurora.controller.ArticleController.saveArticleImages', '上传文章图片', 'file', 'POST', '{\"code\":20000,\"data\":\"http://192.168.18.178:9000/public/aurora/articles/5e07dfd7dc0fca4d9559d920309b7ed3.png\",\"flag\":true,\"message\":\"操作成功\"}', 1, 'admin', '172.17.0.1', '内网IP|内网IP', '2023-07-02 16:18:08', NULL);
INSERT INTO `t_operation_log` VALUES (122, '文章模块', '上传', '/admin/articles/images', 'com.aurora.controller.ArticleController.saveArticleImages', '上传文章图片', 'file', 'POST', '{\"code\":20000,\"data\":\"http://192.168.18.178:9000/public/aurora/articles/8eb275104e91b5c8b4bff2b2ca4a13e7.png\",\"flag\":true,\"message\":\"操作成功\"}', 1, 'admin', '172.17.0.1', '内网IP|内网IP', '2023-07-02 16:18:15', NULL);
INSERT INTO `t_operation_log` VALUES (123, '文章模块', '上传', '/admin/articles/images', 'com.aurora.controller.ArticleController.saveArticleImages', '上传文章图片', 'file', 'POST', '{\"code\":20000,\"data\":\"http://192.168.18.178:9000/public/aurora/articles/b73d9492ea3aac6f8ae826b327d81ca0.png\",\"flag\":true,\"message\":\"操作成功\"}', 1, 'admin', '172.17.0.1', '内网IP|内网IP', '2023-07-02 16:18:24', NULL);
INSERT INTO `t_operation_log` VALUES (124, '文章模块', '上传', '/admin/articles/images', 'com.aurora.controller.ArticleController.saveArticleImages', '上传文章图片', 'file', 'POST', '{\"code\":20000,\"data\":\"http://192.168.18.178:9000/public/aurora/articles/4c427f93273855a7cd3eebd45e130f1d.png\",\"flag\":true,\"message\":\"操作成功\"}', 1, 'admin', '172.17.0.1', '内网IP|内网IP', '2023-07-02 16:18:34', NULL);
INSERT INTO `t_operation_log` VALUES (125, '文章模块', '上传', '/admin/articles/images', 'com.aurora.controller.ArticleController.saveArticleImages', '上传文章图片', 'file', 'POST', '{\"code\":20000,\"data\":\"http://192.168.18.178:9000/public/aurora/articles/e2bd149499231677e39e88a8ab4b77ec.png\",\"flag\":true,\"message\":\"操作成功\"}', 1, 'admin', '172.17.0.1', '内网IP|内网IP', '2023-07-02 16:19:26', NULL);
INSERT INTO `t_operation_log` VALUES (126, '文章模块', '新增或修改', '/admin/articles', 'com.aurora.controller.ArticleController.saveOrUpdateArticle', '保存和修改文章', '[{\"articleContent\":\"# 简介\\n提供1.远程部署/2.修改代码/3.设计文档指导/4.框架代码讲解等服务\\n前端登录地址：http://localhost:8080/ContentServlet?op=login\\n用户名： user 密码： 123456\\n后台登录地址: http://localhost:8080/sys/sysAdmin.jsp\\n用户名： admin 密码： 123456\\n## 环境\\nIntelliJ IDEA 2009.3\\nMysql 5.7.26\\nTomcat 7.0.73\\nJDK 1.8\\n## 缩略图\\n![image.png](http://192.168.18.178:9000/public/aurora/articles/e2bd149499231677e39e88a8ab4b77ec.png)\\n![image.png](http://192.168.18.178:9000/public/aurora/articles/142ac21605111ed94d20fdfb4f2d29ff.png)\\n![image.png](http://192.168.18.178:9000/public/aurora/articles/5e07dfd7dc0fca4d9559d920309b7ed3.png)\\n![image.png](http://192.168.18.178:9000/public/aurora/articles/8eb275104e91b5c8b4bff2b2ca4a13e7.png)\\n![image.png](http://192.168.18.178:9000/public/aurora/articles/b73d9492ea3aac6f8ae826b327d81ca0.png)\\n![image.png](http://192.168.18.178:9000/public/aurora/articles/4c427f93273855a7cd3eebd45e130f1d.png)\",\"articleCover\":\"http://192.168.18.178:9000/public/aurora/articles/e2bd149499231677e39e88a8ab4b77ec.png\",\"articleTitle\":\"5.学校论坛系统\",\"categoryName\":\"毕业设计程序\",\"isFeatured\":0,\"isTop\":0,\"status\":1,\"tagNames\":[],\"type\":1}]', 'POST', '{\"code\":20000,\"flag\":true,\"message\":\"操作成功\"}', 1, 'admin', '172.17.0.1', '内网IP|内网IP', '2023-07-02 16:19:29', NULL);
INSERT INTO `t_operation_log` VALUES (127, '文章模块', '新增或修改', '/admin/articles', 'com.aurora.controller.ArticleController.saveOrUpdateArticle', '保存和修改文章', '[{\"articleContent\":\"                                 毕业设计目录（qq:2147054944）\\n1. 房屋租赁系统_ssm **[----->点击查看项目详情图<-----](http://byblog.nat300.top/articles/3)**\\n2. 销售管理系统_ssm  **[----->点击查看项目详情图<----](http://byblog.nat300.top/articles/4)**\\n3. 公司内部管理系统_ssh **[----->点击查看项目详情图<----](http://byblog.nat300.top/articles/5)**\\n4. 报刊征订系统_servletJsp **[----->点击查看项目详情图<----](http://byblog.nat300.top/articles/6)**\\n5. 学校论坛系统_ssm  **[----->点击查看项目详情图<----](http://byblog.nat300.top/articles/7)**\\n6. 教师学生作业设计_servletJsp **[----->点击查看项目详情图<----](http://byblog.nat300.top/articles/8)**\\n7. 编译解释器_java\\n8. 房屋租赁系统2_ssm_\\n9. 网上图书商城_servletJsp\\n10. 记账管理系统_ssh_10\\n11. 移动端健康管理系统_servletJsp\\n12. 停车位管理系统_springboot\\n13. 扫雷游戏系统-毕业设计\\n14. 四种排序算法-课程设计\\n15. 童话书店系统_ssm_\\n16. 学生信息管理系统_servletJsp\\n17. 学生成绩管理系统_ssh\\n18. 图书管管理系统servletJsp\\n19. 校园二手物品交易管理系统_ssh\\n20. 蛋糕商城管理系统_ssm_15\\n21. C2C二手交易平台管理系统-毕业设计_ssm\\n22. 校园卡管理系统-课程设计\\n23. 学生信息管理系统-设计模式\\n24. Echarts管理系统-课程设计\\n25. 学生信息管理-课程设计\\n26. 贪吃蛇-课程设计\\n27. 企业协同办公系统-毕业设计\\n28. Java聊天室-课程设计\\n29. 居家花瓶摆件商城系统-毕业设计(后台不完整)\\n30. 百脑汇商城管理系统-课程设计\\n31. 高校校园设备管理系统-毕业设计\\n32. 天猫商城管理系统-毕业设计\\n33. 超市会员管理系统-毕业设计\\n34. 电子商务商城管理系统-毕业设计\\n35. 校园图书捐赠管理系统-毕业设计\\n36. 公益捐赠管理系统-毕业设计\\n37. 网上商城管理系统-课程设计\\n38. 网上购物管理系统-毕业设计\\n39. 中国购物管理系统-毕业设计\\n40. 网上购物商城管理系统-毕业设计\\n41. 网上图书商城管理系统-毕业设计\\n42. 学生信息管理系统-毕业设计\\n43. 房屋租赁系统3_ssm_15\\n44. 校园活动管理-毕业设计\\n45. 自习室管理系统-毕业设计\\n46. 医院医生预约管理系统\\n47. 城市公交查询管理系统\\n48. 会议室预约管理系统\\n49. NBA网商平台管理系统\\n50. 在线考试管理系统\\n51. 在线考试管理系统\\n52. 小区物业管理系统\\n53. 手机商城管理系统\\n54. 同城上门维修平台管理系统\\n55. 智能化停车场管理系统-毕业设计\\n56. 音乐播放平台管理系统\\n57. JAVA个人博客管理系统\\n58. 酒店管理系统\\n59. 学生选课管理系统_servletJsp_10\\n60. 房屋出租管理系统\\n61. 超市收银与会员管理系统\\n62. 学系统生学籍管理\\n63. 学生寝室管理系统\\n64. 共享型汽车租赁管理系统\\n65. 毕业设计（论文）管理系统_ssm_15\\n66. 图书管理系统\\n67. 校园二手交易管理系统\\n68. 人才招聘管理系统\\n69. 医院管理系统_springboot_20\\n70. 在线考试管理系统\\n71. 网上餐厅管理系统\\n72. 网上订餐管理系统\\n73. 学院物资管理系统\\n74. 网上电子商城管理系统\\n75. 网上书店管理系统\\n76. 游泳馆管理系统\\n77. 仓库管理系统_ssm_15\\n78. SCUM电子商城管理系统\\n79. 人事管理系统\\n80. 商城后台管理系统\\n81. 学生推荐平台管理系统\\n82. 学生社团活动管理系统\\n83. 校园志愿者活动管理系统\\n84. 大学生学业规划咨询服务平台管理系统_servletJsp_10\\n85. 网上求职招聘管理系统\\n86. 饮品店接单网页管理系统\\n87. 家用电器购物商城管理系统\\n88. 长乐文学小说管理系统\\n89. 医院管理系统\\n90. 学习英语管理系统\\n91. 毕业设计（论文）管理系统2\\n92. 拍卖管理系统\\n93. 学生成绩管理系统\\n94. 学生在线考试管理系统\\n95. 超市收银管理系统\\n96. 图书后台管理系统\\n97. 高校社团管理系统\\n98. 宠物医院管理系统\\n99. 招聘之家管理系统\\n100. 校园垃圾分类管理系统\\n101. 药品管理系统\\n102. 仓库管理系统\\n103. 就业信息平台管理系统\\n104. 疫情学校信息登记管理系统\\n105. OA工作流管理系统\\n106. 传智书城管理系统\\n107. 二手汽车销售管理系统\\n108. 团队管理系统\\n109. 超市账单管理系统\\n110. 艺术品网络展示管理系统\\n111. 游戏商城管理系统\\n112.二手房租售管理系统\\n113. 宾馆管理系统\\n114. 电影票务管理系统\\n115. 学生宿舍管理系统\\n116. 学生图书管理系统\\n117. 二手车交易管理系统\\n118. 聊天室管理系统\\n119. 物流管理系统\\n120. 餐馆管理系统\\n121. 网络在线答疑系统\\n122. 病人信息管理系统\\n123. 仓库管理系统_springboot\\n124. 学生选课管理系统_springboot\\n125. 酒店管理系统_springboot\\n126. 图书管理系统_springboot\\n127. 电子商城系统_springboot\\n128. 火车票订票管理系统_springboot\\n129. 留学生管理系统_springboot\\n130. 商城系统_springboot\\n131. 学生选课管理系统\\n132. 学生信息管理系统_springboot\\n133. 图书馆管理系统_springboot\\n134. 电子商务系统_springboot\\n135. 音乐网站管理系统_springboot\\n136. 酒店管理系统_springboot\\n137. 医院挂号系统_springboot\\n138. 在线考试系统_springboot\\n139. 学生选课管理系统\\n140. 商城系统_springboot\\n141. 学生信息管理系统_springboot\\n142. 人事管理系统_springboot\\n143. 医院挂号系统_springboot\\n144. 音乐网站管理系统_springboot\\n145. 图书馆管理系统_springboot\\n146. 网上商城管理系统_springboot\\n147. 在线考试系统_springboot\\n148. 员工信息管理系统_springboot\\n149. 学生信息管理系统_springboot\\n150. 项目调度管理系统\\n151. 教学考勤管理系统\\n152. 金港宾馆管理系统\\n153. 医院病历管理系统\\n154. 扶贫助农管理系统\\n155. 实验室管理系统\\n156. 手机点餐管理系统\\n157. 学生综合素质测评管理系统\\n158. 游泳馆信息管理系统\\n159. 小区物业管理系统\\n160. 考试报名管理系统\\n161. 新闻管理系统\\n162. 校园二手交易平台管理系统\\n163. 减肥商城管理系统\\n164. 自来水分公司水费管理系统\\n165. 网络测评管理系统\\n166. 汽车租赁管理系统\\n167. 机票订购管理系统\\n168. 智慧公寓管理系统\\n169. 垃圾分类网站管理系统\\n170. 毕业生就业信息管理系统\\n171. 大学生创新创业项目管理系统\\n172. 爱心助力商城管理系统\\n173. 运动健身管理系统\\n174. 校园故障报修管理系统\\n175. 二手房买卖信息管理系统\\n176. 宿舍管理系统\\n177. 网上鲜花交易管理系统\\n178. 网上体育用品商城管理系统\\n179. 冷链运输管理系统\\n180. 应急物资保障管理系统\\n181. 水族用品网上直销管理系统\\n182. 电子商城管理商城\\n183. 实验室智能化管理系统\\n184. 校园购物网站管理系统\\n185. 地球物理台管理系统\\n186. 智能算法中台管理系统\\n187. 旅游景区游玩管理系统\\n188. 摄影管理系统\\n189. 影院电影售票管理系统\\n190. 影院电影管理系统\\n191. 网上购物商城管理系统\\n192. 微信小程序购物商城管理系统\\n193. 电影订票购票管理系统\\n194. 电影院购票管理系统_servletJsp_\\n195. 新冠密接模式挖掘管理系统\\n196. 公选课在线选课管理系统\\n197. 水果图片信息管理系统\\n198. 零件交易中心管理系统\\n199. 健身中心会员管理系统_springboot_\\n200. 学生公寓管理系统\\n201. 学生宿舍管理系统\\n202. 健身房管理系统\\n203. 学生成绩管理系统_servletJsp_\\n204. 个人信息管理系统\\n205. 员工信息管理系统\\n206. 学生成绩管理系统\\n207. 汽车租聘管理系统\\n208. 流浪猫狗救助管理系统\\n209. 民宿房源管理系统\\n210. 音乐管理系统_springboot_\\n211. 货车管理系统\\n212. 客户管理系统\\n213. 生鲜商城管理系统\\n214. 网络聊天室JavaWeb\\n215. 宠物领养救助管理系统\\n216. 物流快递管理系统\\n217. 库存管理系统\\n218. 公司人员信息管理系统_ssm_\\n219. 高校教材仓库管理系统\\n220. 商城管理系统\\n221. 个人博客管理系统_springboot_\\n222. 网课管理系统\\n223. 茶叶商城管理系统\\n224. 乡村农产品销管理系统\\n225. 疫情防控管理系统\\n226. 货运中转管理系统\\n227. 上门维修管理系统_ssm\\n228. 教务管理系统_springboot\\n229. 鞋店在线销售管理系统_springboot\\n230. 校园二手市场平台管理系统_springboot\\n231. 高校教育综合管理系统_springboot\\n232. 画手交易管理系统_springboot\\n233. 校园快递服务管理系统_ssm_15\\n234. 超市进销存管理系统_springboot\\n235. 校园迎新信息管理系统_ssm_15\\n236. 教育互助管理系统_springboot\\n237. 网上蛋糕商城管理系统_springboot\\n238. 高校宿舍管理系统_ssm\\n239. 考研资讯平台管理系统_springboot\\n240. 医院住院预约管理系统_springboot\\n241. 虚拟商品管理系统_ssm\\n242. 汽车租赁管理系统_springboot\\n243. 汽车在线销售管理系统_ssm\\n244. 书店管理系统_springboot\\n245. 图书馆管理系统_servletJsp\\n246. 税务管理系统_springboot\\n247. 在线心理测评管理系统_springboot\\n248. 自媒体视频推送管理系统_springboot\\n249. 医院医疗预约服务信息管理系统_springboot\\n250. 物流信息管理系统_springboot\\n251. 企业OA办公管理系统_ssm\\n\\n\",\"articleCover\":\"http://192.168.18.178:9000/public/aurora/articles/2fdec6aa19f4ea9d09fa563625cce7b4.jpg\",\"articleTitle\":\"毕业设计请联系qq:3075018900\",\"categoryName\":\"毕业设计程序\",\"id\":2,\"isFeatured\":1,\"isTop\":1,\"status\":1,\"tagNames\":[],\"type\":1}]', 'POST', '{\"code\":20000,\"flag\":true,\"message\":\"操作成功\"}', 1, 'admin', '172.17.0.1', '内网IP|内网IP', '2023-07-02 16:20:21', NULL);
INSERT INTO `t_operation_log` VALUES (128, '文章模块', '上传', '/admin/articles/images', 'com.aurora.controller.ArticleController.saveArticleImages', '上传文章图片', 'file', 'POST', '{\"code\":20000,\"data\":\"http://192.168.18.178:9000/public/aurora/articles/8cc562e8d1d3dc305266d4bc8c4d948b.png\",\"flag\":true,\"message\":\"操作成功\"}', 1, 'admin', '172.17.0.1', '内网IP|内网IP', '2023-07-02 16:21:46', NULL);
INSERT INTO `t_operation_log` VALUES (129, '文章模块', '上传', '/admin/articles/images', 'com.aurora.controller.ArticleController.saveArticleImages', '上传文章图片', 'file', 'POST', '{\"code\":20000,\"data\":\"http://192.168.18.178:9000/public/aurora/articles/66d116a0dde30c0e96bb2e3a1a0f26eb.png\",\"flag\":true,\"message\":\"操作成功\"}', 1, 'admin', '172.17.0.1', '内网IP|内网IP', '2023-07-02 16:21:54', NULL);
INSERT INTO `t_operation_log` VALUES (130, '文章模块', '上传', '/admin/articles/images', 'com.aurora.controller.ArticleController.saveArticleImages', '上传文章图片', 'file', 'POST', '{\"code\":20000,\"data\":\"http://192.168.18.178:9000/public/aurora/articles/f9646140aceda0165d408e3ae71af213.png\",\"flag\":true,\"message\":\"操作成功\"}', 1, 'admin', '172.17.0.1', '内网IP|内网IP', '2023-07-02 16:22:01', NULL);
INSERT INTO `t_operation_log` VALUES (131, '文章模块', '上传', '/admin/articles/images', 'com.aurora.controller.ArticleController.saveArticleImages', '上传文章图片', 'file', 'POST', '{\"code\":20000,\"data\":\"http://192.168.18.178:9000/public/aurora/articles/2153ec373ca5d08d1a4113bc9ba12f68.png\",\"flag\":true,\"message\":\"操作成功\"}', 1, 'admin', '172.17.0.1', '内网IP|内网IP', '2023-07-02 16:22:15', NULL);
INSERT INTO `t_operation_log` VALUES (132, '文章模块', '上传', '/admin/articles/images', 'com.aurora.controller.ArticleController.saveArticleImages', '上传文章图片', 'file', 'POST', '{\"code\":20000,\"data\":\"http://192.168.18.178:9000/public/aurora/articles/7d464f95b6342773416e215dca58718e.png\",\"flag\":true,\"message\":\"操作成功\"}', 1, 'admin', '172.17.0.1', '内网IP|内网IP', '2023-07-02 16:22:37', NULL);
INSERT INTO `t_operation_log` VALUES (133, '文章模块', '新增或修改', '/admin/articles', 'com.aurora.controller.ArticleController.saveOrUpdateArticle', '保存和修改文章', '[{\"articleContent\":\"# 简介\\n本代码来源于网络,仅供学习参考使用,\\n提供1.远程部署/2.修改代码/3.设计文档指导/4.框架代码讲解等服务\\n前端登录地址：http://localhost:8080/login.do\\n老师用户名： teacher 密码： 123456\\n学生用户名： student 密码： 123456\\n## 环境\\nIntelliJ IDEA 2009.3\\nMysql 5.7.26\\nTomcat 7.0.73\\nJDK 1.8\\n## 缩略图\\n![image.png](http://192.168.18.178:9000/public/aurora/articles/8cc562e8d1d3dc305266d4bc8c4d948b.png)\\n![image.png](http://192.168.18.178:9000/public/aurora/articles/66d116a0dde30c0e96bb2e3a1a0f26eb.png)\\n![image.png](http://192.168.18.178:9000/public/aurora/articles/f9646140aceda0165d408e3ae71af213.png)\\n![image.png](http://192.168.18.178:9000/public/aurora/articles/2153ec373ca5d08d1a4113bc9ba12f68.png)\",\"articleCover\":\"http://192.168.18.178:9000/public/aurora/articles/7d464f95b6342773416e215dca58718e.png\",\"articleTitle\":\"6.教师学生作业设计\",\"categoryName\":\"毕业设计程序\",\"isFeatured\":0,\"isTop\":0,\"status\":1,\"tagNames\":[],\"type\":1}]', 'POST', '{\"code\":20000,\"flag\":true,\"message\":\"操作成功\"}', 1, 'admin', '172.17.0.1', '内网IP|内网IP', '2023-07-02 16:22:38', NULL);
INSERT INTO `t_operation_log` VALUES (134, '文章模块', '新增或修改', '/admin/articles', 'com.aurora.controller.ArticleController.saveOrUpdateArticle', '保存和修改文章', '[{\"articleContent\":\"                                 毕业设计目录（qq:2147054944）\\n1. 房屋租赁系统_ssm **[----->点击查看项目详情图<-----](http://byblog.nat300.top/articles/3)**\\n2. 销售管理系统_ssm  **[----->点击查看项目详情图<----](http://byblog.nat300.top/articles/4)**\\n3. 公司内部管理系统_ssh **[----->点击查看项目详情图<----](http://byblog.nat300.top/articles/5)**\\n4. 报刊征订系统_servletJsp **[----->点击查看项目详情图<----](http://byblog.nat300.top/articles/6)**\\n5. 学校论坛系统_ssm  **[----->点击查看项目详情图<----](http://byblog.nat300.top/articles/7)**\\n6. 教师学生作业设计_servletJsp **[----->点击查看项目详情图<----](http://byblog.nat300.top/articles/8)**\\n7. 编译解释器_java  **[----->点击查看项目详情图<----](http://byblog.nat300.top/articles/9)**\\n8. 房屋租赁系统2_ssm  **[----->点击查看项目详情图<----](http://byblog.nat300.top/articles/10)**\\n9. 网上图书商城_servletJsp  **[----->点击查看项目详情图<----](http://byblog.nat300.top/articles/11)**\\n10. 记账管理系统_ssh_10  **[----->点击查看项目详情图<----](http://byblog.nat300.top/articles/12)**\\n11. 移动端健康管理系统_servletJsp\\n12. 停车位管理系统_springboot\\n13. 扫雷游戏系统-毕业设计\\n14. 四种排序算法-课程设计\\n15. 童话书店系统_ssm_\\n16. 学生信息管理系统_servletJsp\\n17. 学生成绩管理系统_ssh\\n18. 图书管管理系统servletJsp\\n19. 校园二手物品交易管理系统_ssh\\n20. 蛋糕商城管理系统_ssm_15\\n21. C2C二手交易平台管理系统-毕业设计_ssm\\n22. 校园卡管理系统-课程设计\\n23. 学生信息管理系统-设计模式\\n24. Echarts管理系统-课程设计\\n25. 学生信息管理-课程设计\\n26. 贪吃蛇-课程设计\\n27. 企业协同办公系统-毕业设计\\n28. Java聊天室-课程设计\\n29. 居家花瓶摆件商城系统-毕业设计(后台不完整)\\n30. 百脑汇商城管理系统-课程设计\\n31. 高校校园设备管理系统-毕业设计\\n32. 天猫商城管理系统-毕业设计\\n33. 超市会员管理系统-毕业设计\\n34. 电子商务商城管理系统-毕业设计\\n35. 校园图书捐赠管理系统-毕业设计\\n36. 公益捐赠管理系统-毕业设计\\n37. 网上商城管理系统-课程设计\\n38. 网上购物管理系统-毕业设计\\n39. 中国购物管理系统-毕业设计\\n40. 网上购物商城管理系统-毕业设计\\n41. 网上图书商城管理系统-毕业设计\\n42. 学生信息管理系统-毕业设计\\n43. 房屋租赁系统3_ssm_15\\n44. 校园活动管理-毕业设计\\n45. 自习室管理系统-毕业设计\\n46. 医院医生预约管理系统\\n47. 城市公交查询管理系统\\n48. 会议室预约管理系统\\n49. NBA网商平台管理系统\\n50. 在线考试管理系统\\n51. 在线考试管理系统\\n52. 小区物业管理系统\\n53. 手机商城管理系统\\n54. 同城上门维修平台管理系统\\n55. 智能化停车场管理系统-毕业设计\\n56. 音乐播放平台管理系统\\n57. JAVA个人博客管理系统\\n58. 酒店管理系统\\n59. 学生选课管理系统_servletJsp_10\\n60. 房屋出租管理系统\\n61. 超市收银与会员管理系统\\n62. 学系统生学籍管理\\n63. 学生寝室管理系统\\n64. 共享型汽车租赁管理系统\\n65. 毕业设计（论文）管理系统_ssm_15\\n66. 图书管理系统\\n67. 校园二手交易管理系统\\n68. 人才招聘管理系统\\n69. 医院管理系统_springboot_20\\n70. 在线考试管理系统\\n71. 网上餐厅管理系统\\n72. 网上订餐管理系统\\n73. 学院物资管理系统\\n74. 网上电子商城管理系统\\n75. 网上书店管理系统\\n76. 游泳馆管理系统\\n77. 仓库管理系统_ssm_15\\n78. SCUM电子商城管理系统\\n79. 人事管理系统\\n80. 商城后台管理系统\\n81. 学生推荐平台管理系统\\n82. 学生社团活动管理系统\\n83. 校园志愿者活动管理系统\\n84. 大学生学业规划咨询服务平台管理系统_servletJsp_10\\n85. 网上求职招聘管理系统\\n86. 饮品店接单网页管理系统\\n87. 家用电器购物商城管理系统\\n88. 长乐文学小说管理系统\\n89. 医院管理系统\\n90. 学习英语管理系统\\n91. 毕业设计（论文）管理系统2\\n92. 拍卖管理系统\\n93. 学生成绩管理系统\\n94. 学生在线考试管理系统\\n95. 超市收银管理系统\\n96. 图书后台管理系统\\n97. 高校社团管理系统\\n98. 宠物医院管理系统\\n99. 招聘之家管理系统\\n100. 校园垃圾分类管理系统\\n101. 药品管理系统\\n102. 仓库管理系统\\n103. 就业信息平台管理系统\\n104. 疫情学校信息登记管理系统\\n105. OA工作流管理系统\\n106. 传智书城管理系统\\n107. 二手汽车销售管理系统\\n108. 团队管理系统\\n109. 超市账单管理系统\\n110. 艺术品网络展示管理系统\\n111. 游戏商城管理系统\\n112.二手房租售管理系统\\n113. 宾馆管理系统\\n114. 电影票务管理系统\\n115. 学生宿舍管理系统\\n116. 学生图书管理系统\\n117. 二手车交易管理系统\\n118. 聊天室管理系统\\n119. 物流管理系统\\n120. 餐馆管理系统\\n121. 网络在线答疑系统\\n122. 病人信息管理系统\\n123. 仓库管理系统_springboot\\n124. 学生选课管理系统_springboot\\n125. 酒店管理系统_springboot\\n126. 图书管理系统_springboot\\n127. 电子商城系统_springboot\\n128. 火车票订票管理系统_springboot\\n129. 留学生管理系统_springboot\\n130. 商城系统_springboot\\n131. 学生选课管理系统\\n132. 学生信息管理系统_springboot\\n133. 图书馆管理系统_springboot\\n134. 电子商务系统_springboot\\n135. 音乐网站管理系统_springboot\\n136. 酒店管理系统_springboot\\n137. 医院挂号系统_springboot\\n138. 在线考试系统_springboot\\n139. 学生选课管理系统\\n140. 商城系统_springboot\\n141. 学生信息管理系统_springboot\\n142. 人事管理系统_springboot\\n143. 医院挂号系统_springboot\\n144. 音乐网站管理系统_springboot\\n145. 图书馆管理系统_springboot\\n146. 网上商城管理系统_springboot\\n147. 在线考试系统_springboot\\n148. 员工信息管理系统_springboot\\n149. 学生信息管理系统_springboot\\n150. 项目调度管理系统\\n151. 教学考勤管理系统\\n152. 金港宾馆管理系统\\n153. 医院病历管理系统\\n154. 扶贫助农管理系统\\n155. 实验室管理系统\\n156. 手机点餐管理系统\\n157. 学生综合素质测评管理系统\\n158. 游泳馆信息管理系统\\n159. 小区物业管理系统\\n160. 考试报名管理系统\\n161. 新闻管理系统\\n162. 校园二手交易平台管理系统\\n163. 减肥商城管理系统\\n164. 自来水分公司水费管理系统\\n165. 网络测评管理系统\\n166. 汽车租赁管理系统\\n167. 机票订购管理系统\\n168. 智慧公寓管理系统\\n169. 垃圾分类网站管理系统\\n170. 毕业生就业信息管理系统\\n171. 大学生创新创业项目管理系统\\n172. 爱心助力商城管理系统\\n173. 运动健身管理系统\\n174. 校园故障报修管理系统\\n175. 二手房买卖信息管理系统\\n176. 宿舍管理系统\\n177. 网上鲜花交易管理系统\\n178. 网上体育用品商城管理系统\\n179. 冷链运输管理系统\\n180. 应急物资保障管理系统\\n181. 水族用品网上直销管理系统\\n182. 电子商城管理商城\\n183. 实验室智能化管理系统\\n184. 校园购物网站管理系统\\n185. 地球物理台管理系统\\n186. 智能算法中台管理系统\\n187. 旅游景区游玩管理系统\\n188. 摄影管理系统\\n189. 影院电影售票管理系统\\n190. 影院电影管理系统\\n191. 网上购物商城管理系统\\n192. 微信小程序购物商城管理系统\\n193. 电影订票购票管理系统\\n194. 电影院购票管理系统_servletJsp_\\n195. 新冠密接模式挖掘管理系统\\n196. 公选课在线选课管理系统\\n197. 水果图片信息管理系统\\n198. 零件交易中心管理系统\\n199. 健身中心会员管理系统_springboot_\\n200. 学生公寓管理系统\\n201. 学生宿舍管理系统\\n202. 健身房管理系统\\n203. 学生成绩管理系统_servletJsp_\\n204. 个人信息管理系统\\n205. 员工信息管理系统\\n206. 学生成绩管理系统\\n207. 汽车租聘管理系统\\n208. 流浪猫狗救助管理系统\\n209. 民宿房源管理系统\\n210. 音乐管理系统_springboot_\\n211. 货车管理系统\\n212. 客户管理系统\\n213. 生鲜商城管理系统\\n214. 网络聊天室JavaWeb\\n215. 宠物领养救助管理系统\\n216. 物流快递管理系统\\n217. 库存管理系统\\n218. 公司人员信息管理系统_ssm_\\n219. 高校教材仓库管理系统\\n220. 商城管理系统\\n221. 个人博客管理系统_springboot_\\n222. 网课管理系统\\n223. 茶叶商城管理系统\\n224. 乡村农产品销管理系统\\n225. 疫情防控管理系统\\n226. 货运中转管理系统\\n227. 上门维修管理系统_ssm\\n228. 教务管理系统_springboot\\n229. 鞋店在线销售管理系统_springboot\\n230. 校园二手市场平台管理系统_springboot\\n231. 高校教育综合管理系统_springboot\\n232. 画手交易管理系统_springboot\\n233. 校园快递服务管理系统_ssm_15\\n234. 超市进销存管理系统_springboot\\n235. 校园迎新信息管理系统_ssm_15\\n236. 教育互助管理系统_springboot\\n237. 网上蛋糕商城管理系统_springboot\\n238. 高校宿舍管理系统_ssm\\n239. 考研资讯平台管理系统_springboot\\n240. 医院住院预约管理系统_springboot\\n241. 虚拟商品管理系统_ssm\\n242. 汽车租赁管理系统_springboot\\n243. 汽车在线销售管理系统_ssm\\n244. 书店管理系统_springboot\\n245. 图书馆管理系统_servletJsp\\n246. 税务管理系统_springboot\\n247. 在线心理测评管理系统_springboot\\n248. 自媒体视频推送管理系统_springboot\\n249. 医院医疗预约服务信息管理系统_springboot\\n250. 物流信息管理系统_springboot\\n251. 企业OA办公管理系统_ssm\\n\\n\",\"articleCover\":\"http://192.168.18.178:9000/public/aurora/articles/2fdec6aa19f4ea9d09fa563625cce7b4.jpg\",\"articleTitle\":\"毕业设计请联系qq:3075018900\",\"categoryName\":\"毕业设计程序\",\"id\":2,\"isFeatured\":1,\"isTop\":1,\"status\":1,\"tagNames\":[],\"type\":1}]', 'POST', '{\"code\":20000,\"flag\":true,\"message\":\"操作成功\"}', 1, 'admin', '172.17.0.1', '内网IP|内网IP', '2023-07-02 16:24:37', NULL);
INSERT INTO `t_operation_log` VALUES (135, '文章模块', '上传', '/admin/articles/images', 'com.aurora.controller.ArticleController.saveArticleImages', '上传文章图片', 'file', 'POST', '{\"code\":20000,\"data\":\"http://192.168.18.178:9000/public/aurora/articles/fcb473585c3fed46b52907db47b4d66d.png\",\"flag\":true,\"message\":\"操作成功\"}', 1, 'admin', '172.17.0.1', '内网IP|内网IP', '2023-07-02 16:26:11', NULL);
INSERT INTO `t_operation_log` VALUES (136, '文章模块', '上传', '/admin/articles/images', 'com.aurora.controller.ArticleController.saveArticleImages', '上传文章图片', 'file', 'POST', '{\"code\":20000,\"data\":\"http://192.168.18.178:9000/public/aurora/articles/dd157895ceb04cbcb288e752da381d7b.png\",\"flag\":true,\"message\":\"操作成功\"}', 1, 'admin', '172.17.0.1', '内网IP|内网IP', '2023-07-02 16:26:23', NULL);
INSERT INTO `t_operation_log` VALUES (137, '文章模块', '上传', '/admin/articles/images', 'com.aurora.controller.ArticleController.saveArticleImages', '上传文章图片', 'file', 'POST', '{\"code\":20000,\"data\":\"http://192.168.18.178:9000/public/aurora/articles/b82bd6bfcc8e4fc2d33e027b2cf68d2d.png\",\"flag\":true,\"message\":\"操作成功\"}', 1, 'admin', '172.17.0.1', '内网IP|内网IP', '2023-07-02 16:26:31', NULL);
INSERT INTO `t_operation_log` VALUES (138, '文章模块', '上传', '/admin/articles/images', 'com.aurora.controller.ArticleController.saveArticleImages', '上传文章图片', 'file', 'POST', '{\"code\":20000,\"data\":\"http://192.168.18.178:9000/public/aurora/articles/7f67594843bf2b94dcce3fcce83c06e6.png\",\"flag\":true,\"message\":\"操作成功\"}', 1, 'admin', '172.17.0.1', '内网IP|内网IP', '2023-07-02 16:26:41', NULL);
INSERT INTO `t_operation_log` VALUES (139, '文章模块', '上传', '/admin/articles/images', 'com.aurora.controller.ArticleController.saveArticleImages', '上传文章图片', 'file', 'POST', '{\"code\":20000,\"data\":\"http://192.168.18.178:9000/public/aurora/articles/43413b9e94a26fba54d2805ec49bfda3.png\",\"flag\":true,\"message\":\"操作成功\"}', 1, 'admin', '172.17.0.1', '内网IP|内网IP', '2023-07-02 16:26:50', NULL);
INSERT INTO `t_operation_log` VALUES (140, '文章模块', '上传', '/admin/articles/images', 'com.aurora.controller.ArticleController.saveArticleImages', '上传文章图片', 'file', 'POST', '{\"code\":20000,\"data\":\"http://192.168.18.178:9000/public/aurora/articles/40b91f215b95c2b6952a3b090b752cd8.png\",\"flag\":true,\"message\":\"操作成功\"}', 1, 'admin', '172.17.0.1', '内网IP|内网IP', '2023-07-02 16:27:50', NULL);
INSERT INTO `t_operation_log` VALUES (141, '文章模块', '新增或修改', '/admin/articles', 'com.aurora.controller.ArticleController.saveOrUpdateArticle', '保存和修改文章', '[{\"articleContent\":\"# 简介\\n本代码来源于网络,仅供学习参考使用\\n提供1.远程部署/2.修改代码/3.设计文档指导/4.框架代码讲解等服务\\n## 一、需求分析\\n以编译原理书中最后一项作业，根据前端生成的中间代码来编写后端解释器，其中间代码标示了每行的行号，同时还包含了赋值语句、跳转语句、二位运算表达式的四则运算，条件语句跳转，列表类型的值获取等等，对于这个简单的中间代码执行程序，可以很简单的根据每行定义一个槽列表，方便跳转语句。主要的值类型可分为整型，布尔类型，我使用Object类型的列表存入，用instance判断其类型，从而转换，语法分析器中读入词法列表，根据每个槽生成槽内的字节码列表，槽对应行号和字节码列表。\\n## 二、可行性分析\\n上文中我使用槽代表每行应该执行的语句，后面我定义了一部分字节码，整个流程是以编译成字节码后执行的，对于字节码和语句树的方式，前者更加方便操作（对于列表的前进后退等等），更能完好的控制流程跳转。 最后使用虚拟机的方式遍历执行字节码，虚拟机参考Python的执行方式，虚拟机内有两个值列表，一个存入当前作用域内执行的值，一个HashMap存入变量，对应执行列表中的某个位置。\\n## 三、总体设计\\n1. 首先主程序读入文件，转换成字符串。\\n2. 传入词法分析器，生成特定的词法列表。\\n3. 传入语法分析器，生成槽列表（字节码列表）。\\n4. 槽列表传入虚拟机，遍历执行。\\n5. 得到执行完成的两个列表，运行内列表和变量哈希列表，输出。\\n## 环境\\nIntelliJ IDEA 2009.3\\nMysql 5.7.26\\nTomcat 7.0.73\\nJDK 1.8\\n## 缩略图\\n![image.png](http://192.168.18.178:9000/public/aurora/articles/fcb473585c3fed46b52907db47b4d66d.png)\\n![image.png](http://192.168.18.178:9000/public/aurora/articles/dd157895ceb04cbcb288e752da381d7b.png)\\n![image.png](http://192.168.18.178:9000/public/aurora/articles/b82bd6bfcc8e4fc2d33e027b2cf68d2d.png)\\n![image.png](http://192.168.18.178:9000/public/aurora/articles/7f67594843bf2b94dcce3fcce83c06e6.png)\\n![image.png](http://192.168.18.178:9000/public/aurora/articles/43413b9e94a26fba54d2805ec49bfda3.png)\",\"articleCover\":\"http://192.168.18.178:9000/public/aurora/articles/40b91f215b95c2b6952a3b090b752cd8.png\",\"articleTitle\":\"7.编译解释器\",\"categoryName\":\"毕业设计程序\",\"isFeatured\":0,\"isTop\":0,\"status\":1,\"tagNames\":[],\"type\":1}]', 'POST', '{\"code\":20000,\"flag\":true,\"message\":\"操作成功\"}', 1, 'admin', '172.17.0.1', '内网IP|内网IP', '2023-07-02 16:27:51', NULL);
INSERT INTO `t_operation_log` VALUES (142, '文章模块', '上传', '/admin/articles/images', 'com.aurora.controller.ArticleController.saveArticleImages', '上传文章图片', 'file', 'POST', '{\"code\":20000,\"data\":\"http://192.168.18.178:9000/public/aurora/articles/f018db25985fca9f5b7cd89a682993ce.png\",\"flag\":true,\"message\":\"操作成功\"}', 1, 'admin', '172.17.0.1', '内网IP|内网IP', '2023-07-02 16:29:24', NULL);
INSERT INTO `t_operation_log` VALUES (143, '文章模块', '上传', '/admin/articles/images', 'com.aurora.controller.ArticleController.saveArticleImages', '上传文章图片', 'file', 'POST', '{\"code\":20000,\"data\":\"http://192.168.18.178:9000/public/aurora/articles/cec800d90a4076d4b785948c30806c30.png\",\"flag\":true,\"message\":\"操作成功\"}', 1, 'admin', '172.17.0.1', '内网IP|内网IP', '2023-07-02 16:29:34', NULL);
INSERT INTO `t_operation_log` VALUES (144, '文章模块', '上传', '/admin/articles/images', 'com.aurora.controller.ArticleController.saveArticleImages', '上传文章图片', 'file', 'POST', '{\"code\":20000,\"data\":\"http://192.168.18.178:9000/public/aurora/articles/e152a2280abde73682d52b896ed6dcc8.png\",\"flag\":true,\"message\":\"操作成功\"}', 1, 'admin', '172.17.0.1', '内网IP|内网IP', '2023-07-02 16:29:45', NULL);
INSERT INTO `t_operation_log` VALUES (145, '文章模块', '上传', '/admin/articles/images', 'com.aurora.controller.ArticleController.saveArticleImages', '上传文章图片', 'file', 'POST', '{\"code\":20000,\"data\":\"http://192.168.18.178:9000/public/aurora/articles/5a028f8a4fac4c10245c51ab6dd0d00e.png\",\"flag\":true,\"message\":\"操作成功\"}', 1, 'admin', '172.17.0.1', '内网IP|内网IP', '2023-07-02 16:29:53', NULL);
INSERT INTO `t_operation_log` VALUES (146, '文章模块', '上传', '/admin/articles/images', 'com.aurora.controller.ArticleController.saveArticleImages', '上传文章图片', 'file', 'POST', '{\"code\":20000,\"data\":\"http://192.168.18.178:9000/public/aurora/articles/01fedd6fc915996ce7ecfa056c6fae9f.png\",\"flag\":true,\"message\":\"操作成功\"}', 1, 'admin', '172.17.0.1', '内网IP|内网IP', '2023-07-02 16:30:02', NULL);
INSERT INTO `t_operation_log` VALUES (147, '文章模块', '上传', '/admin/articles/images', 'com.aurora.controller.ArticleController.saveArticleImages', '上传文章图片', 'file', 'POST', '{\"code\":20000,\"data\":\"http://192.168.18.178:9000/public/aurora/articles/7ccac5060744ddd7e67c5bc205d69263.png\",\"flag\":true,\"message\":\"操作成功\"}', 1, 'admin', '172.17.0.1', '内网IP|内网IP', '2023-07-02 16:30:11', NULL);
INSERT INTO `t_operation_log` VALUES (148, '文章模块', '上传', '/admin/articles/images', 'com.aurora.controller.ArticleController.saveArticleImages', '上传文章图片', 'file', 'POST', '{\"code\":20000,\"data\":\"http://192.168.18.178:9000/public/aurora/articles/03cbf67d3f246d78ff2ec005d98374f8.png\",\"flag\":true,\"message\":\"操作成功\"}', 1, 'admin', '172.17.0.1', '内网IP|内网IP', '2023-07-02 16:30:20', NULL);
INSERT INTO `t_operation_log` VALUES (149, '文章模块', '上传', '/admin/articles/images', 'com.aurora.controller.ArticleController.saveArticleImages', '上传文章图片', 'file', 'POST', '{\"code\":20000,\"data\":\"http://192.168.18.178:9000/public/aurora/articles/6f3febc62d450d11a09ae93e6b825cfa.png\",\"flag\":true,\"message\":\"操作成功\"}', 1, 'admin', '172.17.0.1', '内网IP|内网IP', '2023-07-02 16:30:29', NULL);
INSERT INTO `t_operation_log` VALUES (150, '文章模块', '上传', '/admin/articles/images', 'com.aurora.controller.ArticleController.saveArticleImages', '上传文章图片', 'file', 'POST', '{\"code\":20000,\"data\":\"http://192.168.18.178:9000/public/aurora/articles/6f3febc62d450d11a09ae93e6b825cfa.png\",\"flag\":true,\"message\":\"操作成功\"}', 1, 'admin', '172.17.0.1', '内网IP|内网IP', '2023-07-02 16:31:27', NULL);
INSERT INTO `t_operation_log` VALUES (151, '文章模块', '新增或修改', '/admin/articles', 'com.aurora.controller.ArticleController.saveOrUpdateArticle', '保存和修改文章', '[{\"articleContent\":\"# 简介\\n本代码来源于网络,仅供学习参考使用\\n提供1.远程部署/2.修改代码/3.设计文档指导/4.框架代码讲解等服务\\n前端登录地址：http://localhost:8080/web/login.jsp\\n用户名： user 密码： 123456\\n后端登录地址：http://localhost:8080/login.do\\n用户名： admin 密码： 123456\\n## 环境\\nIntelliJ IDEA 2009.3\\nMysql 5.7.26\\nTomcat 7.0.73\\nJDK 1.8\\n## 缩略图\\n![image.png](http://192.168.18.178:9000/public/aurora/articles/f018db25985fca9f5b7cd89a682993ce.png)\\n![image.png](http://192.168.18.178:9000/public/aurora/articles/cec800d90a4076d4b785948c30806c30.png)\\n![image.png](http://192.168.18.178:9000/public/aurora/articles/e152a2280abde73682d52b896ed6dcc8.png)\\n![image.png](http://192.168.18.178:9000/public/aurora/articles/5a028f8a4fac4c10245c51ab6dd0d00e.png)\\n![image.png](http://192.168.18.178:9000/public/aurora/articles/01fedd6fc915996ce7ecfa056c6fae9f.png)\\n![image.png](http://192.168.18.178:9000/public/aurora/articles/7ccac5060744ddd7e67c5bc205d69263.png)\\n![image.png](http://192.168.18.178:9000/public/aurora/articles/03cbf67d3f246d78ff2ec005d98374f8.png)\\n![image.png](http://192.168.18.178:9000/public/aurora/articles/6f3febc62d450d11a09ae93e6b825cfa.png)\",\"articleCover\":\"http://192.168.18.178:9000/public/aurora/articles/6f3febc62d450d11a09ae93e6b825cfa.png\",\"articleTitle\":\"8.房屋租赁系统2\",\"categoryName\":\"毕业设计程序\",\"isFeatured\":0,\"isTop\":0,\"status\":1,\"tagNames\":[],\"type\":1}]', 'POST', '{\"code\":20000,\"flag\":true,\"message\":\"操作成功\"}', 1, 'admin', '172.17.0.1', '内网IP|内网IP', '2023-07-02 16:31:31', NULL);
INSERT INTO `t_operation_log` VALUES (152, '文章模块', '新增或修改', '/admin/articles', 'com.aurora.controller.ArticleController.saveOrUpdateArticle', '保存和修改文章', '[{\"articleContent\":\"                                 毕业设计目录（qq:2147054944）\\n1. 房屋租赁系统_ssm **[----->点击查看项目详情图<-----](http://byblog.nat300.top/articles/3)**\\n2. 销售管理系统_ssm  **[----->点击查看项目详情图<----](http://byblog.nat300.top/articles/4)**\\n3. 公司内部管理系统_ssh **[----->点击查看项目详情图<----](http://byblog.nat300.top/articles/5)**\\n4. 报刊征订系统_servletJsp **[----->点击查看项目详情图<----](http://byblog.nat300.top/articles/6)**\\n5. 学校论坛系统_ssm  **[----->点击查看项目详情图<----](http://byblog.nat300.top/articles/7)**\\n6. 教师学生作业设计_servletJsp **[----->点击查看项目详情图<----](http://byblog.nat300.top/articles/8)**\\n7. 编译解释器_java  **[----->点击查看项目详情图<----](http://byblog.nat300.top/articles/9)**\\n8. 房屋租赁系统2_ssm  **[----->点击查看项目详情图<----](http://byblog.nat300.top/articles/10)**\\n9. 网上图书商城_servletJsp  **[----->点击查看项目详情图<----](http://byblog.nat300.top/articles/11)**\\n10. 记账管理系统_ssh_10  **[----->点击查看项目详情图<----](http://byblog.nat300.top/articles/12)**\\n11. 移动端健康管理系统_servletJsp\\n12. 停车位管理系统_springboot\\n13. 扫雷游戏系统-毕业设计\\n14. 四种排序算法-课程设计\\n15. 童话书店系统_ssm_\\n16. 学生信息管理系统_servletJsp\\n17. 学生成绩管理系统_ssh\\n18. 图书管管理系统servletJsp\\n19. 校园二手物品交易管理系统_ssh\\n20. 蛋糕商城管理系统_ssm_15\\n21. C2C二手交易平台管理系统-毕业设计_ssm\\n22. 校园卡管理系统-课程设计\\n23. 学生信息管理系统-设计模式\\n24. Echarts管理系统-课程设计\\n25. 学生信息管理-课程设计\\n26. 贪吃蛇-课程设计\\n27. 企业协同办公系统-毕业设计\\n28. Java聊天室-课程设计\\n29. 居家花瓶摆件商城系统-毕业设计(后台不完整)\\n30. 百脑汇商城管理系统-课程设计\\n31. 高校校园设备管理系统-毕业设计\\n32. 天猫商城管理系统-毕业设计\\n33. 超市会员管理系统-毕业设计\\n34. 电子商务商城管理系统-毕业设计\\n35. 校园图书捐赠管理系统-毕业设计\\n36. 公益捐赠管理系统-毕业设计\\n37. 网上商城管理系统-课程设计\\n38. 网上购物管理系统-毕业设计\\n39. 中国购物管理系统-毕业设计\\n40. 网上购物商城管理系统-毕业设计\\n41. 网上图书商城管理系统-毕业设计\\n42. 学生信息管理系统-毕业设计\\n43. 房屋租赁系统3_ssm_15\\n44. 校园活动管理-毕业设计\\n45. 自习室管理系统-毕业设计\\n46. 医院医生预约管理系统\\n47. 城市公交查询管理系统\\n48. 会议室预约管理系统\\n49. NBA网商平台管理系统\\n50. 在线考试管理系统\\n51. 在线考试管理系统\\n52. 小区物业管理系统\\n53. 手机商城管理系统\\n54. 同城上门维修平台管理系统\\n55. 智能化停车场管理系统-毕业设计\\n56. 音乐播放平台管理系统\\n57. JAVA个人博客管理系统\\n58. 酒店管理系统\\n59. 学生选课管理系统_servletJsp_10\\n60. 房屋出租管理系统\\n61. 超市收银与会员管理系统\\n62. 学系统生学籍管理\\n63. 学生寝室管理系统\\n64. 共享型汽车租赁管理系统\\n65. 毕业设计（论文）管理系统_ssm_15\\n66. 图书管理系统\\n67. 校园二手交易管理系统\\n68. 人才招聘管理系统\\n69. 医院管理系统_springboot_20\\n70. 在线考试管理系统\\n71. 网上餐厅管理系统\\n72. 网上订餐管理系统\\n73. 学院物资管理系统\\n74. 网上电子商城管理系统\\n75. 网上书店管理系统\\n76. 游泳馆管理系统\\n77. 仓库管理系统_ssm_15\\n78. SCUM电子商城管理系统\\n79. 人事管理系统\\n80. 商城后台管理系统\\n81. 学生推荐平台管理系统\\n82. 学生社团活动管理系统\\n83. 校园志愿者活动管理系统\\n84. 大学生学业规划咨询服务平台管理系统_servletJsp_10\\n85. 网上求职招聘管理系统\\n86. 饮品店接单网页管理系统\\n87. 家用电器购物商城管理系统\\n88. 长乐文学小说管理系统\\n89. 医院管理系统\\n90. 学习英语管理系统\\n91. 毕业设计（论文）管理系统2\\n92. 拍卖管理系统\\n93. 学生成绩管理系统\\n94. 学生在线考试管理系统\\n95. 超市收银管理系统\\n96. 图书后台管理系统\\n97. 高校社团管理系统\\n98. 宠物医院管理系统\\n99. 招聘之家管理系统\\n100. 校园垃圾分类管理系统\\n101. 药品管理系统\\n102. 仓库管理系统\\n103. 就业信息平台管理系统\\n104. 疫情学校信息登记管理系统\\n105. OA工作流管理系统\\n106. 传智书城管理系统\\n107. 二手汽车销售管理系统\\n108. 团队管理系统\\n109. 超市账单管理系统\\n110. 艺术品网络展示管理系统\\n111. 游戏商城管理系统\\n112.二手房租售管理系统\\n113. 宾馆管理系统\\n114. 电影票务管理系统\\n115. 学生宿舍管理系统\\n116. 学生图书管理系统\\n117. 二手车交易管理系统\\n118. 聊天室管理系统\\n119. 物流管理系统\\n120. 餐馆管理系统\\n121. 网络在线答疑系统\\n122. 病人信息管理系统\\n123. 仓库管理系统_springboot\\n124. 学生选课管理系统_springboot\\n125. 酒店管理系统_springboot\\n126. 图书管理系统_springboot\\n127. 电子商城系统_springboot\\n128. 火车票订票管理系统_springboot\\n129. 留学生管理系统_springboot\\n130. 商城系统_springboot\\n131. 学生选课管理系统\\n132. 学生信息管理系统_springboot\\n133. 图书馆管理系统_springboot\\n134. 电子商务系统_springboot\\n135. 音乐网站管理系统_springboot\\n136. 酒店管理系统_springboot\\n137. 医院挂号系统_springboot\\n138. 在线考试系统_springboot\\n139. 学生选课管理系统\\n140. 商城系统_springboot\\n141. 学生信息管理系统_springboot\\n142. 人事管理系统_springboot\\n143. 医院挂号系统_springboot\\n144. 音乐网站管理系统_springboot\\n145. 图书馆管理系统_springboot\\n146. 网上商城管理系统_springboot\\n147. 在线考试系统_springboot\\n148. 员工信息管理系统_springboot\\n149. 学生信息管理系统_springboot\\n150. 项目调度管理系统\\n151. 教学考勤管理系统\\n152. 金港宾馆管理系统\\n153. 医院病历管理系统\\n154. 扶贫助农管理系统\\n155. 实验室管理系统\\n156. 手机点餐管理系统\\n157. 学生综合素质测评管理系统\\n158. 游泳馆信息管理系统\\n159. 小区物业管理系统\\n160. 考试报名管理系统\\n161. 新闻管理系统\\n162. 校园二手交易平台管理系统\\n163. 减肥商城管理系统\\n164. 自来水分公司水费管理系统\\n165. 网络测评管理系统\\n166. 汽车租赁管理系统\\n167. 机票订购管理系统\\n168. 智慧公寓管理系统\\n169. 垃圾分类网站管理系统\\n170. 毕业生就业信息管理系统\\n171. 大学生创新创业项目管理系统\\n172. 爱心助力商城管理系统\\n173. 运动健身管理系统\\n174. 校园故障报修管理系统\\n175. 二手房买卖信息管理系统\\n176. 宿舍管理系统\\n177. 网上鲜花交易管理系统\\n178. 网上体育用品商城管理系统\\n179. 冷链运输管理系统\\n180. 应急物资保障管理系统\\n181. 水族用品网上直销管理系统\\n182. 电子商城管理商城\\n183. 实验室智能化管理系统\\n184. 校园购物网站管理系统\\n185. 地球物理台管理系统\\n186. 智能算法中台管理系统\\n187. 旅游景区游玩管理系统\\n188. 摄影管理系统\\n189. 影院电影售票管理系统\\n190. 影院电影管理系统\\n191. 网上购物商城管理系统\\n192. 微信小程序购物商城管理系统\\n193. 电影订票购票管理系统\\n194. 电影院购票管理系统_servletJsp_\\n195. 新冠密接模式挖掘管理系统\\n196. 公选课在线选课管理系统\\n197. 水果图片信息管理系统\\n198. 零件交易中心管理系统\\n199. 健身中心会员管理系统_springboot_\\n200. 学生公寓管理系统\\n201. 学生宿舍管理系统\\n202. 健身房管理系统\\n203. 学生成绩管理系统_servletJsp_\\n204. 个人信息管理系统\\n205. 员工信息管理系统\\n206. 学生成绩管理系统\\n207. 汽车租聘管理系统\\n208. 流浪猫狗救助管理系统\\n209. 民宿房源管理系统\\n210. 音乐管理系统_springboot_\\n211. 货车管理系统\\n212. 客户管理系统\\n213. 生鲜商城管理系统\\n214. 网络聊天室JavaWeb\\n215. 宠物领养救助管理系统\\n216. 物流快递管理系统\\n217. 库存管理系统\\n218. 公司人员信息管理系统_ssm_\\n219. 高校教材仓库管理系统\\n220. 商城管理系统\\n221. 个人博客管理系统_springboot_\\n222. 网课管理系统\\n223. 茶叶商城管理系统\\n224. 乡村农产品销管理系统\\n225. 疫情防控管理系统\\n226. 货运中转管理系统\\n227. 上门维修管理系统_ssm\\n228. 教务管理系统_springboot\\n229. 鞋店在线销售管理系统_springboot\\n230. 校园二手市场平台管理系统_springboot\\n231. 高校教育综合管理系统_springboot\\n232. 画手交易管理系统_springboot\\n233. 校园快递服务管理系统_ssm_15\\n234. 超市进销存管理系统_springboot\\n235. 校园迎新信息管理系统_ssm_15\\n236. 教育互助管理系统_springboot\\n237. 网上蛋糕商城管理系统_springboot\\n238. 高校宿舍管理系统_ssm\\n239. 考研资讯平台管理系统_springboot\\n240. 医院住院预约管理系统_springboot\\n241. 虚拟商品管理系统_ssm\\n242. 汽车租赁管理系统_springboot\\n243. 汽车在线销售管理系统_ssm\\n244. 书店管理系统_springboot\\n245. 图书馆管理系统_servletJsp\\n246. 税务管理系统_springboot\\n247. 在线心理测评管理系统_springboot\\n248. 自媒体视频推送管理系统_springboot\\n249. 医院医疗预约服务信息管理系统_springboot\\n250. 物流信息管理系统_springboot\\n251. 企业OA办公管理系统_ssm\\n\\n\",\"articleCover\":\"http://192.168.18.178:9000/public/aurora/articles/2fdec6aa19f4ea9d09fa563625cce7b4.jpg\",\"articleTitle\":\"毕业设计请联系qq:3075018900\",\"categoryName\":\"毕业设计程序\",\"id\":2,\"isFeatured\":1,\"isTop\":1,\"status\":1,\"tagNames\":[],\"type\":1}]', 'POST', '{\"code\":20000,\"flag\":true,\"message\":\"操作成功\"}', 1, 'admin', '172.17.0.1', '内网IP|内网IP', '2023-07-02 16:31:58', NULL);
INSERT INTO `t_operation_log` VALUES (153, '文章模块', '上传', '/admin/articles/images', 'com.aurora.controller.ArticleController.saveArticleImages', '上传文章图片', 'file', 'POST', '{\"code\":20000,\"data\":\"http://192.168.18.178:9000/public/aurora/articles/b3f5c6bde82cbab6821f11ffc2a5c977.png\",\"flag\":true,\"message\":\"操作成功\"}', 1, 'admin', '172.17.0.1', '内网IP|内网IP', '2023-07-02 16:33:28', NULL);
INSERT INTO `t_operation_log` VALUES (154, '文章模块', '上传', '/admin/articles/images', 'com.aurora.controller.ArticleController.saveArticleImages', '上传文章图片', 'file', 'POST', '{\"code\":20000,\"data\":\"http://192.168.18.178:9000/public/aurora/articles/8026da293050487971d7632bb6dd1290.png\",\"flag\":true,\"message\":\"操作成功\"}', 1, 'admin', '172.17.0.1', '内网IP|内网IP', '2023-07-02 16:33:49', NULL);
INSERT INTO `t_operation_log` VALUES (155, '文章模块', '上传', '/admin/articles/images', 'com.aurora.controller.ArticleController.saveArticleImages', '上传文章图片', 'file', 'POST', '{\"code\":20000,\"data\":\"http://192.168.18.178:9000/public/aurora/articles/7cb319c3b32b35af48ae8af230010796.png\",\"flag\":true,\"message\":\"操作成功\"}', 1, 'admin', '172.17.0.1', '内网IP|内网IP', '2023-07-02 16:34:30', NULL);
INSERT INTO `t_operation_log` VALUES (156, '文章模块', '上传', '/admin/articles/images', 'com.aurora.controller.ArticleController.saveArticleImages', '上传文章图片', 'file', 'POST', '{\"code\":20000,\"data\":\"http://192.168.18.178:9000/public/aurora/articles/0a6d32a0b5b302e948b3a4022bd94569.png\",\"flag\":true,\"message\":\"操作成功\"}', 1, 'admin', '172.17.0.1', '内网IP|内网IP', '2023-07-02 16:34:38', NULL);
INSERT INTO `t_operation_log` VALUES (157, '文章模块', '上传', '/admin/articles/images', 'com.aurora.controller.ArticleController.saveArticleImages', '上传文章图片', 'file', 'POST', '{\"code\":20000,\"data\":\"http://192.168.18.178:9000/public/aurora/articles/013fbe80fbcdbbc8ad19039c2ddb74ae.png\",\"flag\":true,\"message\":\"操作成功\"}', 1, 'admin', '172.17.0.1', '内网IP|内网IP', '2023-07-02 16:34:47', NULL);
INSERT INTO `t_operation_log` VALUES (158, '文章模块', '上传', '/admin/articles/images', 'com.aurora.controller.ArticleController.saveArticleImages', '上传文章图片', 'file', 'POST', '{\"code\":20000,\"data\":\"http://192.168.18.178:9000/public/aurora/articles/b91482af22e23a557fb1cf3b887cb95f.png\",\"flag\":true,\"message\":\"操作成功\"}', 1, 'admin', '172.17.0.1', '内网IP|内网IP', '2023-07-02 16:34:56', NULL);
INSERT INTO `t_operation_log` VALUES (159, '文章模块', '上传', '/admin/articles/images', 'com.aurora.controller.ArticleController.saveArticleImages', '上传文章图片', 'file', 'POST', '{\"code\":20000,\"data\":\"http://192.168.18.178:9000/public/aurora/articles/3b06767aee3fcc32b3ba79227bcd19f9.png\",\"flag\":true,\"message\":\"操作成功\"}', 1, 'admin', '172.17.0.1', '内网IP|内网IP', '2023-07-02 16:35:07', NULL);
INSERT INTO `t_operation_log` VALUES (160, '文章模块', '上传', '/admin/articles/images', 'com.aurora.controller.ArticleController.saveArticleImages', '上传文章图片', 'file', 'POST', '{\"code\":20000,\"data\":\"http://192.168.18.178:9000/public/aurora/articles/ffe0a3c9e48022a7768e1a909037608f.png\",\"flag\":true,\"message\":\"操作成功\"}', 1, 'admin', '172.17.0.1', '内网IP|内网IP', '2023-07-02 16:35:15', NULL);
INSERT INTO `t_operation_log` VALUES (161, '文章模块', '上传', '/admin/articles/images', 'com.aurora.controller.ArticleController.saveArticleImages', '上传文章图片', 'file', 'POST', '{\"code\":20000,\"data\":\"http://192.168.18.178:9000/public/aurora/articles/b3f5c6bde82cbab6821f11ffc2a5c977.png\",\"flag\":true,\"message\":\"操作成功\"}', 1, 'admin', '172.17.0.1', '内网IP|内网IP', '2023-07-02 16:35:47', NULL);
INSERT INTO `t_operation_log` VALUES (162, '文章模块', '新增或修改', '/admin/articles', 'com.aurora.controller.ArticleController.saveOrUpdateArticle', '保存和修改文章', '[{\"articleContent\":\"# 简介\\n本代码来源于网络,仅供学习参考使用, 请入群(123300273)后联系群主索要sql文件!\\n注意: 项目比较老, 前端页面需要用老板的IE打开,数据库链接久了会自动断,需要重启!!!\\n提供1.远程部署/2.修改代码/3.设计文档指导/4.框架代码讲解等服务\\n前端登录地址：http://localhost:8080/goods/jsps/user/login.jsp\\n用户名： user 密码： 123456\\n后端登录地址：http://localhost:8080/goods/adminjsps/login.jsp\\n用户名： admin 密码： 123456\\n## 环境\\nIntelliJ IDEA 2009.3\\nMysql 5.7.26\\nTomcat 7.0.73\\nJDK 1.8\\n## 缩略图\\n![image.png](http://192.168.18.178:9000/public/aurora/articles/b3f5c6bde82cbab6821f11ffc2a5c977.png)\\n![image.png](http://192.168.18.178:9000/public/aurora/articles/8026da293050487971d7632bb6dd1290.png)\\n![image.png](http://192.168.18.178:9000/public/aurora/articles/7cb319c3b32b35af48ae8af230010796.png)\\n![image.png](http://192.168.18.178:9000/public/aurora/articles/0a6d32a0b5b302e948b3a4022bd94569.png)\\n![image.png](http://192.168.18.178:9000/public/aurora/articles/013fbe80fbcdbbc8ad19039c2ddb74ae.png)\\n![image.png](http://192.168.18.178:9000/public/aurora/articles/b91482af22e23a557fb1cf3b887cb95f.png)\\n![image.png](http://192.168.18.178:9000/public/aurora/articles/3b06767aee3fcc32b3ba79227bcd19f9.png)\\n![image.png](http://192.168.18.178:9000/public/aurora/articles/ffe0a3c9e48022a7768e1a909037608f.png)\",\"articleCover\":\"http://192.168.18.178:9000/public/aurora/articles/b3f5c6bde82cbab6821f11ffc2a5c977.png\",\"articleTitle\":\"9.网上图书商城\",\"categoryName\":\"毕业设计程序\",\"isFeatured\":0,\"isTop\":0,\"status\":1,\"tagNames\":[],\"type\":1}]', 'POST', '{\"code\":20000,\"flag\":true,\"message\":\"操作成功\"}', 1, 'admin', '172.17.0.1', '内网IP|内网IP', '2023-07-02 16:35:48', NULL);
INSERT INTO `t_operation_log` VALUES (163, '文章模块', '新增或修改', '/admin/articles', 'com.aurora.controller.ArticleController.saveOrUpdateArticle', '保存和修改文章', '[{\"articleContent\":\"                                 毕业设计目录（qq:2147054944）\\n1. 房屋租赁系统_ssm **[----->点击查看项目详情图<-----](http://byblog.nat300.top/articles/3)**\\n2. 销售管理系统_ssm  **[----->点击查看项目详情图<----](http://byblog.nat300.top/articles/4)**\\n3. 公司内部管理系统_ssh **[----->点击查看项目详情图<----](http://byblog.nat300.top/articles/5)**\\n4. 报刊征订系统_servletJsp **[----->点击查看项目详情图<----](http://byblog.nat300.top/articles/6)**\\n5. 学校论坛系统_ssm  **[----->点击查看项目详情图<----](http://byblog.nat300.top/articles/7)**\\n6. 教师学生作业设计_servletJsp **[----->点击查看项目详情图<----](http://byblog.nat300.top/articles/8)**\\n7. 编译解释器_java  **[----->点击查看项目详情图<----](http://byblog.nat300.top/articles/9)**\\n8. 房屋租赁系统2_ssm  **[----->点击查看项目详情图<----](http://byblog.nat300.top/articles/10)**\\n9. 网上图书商城_servletJsp  **[----->点击查看项目详情图<----](http://byblog.nat300.top/articles/11)**\\n10. 记账管理系统_ssh_10  **[----->点击查看项目详情图<----](http://byblog.nat300.top/articles/12)**\\n11. 移动端健康管理系统_servletJsp\\n12. 停车位管理系统_springboot\\n13. 扫雷游戏系统-毕业设计\\n14. 四种排序算法-课程设计\\n15. 童话书店系统_ssm_\\n16. 学生信息管理系统_servletJsp\\n17. 学生成绩管理系统_ssh\\n18. 图书管管理系统servletJsp\\n19. 校园二手物品交易管理系统_ssh\\n20. 蛋糕商城管理系统_ssm_15\\n21. C2C二手交易平台管理系统-毕业设计_ssm\\n22. 校园卡管理系统-课程设计\\n23. 学生信息管理系统-设计模式\\n24. Echarts管理系统-课程设计\\n25. 学生信息管理-课程设计\\n26. 贪吃蛇-课程设计\\n27. 企业协同办公系统-毕业设计\\n28. Java聊天室-课程设计\\n29. 居家花瓶摆件商城系统-毕业设计(后台不完整)\\n30. 百脑汇商城管理系统-课程设计\\n31. 高校校园设备管理系统-毕业设计\\n32. 天猫商城管理系统-毕业设计\\n33. 超市会员管理系统-毕业设计\\n34. 电子商务商城管理系统-毕业设计\\n35. 校园图书捐赠管理系统-毕业设计\\n36. 公益捐赠管理系统-毕业设计\\n37. 网上商城管理系统-课程设计\\n38. 网上购物管理系统-毕业设计\\n39. 中国购物管理系统-毕业设计\\n40. 网上购物商城管理系统-毕业设计\\n41. 网上图书商城管理系统-毕业设计\\n42. 学生信息管理系统-毕业设计\\n43. 房屋租赁系统3_ssm_15\\n44. 校园活动管理-毕业设计\\n45. 自习室管理系统-毕业设计\\n46. 医院医生预约管理系统\\n47. 城市公交查询管理系统\\n48. 会议室预约管理系统\\n49. NBA网商平台管理系统\\n50. 在线考试管理系统\\n51. 在线考试管理系统\\n52. 小区物业管理系统\\n53. 手机商城管理系统\\n54. 同城上门维修平台管理系统\\n55. 智能化停车场管理系统-毕业设计\\n56. 音乐播放平台管理系统\\n57. JAVA个人博客管理系统\\n58. 酒店管理系统\\n59. 学生选课管理系统_servletJsp_10\\n60. 房屋出租管理系统\\n61. 超市收银与会员管理系统\\n62. 学系统生学籍管理\\n63. 学生寝室管理系统\\n64. 共享型汽车租赁管理系统\\n65. 毕业设计（论文）管理系统_ssm_15\\n66. 图书管理系统\\n67. 校园二手交易管理系统\\n68. 人才招聘管理系统\\n69. 医院管理系统_springboot_20\\n70. 在线考试管理系统\\n71. 网上餐厅管理系统\\n72. 网上订餐管理系统\\n73. 学院物资管理系统\\n74. 网上电子商城管理系统\\n75. 网上书店管理系统\\n76. 游泳馆管理系统\\n77. 仓库管理系统_ssm_15\\n78. SCUM电子商城管理系统\\n79. 人事管理系统\\n80. 商城后台管理系统\\n81. 学生推荐平台管理系统\\n82. 学生社团活动管理系统\\n83. 校园志愿者活动管理系统\\n84. 大学生学业规划咨询服务平台管理系统_servletJsp_10\\n85. 网上求职招聘管理系统\\n86. 饮品店接单网页管理系统\\n87. 家用电器购物商城管理系统\\n88. 长乐文学小说管理系统\\n89. 医院管理系统\\n90. 学习英语管理系统\\n91. 毕业设计（论文）管理系统2\\n92. 拍卖管理系统\\n93. 学生成绩管理系统\\n94. 学生在线考试管理系统\\n95. 超市收银管理系统\\n96. 图书后台管理系统\\n97. 高校社团管理系统\\n98. 宠物医院管理系统\\n99. 招聘之家管理系统\\n100. 校园垃圾分类管理系统\\n101. 药品管理系统\\n102. 仓库管理系统\\n103. 就业信息平台管理系统\\n104. 疫情学校信息登记管理系统\\n105. OA工作流管理系统\\n106. 传智书城管理系统\\n107. 二手汽车销售管理系统\\n108. 团队管理系统\\n109. 超市账单管理系统\\n110. 艺术品网络展示管理系统\\n111. 游戏商城管理系统\\n112.二手房租售管理系统\\n113. 宾馆管理系统\\n114. 电影票务管理系统\\n115. 学生宿舍管理系统\\n116. 学生图书管理系统\\n117. 二手车交易管理系统\\n118. 聊天室管理系统\\n119. 物流管理系统\\n120. 餐馆管理系统\\n121. 网络在线答疑系统\\n122. 病人信息管理系统\\n123. 仓库管理系统_springboot\\n124. 学生选课管理系统_springboot\\n125. 酒店管理系统_springboot\\n126. 图书管理系统_springboot\\n127. 电子商城系统_springboot\\n128. 火车票订票管理系统_springboot\\n129. 留学生管理系统_springboot\\n130. 商城系统_springboot\\n131. 学生选课管理系统\\n132. 学生信息管理系统_springboot\\n133. 图书馆管理系统_springboot\\n134. 电子商务系统_springboot\\n135. 音乐网站管理系统_springboot\\n136. 酒店管理系统_springboot\\n137. 医院挂号系统_springboot\\n138. 在线考试系统_springboot\\n139. 学生选课管理系统\\n140. 商城系统_springboot\\n141. 学生信息管理系统_springboot\\n142. 人事管理系统_springboot\\n143. 医院挂号系统_springboot\\n144. 音乐网站管理系统_springboot\\n145. 图书馆管理系统_springboot\\n146. 网上商城管理系统_springboot\\n147. 在线考试系统_springboot\\n148. 员工信息管理系统_springboot\\n149. 学生信息管理系统_springboot\\n150. 项目调度管理系统\\n151. 教学考勤管理系统\\n152. 金港宾馆管理系统\\n153. 医院病历管理系统\\n154. 扶贫助农管理系统\\n155. 实验室管理系统\\n156. 手机点餐管理系统\\n157. 学生综合素质测评管理系统\\n158. 游泳馆信息管理系统\\n159. 小区物业管理系统\\n160. 考试报名管理系统\\n161. 新闻管理系统\\n162. 校园二手交易平台管理系统\\n163. 减肥商城管理系统\\n164. 自来水分公司水费管理系统\\n165. 网络测评管理系统\\n166. 汽车租赁管理系统\\n167. 机票订购管理系统\\n168. 智慧公寓管理系统\\n169. 垃圾分类网站管理系统\\n170. 毕业生就业信息管理系统\\n171. 大学生创新创业项目管理系统\\n172. 爱心助力商城管理系统\\n173. 运动健身管理系统\\n174. 校园故障报修管理系统\\n175. 二手房买卖信息管理系统\\n176. 宿舍管理系统\\n177. 网上鲜花交易管理系统\\n178. 网上体育用品商城管理系统\\n179. 冷链运输管理系统\\n180. 应急物资保障管理系统\\n181. 水族用品网上直销管理系统\\n182. 电子商城管理商城\\n183. 实验室智能化管理系统\\n184. 校园购物网站管理系统\\n185. 地球物理台管理系统\\n186. 智能算法中台管理系统\\n187. 旅游景区游玩管理系统\\n188. 摄影管理系统\\n189. 影院电影售票管理系统\\n190. 影院电影管理系统\\n191. 网上购物商城管理系统\\n192. 微信小程序购物商城管理系统\\n193. 电影订票购票管理系统\\n194. 电影院购票管理系统_servletJsp_\\n195. 新冠密接模式挖掘管理系统\\n196. 公选课在线选课管理系统\\n197. 水果图片信息管理系统\\n198. 零件交易中心管理系统\\n199. 健身中心会员管理系统_springboot_\\n200. 学生公寓管理系统\\n201. 学生宿舍管理系统\\n202. 健身房管理系统\\n203. 学生成绩管理系统_servletJsp_\\n204. 个人信息管理系统\\n205. 员工信息管理系统\\n206. 学生成绩管理系统\\n207. 汽车租聘管理系统\\n208. 流浪猫狗救助管理系统\\n209. 民宿房源管理系统\\n210. 音乐管理系统_springboot_\\n211. 货车管理系统\\n212. 客户管理系统\\n213. 生鲜商城管理系统\\n214. 网络聊天室JavaWeb\\n215. 宠物领养救助管理系统\\n216. 物流快递管理系统\\n217. 库存管理系统\\n218. 公司人员信息管理系统_ssm_\\n219. 高校教材仓库管理系统\\n220. 商城管理系统\\n221. 个人博客管理系统_springboot_\\n222. 网课管理系统\\n223. 茶叶商城管理系统\\n224. 乡村农产品销管理系统\\n225. 疫情防控管理系统\\n226. 货运中转管理系统\\n227. 上门维修管理系统_ssm\\n228. 教务管理系统_springboot\\n229. 鞋店在线销售管理系统_springboot\\n230. 校园二手市场平台管理系统_springboot\\n231. 高校教育综合管理系统_springboot\\n232. 画手交易管理系统_springboot\\n233. 校园快递服务管理系统_ssm_15\\n234. 超市进销存管理系统_springboot\\n235. 校园迎新信息管理系统_ssm_15\\n236. 教育互助管理系统_springboot\\n237. 网上蛋糕商城管理系统_springboot\\n238. 高校宿舍管理系统_ssm\\n239. 考研资讯平台管理系统_springboot\\n240. 医院住院预约管理系统_springboot\\n241. 虚拟商品管理系统_ssm\\n242. 汽车租赁管理系统_springboot\\n243. 汽车在线销售管理系统_ssm\\n244. 书店管理系统_springboot\\n245. 图书馆管理系统_servletJsp\\n246. 税务管理系统_springboot\\n247. 在线心理测评管理系统_springboot\\n248. 自媒体视频推送管理系统_springboot\\n249. 医院医疗预约服务信息管理系统_springboot\\n250. 物流信息管理系统_springboot\\n251. 企业OA办公管理系统_ssm\\n\\n\",\"articleCover\":\"http://192.168.18.178:9000/public/aurora/articles/2fdec6aa19f4ea9d09fa563625cce7b4.jpg\",\"articleTitle\":\"毕业设计请联系qq:3075018900\",\"categoryName\":\"毕业设计程序\",\"id\":2,\"isFeatured\":1,\"isTop\":1,\"status\":1,\"tagNames\":[],\"type\":1}]', 'POST', '{\"code\":20000,\"flag\":true,\"message\":\"操作成功\"}', 1, 'admin', '172.17.0.1', '内网IP|内网IP', '2023-07-02 16:36:07', NULL);
INSERT INTO `t_operation_log` VALUES (164, '文章模块', '上传', '/admin/articles/images', 'com.aurora.controller.ArticleController.saveArticleImages', '上传文章图片', 'file', 'POST', '{\"code\":20000,\"data\":\"http://192.168.18.178:9000/public/aurora/articles/5f091bdd2fced0232d0039763271b0fc.png\",\"flag\":true,\"message\":\"操作成功\"}', 1, 'admin', '172.17.0.1', '内网IP|内网IP', '2023-07-02 16:36:56', NULL);
INSERT INTO `t_operation_log` VALUES (165, '文章模块', '上传', '/admin/articles/images', 'com.aurora.controller.ArticleController.saveArticleImages', '上传文章图片', 'file', 'POST', '{\"code\":20000,\"data\":\"http://192.168.18.178:9000/public/aurora/articles/e153201c382d7cb7a9984716980495f1.png\",\"flag\":true,\"message\":\"操作成功\"}', 1, 'admin', '172.17.0.1', '内网IP|内网IP', '2023-07-02 16:37:04', NULL);
INSERT INTO `t_operation_log` VALUES (166, '文章模块', '上传', '/admin/articles/images', 'com.aurora.controller.ArticleController.saveArticleImages', '上传文章图片', 'file', 'POST', '{\"code\":20000,\"data\":\"http://192.168.18.178:9000/public/aurora/articles/a71543ebf2870c7d164676075e64855d.png\",\"flag\":true,\"message\":\"操作成功\"}', 1, 'admin', '172.17.0.1', '内网IP|内网IP', '2023-07-02 16:37:14', NULL);
INSERT INTO `t_operation_log` VALUES (167, '文章模块', '上传', '/admin/articles/images', 'com.aurora.controller.ArticleController.saveArticleImages', '上传文章图片', 'file', 'POST', '{\"code\":20000,\"data\":\"http://192.168.18.178:9000/public/aurora/articles/d6d7bac46ec32de0c2f5910d292988cb.png\",\"flag\":true,\"message\":\"操作成功\"}', 1, 'admin', '172.17.0.1', '内网IP|内网IP', '2023-07-02 16:37:27', NULL);
INSERT INTO `t_operation_log` VALUES (168, '文章模块', '上传', '/admin/articles/images', 'com.aurora.controller.ArticleController.saveArticleImages', '上传文章图片', 'file', 'POST', '{\"code\":20000,\"data\":\"http://192.168.18.178:9000/public/aurora/articles/5f091bdd2fced0232d0039763271b0fc.png\",\"flag\":true,\"message\":\"操作成功\"}', 1, 'admin', '172.17.0.1', '内网IP|内网IP', '2023-07-02 16:37:59', NULL);
INSERT INTO `t_operation_log` VALUES (169, '文章模块', '新增或修改', '/admin/articles', 'com.aurora.controller.ArticleController.saveOrUpdateArticle', '保存和修改文章', '[{\"articleContent\":\"# 简介\\n本代码来源于网络,仅供学习参考使用, \\n注意: 登录的时候验证码需要大写!!!\\n提供1.远程部署/2.修改代码/3.设计文档指导/4.框架代码讲解等服务\\n用户登录地址：http://localhost:8080/login.jsp\\n用户名： user 密码： 123456\\n管理员登录地址：http://localhost:8080/adminlogin.jsp\\n用户名： admin 密码： 123456\\n## 环境\\nIntelliJ IDEA 2009.3\\nMysql 5.7.26\\nTomcat 7.0.73\\nJDK 1.8\\n## 缩略图\\n![image.png](http://192.168.18.178:9000/public/aurora/articles/5f091bdd2fced0232d0039763271b0fc.png)\\n![image.png](http://192.168.18.178:9000/public/aurora/articles/e153201c382d7cb7a9984716980495f1.png)\\n![image.png](http://192.168.18.178:9000/public/aurora/articles/a71543ebf2870c7d164676075e64855d.png)\\n![image.png](http://192.168.18.178:9000/public/aurora/articles/d6d7bac46ec32de0c2f5910d292988cb.png)\",\"articleCover\":\"http://192.168.18.178:9000/public/aurora/articles/5f091bdd2fced0232d0039763271b0fc.png\",\"articleTitle\":\"10.记账管理系统\",\"categoryName\":\"毕业设计程序\",\"isFeatured\":0,\"isTop\":0,\"status\":1,\"tagNames\":[],\"type\":1}]', 'POST', '{\"code\":20000,\"flag\":true,\"message\":\"操作成功\"}', 1, 'admin', '172.17.0.1', '内网IP|内网IP', '2023-07-02 16:38:02', NULL);
INSERT INTO `t_operation_log` VALUES (170, 'aurora信息', '修改', '/admin/website/config', 'com.aurora.controller.AuroraInfoController.updateWebsiteConfig', '更新网站配置', '[{\"alipayQRCode\":\"https://static.linhaojun.top/config/da4c6d8c13f66a8dd6716ddb48d73299.jpg\",\"author\":\"阿泽\",\"authorAvatar\":\"http://192.168.18.178:9000/public/aurora/config/b1367d197dd77a9ab8fc4b06deb945f3.jpg\",\"authorIntro\":\"一个疯狂的码农\",\"beianNumber\":\"苏ICP备2022012376号\",\"csdn\":\"\",\"englishName\":\"bolg\",\"gitee\":\"https://gitee.com/linhaojun\",\"github\":\"https://github.com/linhaojun857\",\"isCommentReview\":0,\"isEmailNotice\":1,\"isReward\":1,\"juejin\":\"\",\"logo\":\"http://192.168.18.178:9000/public/aurora/config/47879beeeb9eb6c5de744e4e8bf9b8dd.jpg\",\"multiLanguage\":1,\"name\":\"阿泽博客\",\"notice\":\"请记得关注我哦\",\"qq\":\"\",\"qqLogin\":0,\"stackoverflow\":\"\",\"touristAvatar\":\"https://static.linhaojun.top/config/2af2e2db20740e712f0a011a6f8c9af5.jpg\",\"twitter\":\"\",\"userAvatar\":\"https://static.linhaojun.top/config/0af1901da1e64dfb99bb61db21e716c4.jpeg\",\"weChat\":\"\",\"websiteCreateTime\":\"2023-07-02\",\"weiXinQRCode\":\"https://static.linhaojun.top/config/ed47edae605f74306f751c6fba9f14bd.png\",\"weibo\":\"\",\"zhihu\":\"\"}]', 'PUT', '{\"code\":20000,\"flag\":true,\"message\":\"操作成功\"}', 1, 'admin', '172.17.0.1', '内网IP|内网IP', '2023-07-02 16:40:31', NULL);
INSERT INTO `t_operation_log` VALUES (171, 'aurora信息', '上传', '/admin/config/images', 'com.aurora.controller.AuroraInfoController.savePhotoAlbumCover', '上传博客配置图片', 'file', 'POST', '{\"code\":20000,\"data\":\"http://192.168.18.178:9000/public/aurora/config/72032e9da869cdfec0ee824bf08d3560.jpg\",\"flag\":true,\"message\":\"操作成功\"}', 1, 'admin', '172.17.0.1', '内网IP|内网IP', '2023-07-02 16:40:39', NULL);
INSERT INTO `t_operation_log` VALUES (172, 'aurora信息', '上传', '/admin/config/images', 'com.aurora.controller.AuroraInfoController.savePhotoAlbumCover', '上传博客配置图片', 'file', 'POST', '{\"code\":20000,\"data\":\"http://192.168.18.178:9000/public/aurora/config/2fdec6aa19f4ea9d09fa563625cce7b4.jpg\",\"flag\":true,\"message\":\"操作成功\"}', 1, 'admin', '172.17.0.1', '内网IP|内网IP', '2023-07-02 16:41:12', NULL);
INSERT INTO `t_operation_log` VALUES (173, 'aurora信息', '修改', '/admin/website/config', 'com.aurora.controller.AuroraInfoController.updateWebsiteConfig', '更新网站配置', '[{\"alipayQRCode\":\"https://static.linhaojun.top/config/da4c6d8c13f66a8dd6716ddb48d73299.jpg\",\"author\":\"阿泽\",\"authorAvatar\":\"http://192.168.18.178:9000/public/aurora/config/b1367d197dd77a9ab8fc4b06deb945f3.jpg\",\"authorIntro\":\"一个疯狂的码农\",\"beianNumber\":\"苏ICP备2022012376号\",\"csdn\":\"\",\"englishName\":\"bolg\",\"gitee\":\"https://gitee.com/linhaojun\",\"github\":\"https://github.com/linhaojun857\",\"isCommentReview\":0,\"isEmailNotice\":1,\"isReward\":1,\"juejin\":\"\",\"logo\":\"http://192.168.18.178:9000/public/aurora/config/47879beeeb9eb6c5de744e4e8bf9b8dd.jpg\",\"multiLanguage\":1,\"name\":\"阿泽博客\",\"notice\":\"请记得关注我哦\",\"qq\":\"\",\"qqLogin\":0,\"stackoverflow\":\"\",\"touristAvatar\":\"https://static.linhaojun.top/config/2af2e2db20740e712f0a011a6f8c9af5.jpg\",\"twitter\":\"\",\"userAvatar\":\"http://192.168.18.178:9000/public/aurora/config/2fdec6aa19f4ea9d09fa563625cce7b4.jpg\",\"weChat\":\"\",\"websiteCreateTime\":\"2023-07-02\",\"weiXinQRCode\":\"http://192.168.18.178:9000/public/aurora/config/72032e9da869cdfec0ee824bf08d3560.jpg\",\"weibo\":\"\",\"zhihu\":\"\"}]', 'PUT', '{\"code\":20000,\"flag\":true,\"message\":\"操作成功\"}', 1, 'admin', '172.17.0.1', '内网IP|内网IP', '2023-07-02 16:41:18', NULL);
INSERT INTO `t_operation_log` VALUES (174, 'aurora信息', '修改', '/admin/website/config', 'com.aurora.controller.AuroraInfoController.updateWebsiteConfig', '更新网站配置', '[{\"alipayQRCode\":\"https://static.linhaojun.top/config/da4c6d8c13f66a8dd6716ddb48d73299.jpg\",\"author\":\"阿泽\",\"authorAvatar\":\"http://192.168.18.178:9000/public/aurora/config/b1367d197dd77a9ab8fc4b06deb945f3.jpg\",\"authorIntro\":\"一个疯狂的码农\",\"beianNumber\":\"苏ICP备2022012376号\",\"csdn\":\"https://blog.csdn.net/weixin_46052344?spm=1000.2115.3001.5343\",\"englishName\":\"bolg\",\"gitee\":\"\",\"github\":\"\",\"isCommentReview\":0,\"isEmailNotice\":1,\"isReward\":1,\"juejin\":\"\",\"logo\":\"http://192.168.18.178:9000/public/aurora/config/47879beeeb9eb6c5de744e4e8bf9b8dd.jpg\",\"multiLanguage\":1,\"name\":\"阿泽博客\",\"notice\":\"请记得关注我哦\",\"qq\":\"3075018900\",\"qqLogin\":0,\"stackoverflow\":\"\",\"touristAvatar\":\"https://static.linhaojun.top/config/2af2e2db20740e712f0a011a6f8c9af5.jpg\",\"twitter\":\"\",\"userAvatar\":\"http://192.168.18.178:9000/public/aurora/config/2fdec6aa19f4ea9d09fa563625cce7b4.jpg\",\"weChat\":\"\",\"websiteCreateTime\":\"2023-07-02\",\"weiXinQRCode\":\"http://192.168.18.178:9000/public/aurora/config/72032e9da869cdfec0ee824bf08d3560.jpg\",\"weibo\":\"\",\"zhihu\":\"\"}]', 'PUT', '{\"code\":20000,\"flag\":true,\"message\":\"操作成功\"}', 1, 'admin', '172.17.0.1', '内网IP|内网IP', '2023-07-02 16:44:07', NULL);
INSERT INTO `t_operation_log` VALUES (175, 'aurora信息', '修改', '/admin/website/config', 'com.aurora.controller.AuroraInfoController.updateWebsiteConfig', '更新网站配置', '[{\"alipayQRCode\":\"https://static.linhaojun.top/config/da4c6d8c13f66a8dd6716ddb48d73299.jpg\",\"author\":\"阿泽\",\"authorAvatar\":\"http://192.168.18.178:9000/public/aurora/config/b1367d197dd77a9ab8fc4b06deb945f3.jpg\",\"authorIntro\":\"一个疯狂的码农\",\"beianNumber\":\"苏ICP备2022012376号\",\"csdn\":\"https://blog.csdn.net/weixin_46052344?spm=1000.2115.3001.5343\",\"englishName\":\"bolg\",\"gitee\":\"\",\"github\":\"\",\"isCommentReview\":0,\"isEmailNotice\":1,\"isReward\":1,\"juejin\":\"\",\"logo\":\"http://192.168.18.178:9000/public/aurora/config/47879beeeb9eb6c5de744e4e8bf9b8dd.jpg\",\"multiLanguage\":1,\"name\":\"阿泽博客\",\"notice\":\"请记得关注我哦\",\"qq\":\"\",\"qqLogin\":0,\"stackoverflow\":\"\",\"touristAvatar\":\"https://static.linhaojun.top/config/2af2e2db20740e712f0a011a6f8c9af5.jpg\",\"twitter\":\"\",\"userAvatar\":\"http://192.168.18.178:9000/public/aurora/config/2fdec6aa19f4ea9d09fa563625cce7b4.jpg\",\"weChat\":\"\",\"websiteCreateTime\":\"2023-07-02\",\"weiXinQRCode\":\"http://192.168.18.178:9000/public/aurora/config/72032e9da869cdfec0ee824bf08d3560.jpg\",\"weibo\":\"\",\"zhihu\":\"\"}]', 'PUT', '{\"code\":20000,\"flag\":true,\"message\":\"操作成功\"}', 1, 'admin', '172.17.0.1', '内网IP|内网IP', '2023-07-02 16:48:20', NULL);
INSERT INTO `t_operation_log` VALUES (176, 'aurora信息', '修改', '/admin/website/config', 'com.aurora.controller.AuroraInfoController.updateWebsiteConfig', '更新网站配置', '[{\"alipayQRCode\":\"https://static.linhaojun.top/config/da4c6d8c13f66a8dd6716ddb48d73299.jpg\",\"author\":\"阿泽\",\"authorAvatar\":\"http://192.168.18.178:9000/public/aurora/config/b1367d197dd77a9ab8fc4b06deb945f3.jpg\",\"authorIntro\":\"一个疯狂的码农\",\"beianNumber\":\"苏ICP备2022012376号\",\"csdn\":\"https://blog.csdn.net/weixin_46052344?spm=1000.2115.3001.5343\",\"englishName\":\"bolg\",\"gitee\":\"\",\"github\":\"\",\"isCommentReview\":0,\"isEmailNotice\":1,\"isReward\":1,\"juejin\":\"\",\"logo\":\"http://192.168.18.178:9000/public/aurora/config/47879beeeb9eb6c5de744e4e8bf9b8dd.jpg\",\"multiLanguage\":1,\"name\":\"阿泽博客\",\"notice\":\"请记得关注我哦\",\"qq\":\"\",\"qqLogin\":0,\"stackoverflow\":\"\",\"touristAvatar\":\"https://static.linhaojun.top/config/2af2e2db20740e712f0a011a6f8c9af5.jpg\",\"twitter\":\"\",\"userAvatar\":\"http://192.168.18.178:9000/public/aurora/config/2fdec6aa19f4ea9d09fa563625cce7b4.jpg\",\"weChat\":\"\",\"websiteCreateTime\":\"2023-07-02\",\"weiXinQRCode\":\"http://192.168.18.178:9000/public/aurora/config/72032e9da869cdfec0ee824bf08d3560.jpg\",\"weibo\":\"\",\"zhihu\":\"\"}]', 'PUT', '{\"code\":20000,\"flag\":true,\"message\":\"操作成功\"}', 1, 'admin', '172.17.0.1', '内网IP|内网IP', '2023-07-02 16:48:22', NULL);
INSERT INTO `t_operation_log` VALUES (177, '资源模块', '新增或修改', '/admin/resources', 'com.aurora.controller.ResourceController.saveOrUpdateResource', '新增或修改资源', '[{\"resourceName\":\"删掉\"}]', 'POST', '{\"code\":20000,\"flag\":true,\"message\":\"操作成功\"}', 1, 'admin', '172.17.0.1', '内网IP|内网IP', '2023-07-02 16:54:56', NULL);
INSERT INTO `t_operation_log` VALUES (178, '资源模块', '删除', '/admin/resources/1189', 'com.aurora.controller.ResourceController.deleteResource', '删除资源', '[1189]', 'DELETE', '{\"code\":20000,\"flag\":true,\"message\":\"操作成功\"}', 1, 'admin', '172.17.0.1', '内网IP|内网IP', '2023-07-02 16:55:14', NULL);
INSERT INTO `t_operation_log` VALUES (179, '资源模块', '新增或修改', '/admin/resources', 'com.aurora.controller.ResourceController.saveOrUpdateResource', '新增或修改资源', '[{\"id\":1182,\"isAnonymous\":0,\"requestMethod\":\"POST\",\"resourceName\":\"qq登录\",\"url\":\"/users/oauth/qq\"}]', 'POST', '{\"code\":20000,\"flag\":true,\"message\":\"操作成功\"}', 1, 'admin', '172.17.0.1', '内网IP|内网IP', '2023-07-02 16:55:50', NULL);
INSERT INTO `t_operation_log` VALUES (180, 'aurora信息', '修改', '/admin/website/config', 'com.aurora.controller.AuroraInfoController.updateWebsiteConfig', '更新网站配置', '[{\"alipayQRCode\":\"https://static.linhaojun.top/config/da4c6d8c13f66a8dd6716ddb48d73299.jpg\",\"author\":\"阿泽\",\"authorAvatar\":\"http://192.168.18.178:9000/public/aurora/config/b1367d197dd77a9ab8fc4b06deb945f3.jpg\",\"authorIntro\":\"一个疯狂的码农\",\"beianNumber\":\"苏ICP备2022012376号\",\"csdn\":\"https://blog.csdn.net/weixin_46052344?spm=1000.2115.3001.5343\",\"englishName\":\"bolg\",\"gitee\":\"\",\"github\":\"\",\"isCommentReview\":0,\"isEmailNotice\":1,\"isReward\":1,\"juejin\":\"\",\"logo\":\"http://192.168.18.178:9000/public/aurora/config/47879beeeb9eb6c5de744e4e8bf9b8dd.jpg\",\"multiLanguage\":1,\"name\":\"阿泽个人网站\",\"notice\":\"请记得关注我哦\",\"qq\":\"\",\"qqLogin\":0,\"stackoverflow\":\"\",\"touristAvatar\":\"https://static.linhaojun.top/config/2af2e2db20740e712f0a011a6f8c9af5.jpg\",\"twitter\":\"\",\"userAvatar\":\"http://192.168.18.178:9000/public/aurora/config/2fdec6aa19f4ea9d09fa563625cce7b4.jpg\",\"weChat\":\"\",\"websiteCreateTime\":\"2023-07-02\",\"weiXinQRCode\":\"http://192.168.18.178:9000/public/aurora/config/72032e9da869cdfec0ee824bf08d3560.jpg\",\"weibo\":\"\",\"zhihu\":\"\"}]', 'PUT', '{\"code\":20000,\"flag\":true,\"message\":\"操作成功\"}', 1, 'admin', '172.17.0.1', '内网IP|内网IP', '2023-07-02 16:58:43', NULL);
INSERT INTO `t_operation_log` VALUES (181, '用户信息模块', '修改', '/users/subscribe', 'com.aurora.controller.UserInfoController.updateUserSubscribe', '修改用户的订阅状态', '[{\"isSubscribe\":1,\"userId\":2}]', 'PUT', '{\"code\":20000,\"flag\":true,\"message\":\"操作成功\"}', 2, 'ze.sir', '172.17.0.1', '内网IP|内网IP', '2023-07-02 16:59:48', NULL);
INSERT INTO `t_operation_log` VALUES (182, '用户信息模块', '修改', '/users/subscribe', 'com.aurora.controller.UserInfoController.updateUserSubscribe', '修改用户的订阅状态', '[{\"isSubscribe\":0,\"userId\":2}]', 'PUT', '{\"code\":20000,\"flag\":true,\"message\":\"操作成功\"}', 2, 'ze.sir', '172.17.0.1', '内网IP|内网IP', '2023-07-02 16:59:49', NULL);
INSERT INTO `t_operation_log` VALUES (183, '用户信息模块', '修改', '/users/subscribe', 'com.aurora.controller.UserInfoController.updateUserSubscribe', '修改用户的订阅状态', '[{\"isSubscribe\":1,\"userId\":2}]', 'PUT', '{\"code\":20000,\"flag\":true,\"message\":\"操作成功\"}', 2, 'ze.sir', '172.17.0.1', '内网IP|内网IP', '2023-07-02 16:59:50', NULL);
INSERT INTO `t_operation_log` VALUES (184, '用户信息模块', '修改', '/users/info', 'com.aurora.controller.UserInfoController.updateUserInfo', '更新用户信息', '[{\"intro\":\"最帅的我\",\"nickname\":\"ze.sir\",\"website\":\"http://2jjy38.natappfree.cc\"}]', 'PUT', '{\"code\":20000,\"flag\":true,\"message\":\"操作成功\"}', 2, 'ze.sir', '172.17.0.1', '内网IP|内网IP', '2023-07-02 16:59:51', NULL);
INSERT INTO `t_operation_log` VALUES (185, '评论模块', '新增', '/comments/save', 'com.aurora.controller.CommentController.saveComment', '添加评论', '[{\"commentContent\":\"你好\",\"type\":3}]', 'POST', '{\"code\":20000,\"flag\":true,\"message\":\"操作成功\"}', 2, 'ze.sir', '172.17.0.1', '内网IP|内网IP', '2023-07-02 17:00:38', NULL);
INSERT INTO `t_operation_log` VALUES (186, '评论模块', '新增', '/comments/save', 'com.aurora.controller.CommentController.saveComment', '添加评论', '[{\"commentContent\":\"你在\",\"type\":3}]', 'POST', '{\"code\":20000,\"flag\":true,\"message\":\"操作成功\"}', 2, 'ze.sir', '172.17.0.1', '内网IP|内网IP', '2023-07-02 17:00:57', NULL);
INSERT INTO `t_operation_log` VALUES (187, '评论模块', '删除', '/admin/comments', 'com.aurora.controller.CommentController.deleteComments', '删除评论', '[[2]]', 'DELETE', '{\"code\":20000,\"flag\":true,\"message\":\"操作成功\"}', 1, 'admin', '172.17.0.1', '内网IP|内网IP', '2023-07-02 17:01:55', NULL);
INSERT INTO `t_operation_log` VALUES (188, '评论模块', '修改', '/admin/comments/review', 'com.aurora.controller.CommentController.updateCommentsReview', '审核评论', '[{\"ids\":[1],\"isReview\":1}]', 'PUT', '{\"code\":20000,\"flag\":true,\"message\":\"操作成功\"}', 1, 'admin', '172.17.0.1', '内网IP|内网IP', '2023-07-02 17:02:04', NULL);
INSERT INTO `t_operation_log` VALUES (189, '文章模块', '新增或修改', '/admin/articles', 'com.aurora.controller.ArticleController.saveOrUpdateArticle', '保存和修改文章', '[{\"articleContent\":\"# 简介\\n本代码来源于网络,仅供学习参考使用, \\n注意: 登录的时候验证码需要大写!!!\\n提供1.远程部署/2.修改代码/3.设计文档指导/4.框架代码讲解等服务\\n用户登录地址：http://localhost:8080/login.jsp\\n用户名： user 密码： 123456\\n管理员登录地址：http://localhost:8080/adminlogin.jsp\\n用户名： admin 密码： 123456\\n## 环境\\nIntelliJ IDEA 2009.3\\nMysql 5.7.26\\nTomcat 7.0.73\\nJDK 1.8\\n## 缩略图\\n![image.png](http://192.168.18.178:9000/public/aurora/articles/5f091bdd2fced0232d0039763271b0fc.png)\\n![image.png](http://192.168.18.178:9000/public/aurora/articles/e153201c382d7cb7a9984716980495f1.png)\\n![image.png](http://192.168.18.178:9000/public/aurora/articles/a71543ebf2870c7d164676075e64855d.png)\\n![image.png](http://192.168.18.178:9000/public/aurora/articles/d6d7bac46ec32de0c2f5910d292988cb.png)\",\"articleCover\":\"http://192.168.18.178:9000/public/aurora/articles/5f091bdd2fced0232d0039763271b0fc.png\",\"articleTitle\":\"10.记账管理系统\",\"categoryName\":\"毕业设计程序\",\"id\":12,\"isFeatured\":0,\"isTop\":0,\"status\":1,\"tagNames\":[],\"type\":1}]', 'POST', '{\"code\":20000,\"flag\":true,\"message\":\"操作成功\"}', 1, 'admin', '172.17.0.1', '内网IP|内网IP', '2023-07-02 17:13:49', NULL);
INSERT INTO `t_operation_log` VALUES (190, '文章模块', '新增或修改', '/admin/articles', 'com.aurora.controller.ArticleController.saveOrUpdateArticle', '保存和修改文章', '[{\"articleContent\":\"# 简介\\n本代码来源于网络,仅供学习参考使用\\n注意: 项目比较老, 前端页面需要用老板的IE打开,数据库链接久了会自动断,需要重启!!!\\n提供1.远程部署/2.修改代码/3.设计文档指导/4.框架代码讲解等服务\\n前端登录地址：http://localhost:8080/goods/jsps/user/login.jsp\\n用户名： user 密码： 123456\\n后端登录地址：http://localhost:8080/goods/adminjsps/login.jsp\\n用户名： admin 密码： 123456\\n## 环境\\nIntelliJ IDEA 2009.3\\nMysql 5.7.26\\nTomcat 7.0.73\\nJDK 1.8\\n## 缩略图\\n![image.png](http://192.168.18.178:9000/public/aurora/articles/b3f5c6bde82cbab6821f11ffc2a5c977.png)\\n![image.png](http://192.168.18.178:9000/public/aurora/articles/8026da293050487971d7632bb6dd1290.png)\\n![image.png](http://192.168.18.178:9000/public/aurora/articles/7cb319c3b32b35af48ae8af230010796.png)\\n![image.png](http://192.168.18.178:9000/public/aurora/articles/0a6d32a0b5b302e948b3a4022bd94569.png)\\n![image.png](http://192.168.18.178:9000/public/aurora/articles/013fbe80fbcdbbc8ad19039c2ddb74ae.png)\\n![image.png](http://192.168.18.178:9000/public/aurora/articles/b91482af22e23a557fb1cf3b887cb95f.png)\\n![image.png](http://192.168.18.178:9000/public/aurora/articles/3b06767aee3fcc32b3ba79227bcd19f9.png)\\n![image.png](http://192.168.18.178:9000/public/aurora/articles/ffe0a3c9e48022a7768e1a909037608f.png)\",\"articleCover\":\"http://192.168.18.178:9000/public/aurora/articles/b3f5c6bde82cbab6821f11ffc2a5c977.png\",\"articleTitle\":\"9.网上图书商城\",\"categoryName\":\"毕业设计程序\",\"id\":11,\"isFeatured\":0,\"isTop\":0,\"status\":1,\"tagNames\":[],\"type\":1}]', 'POST', '{\"code\":20000,\"flag\":true,\"message\":\"操作成功\"}', 1, 'admin', '172.17.0.1', '内网IP|内网IP', '2023-07-02 17:14:01', NULL);
INSERT INTO `t_operation_log` VALUES (191, '文章模块', '新增或修改', '/admin/articles', 'com.aurora.controller.ArticleController.saveOrUpdateArticle', '保存和修改文章', '[{\"articleContent\":\"# 简介\\n本代码来源于网络,仅供学习参考使用\\n提供1.远程部署/2.修改代码/3.设计文档指导/4.框架代码讲解等服务\\n前端登录地址：http://localhost:8080/web/login.jsp\\n用户名： user 密码： 123456\\n后端登录地址：http://localhost:8080/login.do\\n用户名： admin 密码： 123456\\n## 环境\\nIntelliJ IDEA 2009.3\\nMysql 5.7.26\\nTomcat 7.0.73\\nJDK 1.8\\n## 缩略图\\n![image.png](http://192.168.18.178:9000/public/aurora/articles/f018db25985fca9f5b7cd89a682993ce.png)\\n![image.png](http://192.168.18.178:9000/public/aurora/articles/cec800d90a4076d4b785948c30806c30.png)\\n![image.png](http://192.168.18.178:9000/public/aurora/articles/e152a2280abde73682d52b896ed6dcc8.png)\\n![image.png](http://192.168.18.178:9000/public/aurora/articles/5a028f8a4fac4c10245c51ab6dd0d00e.png)\\n![image.png](http://192.168.18.178:9000/public/aurora/articles/01fedd6fc915996ce7ecfa056c6fae9f.png)\\n![image.png](http://192.168.18.178:9000/public/aurora/articles/7ccac5060744ddd7e67c5bc205d69263.png)\\n![image.png](http://192.168.18.178:9000/public/aurora/articles/03cbf67d3f246d78ff2ec005d98374f8.png)\\n![image.png](http://192.168.18.178:9000/public/aurora/articles/6f3febc62d450d11a09ae93e6b825cfa.png)\",\"articleCover\":\"http://192.168.18.178:9000/public/aurora/articles/6f3febc62d450d11a09ae93e6b825cfa.png\",\"articleTitle\":\"8.房屋租赁系统2\",\"categoryName\":\"毕业设计程序\",\"id\":10,\"isFeatured\":0,\"isTop\":0,\"status\":1,\"tagNames\":[],\"type\":1}]', 'POST', '{\"code\":20000,\"flag\":true,\"message\":\"操作成功\"}', 1, 'admin', '172.17.0.1', '内网IP|内网IP', '2023-07-02 17:14:07', NULL);
INSERT INTO `t_operation_log` VALUES (192, '文章模块', '新增或修改', '/admin/articles', 'com.aurora.controller.ArticleController.saveOrUpdateArticle', '保存和修改文章', '[{\"articleContent\":\"# 简介\\n本代码来源于网络,仅供学习参考使用,\\n提供1.远程部署/2.修改代码/3.设计文档指导/4.框架代码讲解等服务\\n前端登录地址：http://localhost:8080/login.do\\n老师用户名： teacher 密码： 123456\\n学生用户名： student 密码： 123456\\n## 环境\\nIntelliJ IDEA 2009.3\\nMysql 5.7.26\\nTomcat 7.0.73\\nJDK 1.8\\n## 缩略图\\n![image.png](http://192.168.18.178:9000/public/aurora/articles/8cc562e8d1d3dc305266d4bc8c4d948b.png)\\n![image.png](http://192.168.18.178:9000/public/aurora/articles/66d116a0dde30c0e96bb2e3a1a0f26eb.png)\\n![image.png](http://192.168.18.178:9000/public/aurora/articles/f9646140aceda0165d408e3ae71af213.png)\\n![image.png](http://192.168.18.178:9000/public/aurora/articles/2153ec373ca5d08d1a4113bc9ba12f68.png)\",\"articleCover\":\"http://192.168.18.178:9000/public/aurora/articles/7d464f95b6342773416e215dca58718e.png\",\"articleTitle\":\"6.教师学生作业设计\",\"categoryName\":\"毕业设计程序\",\"id\":8,\"isFeatured\":0,\"isTop\":0,\"status\":1,\"tagNames\":[],\"type\":1}]', 'POST', '{\"code\":20000,\"flag\":true,\"message\":\"操作成功\"}', 1, 'admin', '172.17.0.1', '内网IP|内网IP', '2023-07-02 17:14:14', NULL);
INSERT INTO `t_operation_log` VALUES (193, '用户信息模块', '删除', '/admin/users/1/online', 'com.aurora.controller.UserInfoController.removeOnlineUser', '下线用户', '[1]', 'DELETE', '{\"code\":20000,\"flag\":true,\"message\":\"操作成功\"}', 1, 'admin', '172.17.0.1', '内网IP|内网IP', '2023-07-02 17:14:43', NULL);
INSERT INTO `t_operation_log` VALUES (194, '资源模块', '新增或修改', '/admin/resources', 'com.aurora.controller.ResourceController.saveOrUpdateResource', '新增或修改资源', '[{\"id\":1182,\"isAnonymous\":1,\"requestMethod\":\"POST\",\"resourceName\":\"qq登录\",\"url\":\"/users/oauth/qq\"}]', 'POST', '{\"code\":20000,\"flag\":true,\"message\":\"操作成功\"}', 1, 'admin', '172.17.0.1', '内网IP|内网IP', '2023-07-02 17:16:44', NULL);
INSERT INTO `t_operation_log` VALUES (195, '文章模块', '新增或修改', '/admin/articles', 'com.aurora.controller.ArticleController.saveOrUpdateArticle', '保存和修改文章', '[{\"articleContent\":\"                                 毕业设计目录（qq:2147054944）\\n1. 房屋租赁系统_ssm **[----->点击查看项目详情图<-----](http://byblog.nat300.top/articles/3)**\\n2. 销售管理系统_ssm  **[----->点击查看项目详情图<----](http://byblog.nat300.top/articles/4)**\\n3. 公司内部管理系统_ssh **[----->点击查看项目详情图<----](http://byblog.nat300.top/articles/5)**\\n4. 报刊征订系统_servletJsp **[----->点击查看项目详情图<----](http://byblog.nat300.top/articles/6)**\\n5. 学校论坛系统_ssm  **[----->点击查看项目详情图<----](http://byblog.nat300.top/articles/7)**\\n6. 教师学生作业设计_servletJsp **[----->点击查看项目详情图<----](http://byblog.nat300.top/articles/8)**\\n7. 编译解释器_java  **[----->点击查看项目详情图<----](http://byblog.nat300.top/articles/9)**\\n8. 房屋租赁系统2_ssm  **[----->点击查看项目详情图<----](http://byblog.nat300.top/articles/10)**\\n9. 网上图书商城_servletJsp  **[----->点击查看项目详情图<----](http://byblog.nat300.top/articles/11)**\\n10. 记账管理系统_ssh_10  **[----->点击查看项目详情图<----](http://byblog.nat300.top/articles/12)**\\n11. 移动端健康管理系统_servletJsp\\n12. 停车位管理系统_springboot\\n13. 扫雷游戏系统-毕业设计\\n14. 四种排序算法-课程设计\\n15. 童话书店系统_ssm_\\n16. 学生信息管理系统_servletJsp\\n17. 学生成绩管理系统_ssh\\n18. 图书管管理系统servletJsp\\n19. 校园二手物品交易管理系统_ssh\\n20. 蛋糕商城管理系统_ssm_15\\n21. C2C二手交易平台管理系统-毕业设计_ssm\\n22. 校园卡管理系统-课程设计\\n23. 学生信息管理系统-设计模式\\n24. Echarts管理系统-课程设计\\n25. 学生信息管理-课程设计\\n26. 贪吃蛇-课程设计\\n27. 企业协同办公系统-毕业设计\\n28. Java聊天室-课程设计\\n29. 居家花瓶摆件商城系统-毕业设计(后台不完整)\\n30. 百脑汇商城管理系统-课程设计\\n31. 高校校园设备管理系统-毕业设计\\n32. 天猫商城管理系统-毕业设计\\n33. 超市会员管理系统-毕业设计\\n34. 电子商务商城管理系统-毕业设计\\n35. 校园图书捐赠管理系统-毕业设计\\n36. 公益捐赠管理系统-毕业设计\\n37. 网上商城管理系统-课程设计\\n38. 网上购物管理系统-毕业设计\\n39. 中国购物管理系统-毕业设计\\n40. 网上购物商城管理系统-毕业设计\\n41. 网上图书商城管理系统-毕业设计\\n42. 学生信息管理系统-毕业设计\\n43. 房屋租赁系统3_ssm_15\\n44. 校园活动管理-毕业设计\\n45. 自习室管理系统-毕业设计\\n46. 医院医生预约管理系统\\n47. 城市公交查询管理系统\\n48. 会议室预约管理系统\\n49. NBA网商平台管理系统\\n50. 在线考试管理系统\\n51. 在线考试管理系统\\n52. 小区物业管理系统\\n53. 手机商城管理系统\\n54. 同城上门维修平台管理系统\\n55. 智能化停车场管理系统-毕业设计\\n56. 音乐播放平台管理系统\\n57. JAVA个人博客管理系统\\n58. 酒店管理系统\\n59. 学生选课管理系统_servletJsp_10\\n60. 房屋出租管理系统\\n61. 超市收银与会员管理系统\\n62. 学系统生学籍管理\\n63. 学生寝室管理系统\\n64. 共享型汽车租赁管理系统\\n65. 毕业设计（论文）管理系统_ssm_15\\n66. 图书管理系统\\n67. 校园二手交易管理系统\\n68. 人才招聘管理系统\\n69. 医院管理系统_springboot_20\\n70. 在线考试管理系统\\n71. 网上餐厅管理系统\\n72. 网上订餐管理系统\\n73. 学院物资管理系统\\n74. 网上电子商城管理系统\\n75. 网上书店管理系统\\n76. 游泳馆管理系统\\n77. 仓库管理系统_ssm_15\\n78. SCUM电子商城管理系统\\n79. 人事管理系统\\n80. 商城后台管理系统\\n81. 学生推荐平台管理系统\\n82. 学生社团活动管理系统\\n83. 校园志愿者活动管理系统\\n84. 大学生学业规划咨询服务平台管理系统_servletJsp_10\\n85. 网上求职招聘管理系统\\n86. 饮品店接单网页管理系统\\n87. 家用电器购物商城管理系统\\n88. 长乐文学小说管理系统\\n89. 医院管理系统\\n90. 学习英语管理系统\\n91. 毕业设计（论文）管理系统2\\n92. 拍卖管理系统\\n93. 学生成绩管理系统\\n94. 学生在线考试管理系统\\n95. 超市收银管理系统\\n96. 图书后台管理系统\\n97. 高校社团管理系统\\n98. 宠物医院管理系统\\n99. 招聘之家管理系统\\n100. 校园垃圾分类管理系统\\n101. 药品管理系统\\n102. 仓库管理系统\\n103. 就业信息平台管理系统\\n104. 疫情学校信息登记管理系统\\n105. OA工作流管理系统\\n106. 传智书城管理系统\\n107. 二手汽车销售管理系统\\n108. 团队管理系统\\n109. 超市账单管理系统\\n110. 艺术品网络展示管理系统\\n111. 游戏商城管理系统\\n112.二手房租售管理系统\\n113. 宾馆管理系统\\n114. 电影票务管理系统\\n115. 学生宿舍管理系统\\n116. 学生图书管理系统\\n117. 二手车交易管理系统\\n118. 聊天室管理系统\\n119. 物流管理系统\\n120. 餐馆管理系统\\n121. 网络在线答疑系统\\n122. 病人信息管理系统\\n123. 仓库管理系统_springboot\\n124. 学生选课管理系统_springboot\\n125. 酒店管理系统_springboot\\n126. 图书管理系统_springboot\\n127. 电子商城系统_springboot\\n128. 火车票订票管理系统_springboot\\n129. 留学生管理系统_springboot\\n130. 商城系统_springboot\\n131. 学生选课管理系统\\n132. 学生信息管理系统_springboot\\n133. 图书馆管理系统_springboot\\n134. 电子商务系统_springboot\\n135. 音乐网站管理系统_springboot\\n136. 酒店管理系统_springboot\\n137. 医院挂号系统_springboot\\n138. 在线考试系统_springboot\\n139. 学生选课管理系统\\n140. 商城系统_springboot\\n141. 学生信息管理系统_springboot\\n142. 人事管理系统_springboot\\n143. 医院挂号系统_springboot\\n144. 音乐网站管理系统_springboot\\n145. 图书馆管理系统_springboot\\n146. 网上商城管理系统_springboot\\n147. 在线考试系统_springboot\\n148. 员工信息管理系统_springboot\\n149. 学生信息管理系统_springboot\\n150. 项目调度管理系统\\n151. 教学考勤管理系统\\n152. 金港宾馆管理系统\\n153. 医院病历管理系统\\n154. 扶贫助农管理系统\\n155. 实验室管理系统\\n156. 手机点餐管理系统\\n157. 学生综合素质测评管理系统\\n158. 游泳馆信息管理系统\\n159. 小区物业管理系统\\n160. 考试报名管理系统\\n161. 新闻管理系统\\n162. 校园二手交易平台管理系统\\n163. 减肥商城管理系统\\n164. 自来水分公司水费管理系统\\n165. 网络测评管理系统\\n166. 汽车租赁管理系统\\n167. 机票订购管理系统\\n168. 智慧公寓管理系统\\n169. 垃圾分类网站管理系统\\n170. 毕业生就业信息管理系统\\n171. 大学生创新创业项目管理系统\\n172. 爱心助力商城管理系统\\n173. 运动健身管理系统\\n174. 校园故障报修管理系统\\n175. 二手房买卖信息管理系统\\n176. 宿舍管理系统\\n177. 网上鲜花交易管理系统\\n178. 网上体育用品商城管理系统\\n179. 冷链运输管理系统\\n180. 应急物资保障管理系统\\n181. 水族用品网上直销管理系统\\n182. 电子商城管理商城\\n183. 实验室智能化管理系统\\n184. 校园购物网站管理系统\\n185. 地球物理台管理系统\\n186. 智能算法中台管理系统\\n187. 旅游景区游玩管理系统\\n188. 摄影管理系统\\n189. 影院电影售票管理系统\\n190. 影院电影管理系统\\n191. 网上购物商城管理系统\\n192. 微信小程序购物商城管理系统\\n193. 电影订票购票管理系统\\n194. 电影院购票管理系统_servletJsp_\\n195. 新冠密接模式挖掘管理系统\\n196. 公选课在线选课管理系统\\n197. 水果图片信息管理系统\\n198. 零件交易中心管理系统\\n199. 健身中心会员管理系统_springboot_\\n200. 学生公寓管理系统\\n201. 学生宿舍管理系统\\n202. 健身房管理系统\\n203. 学生成绩管理系统_servletJsp_\\n204. 个人信息管理系统\\n205. 员工信息管理系统\\n206. 学生成绩管理系统\\n207. 汽车租聘管理系统\\n208. 流浪猫狗救助管理系统\\n209. 民宿房源管理系统\\n210. 音乐管理系统_springboot_\\n211. 货车管理系统\\n212. 客户管理系统\\n213. 生鲜商城管理系统\\n214. 网络聊天室JavaWeb\\n215. 宠物领养救助管理系统\\n216. 物流快递管理系统\\n217. 库存管理系统\\n218. 公司人员信息管理系统_ssm_\\n219. 高校教材仓库管理系统\\n220. 商城管理系统\\n221. 个人博客管理系统_springboot_\\n222. 网课管理系统\\n223. 茶叶商城管理系统\\n224. 乡村农产品销管理系统\\n225. 疫情防控管理系统\\n226. 货运中转管理系统\\n227. 上门维修管理系统_ssm\\n228. 教务管理系统_springboot\\n229. 鞋店在线销售管理系统_springboot\\n230. 校园二手市场平台管理系统_springboot\\n231. 高校教育综合管理系统_springboot\\n232. 画手交易管理系统_springboot\\n233. 校园快递服务管理系统_ssm_15\\n234. 超市进销存管理系统_springboot\\n235. 校园迎新信息管理系统_ssm_15\\n236. 教育互助管理系统_springboot\\n237. 网上蛋糕商城管理系统_springboot\\n238. 高校宿舍管理系统_ssm\\n239. 考研资讯平台管理系统_springboot\\n240. 医院住院预约管理系统_springboot\\n241. 虚拟商品管理系统_ssm\\n242. 汽车租赁管理系统_springboot\\n243. 汽车在线销售管理系统_ssm\\n244. 书店管理系统_springboot\\n245. 图书馆管理系统_servletJsp\\n246. 税务管理系统_springboot\\n247. 在线心理测评管理系统_springboot\\n248. 自媒体视频推送管理系统_springboot\\n249. 医院医疗预约服务信息管理系统_springboot\\n250. 物流信息管理系统_springboot\\n251. 企业OA办公管理系统_ssm\\n\\n\",\"articleCover\":\"http://192.168.18.178:9000/public/aurora/articles/2fdec6aa19f4ea9d09fa563625cce7b4.jpg\",\"articleTitle\":\"毕业设计请联系qq:3075018900\",\"categoryName\":\"毕业设计程序\",\"id\":2,\"isFeatured\":1,\"isTop\":1,\"status\":1,\"tagNames\":[],\"type\":1}]', 'POST', '{\"code\":20000,\"flag\":true,\"message\":\"操作成功\"}', 1, 'admin', '172.17.0.1', '内网IP|内网IP', '2023-07-02 17:25:29', NULL);
INSERT INTO `t_operation_log` VALUES (196, '用户信息模块', '修改', '/users/info', 'com.aurora.controller.UserInfoController.updateUserInfo', '更新用户信息', '[{\"intro\":\"123456\",\"nickname\":\"admin\",\"website\":\"https://www.linhaojun.top\"}]', 'PUT', '{\"code\":20000,\"flag\":true,\"message\":\"操作成功\"}', 1, 'admin', '172.17.0.1', '内网IP|内网IP', '2023-07-03 06:55:46', NULL);

-- ----------------------------
-- Table structure for t_photo
-- ----------------------------
DROP TABLE IF EXISTS `t_photo`;
CREATE TABLE `t_photo`  (
  `id` int(11) NOT NULL AUTO_INCREMENT COMMENT '主键',
  `album_id` int(11) NOT NULL COMMENT '相册id',
  `photo_name` varchar(20) CHARACTER SET utf8mb4 COLLATE utf8mb4_general_ci NOT NULL COMMENT '照片名',
  `photo_desc` varchar(50) CHARACTER SET utf8mb4 COLLATE utf8mb4_general_ci NULL DEFAULT NULL COMMENT '照片描述',
  `photo_src` varchar(255) CHARACTER SET utf8mb4 COLLATE utf8mb4_general_ci NOT NULL COMMENT '照片地址',
  `is_delete` tinyint(1) NOT NULL DEFAULT 0 COMMENT '是否删除',
  `create_time` datetime(0) NOT NULL COMMENT '创建时间',
  `update_time` datetime(0) NULL DEFAULT NULL COMMENT '更新时间',
  PRIMARY KEY (`id`) USING BTREE
) ENGINE = InnoDB AUTO_INCREMENT = 1 CHARACTER SET = utf8mb4 COLLATE = utf8mb4_general_ci COMMENT = '照片' ROW_FORMAT = DYNAMIC;

-- ----------------------------
-- Records of t_photo
-- ----------------------------

-- ----------------------------
-- Table structure for t_photo_album
-- ----------------------------
DROP TABLE IF EXISTS `t_photo_album`;
CREATE TABLE `t_photo_album`  (
  `id` int(11) NOT NULL AUTO_INCREMENT COMMENT '主键',
  `album_name` varchar(20) CHARACTER SET utf8mb4 COLLATE utf8mb4_general_ci NOT NULL COMMENT '相册名',
  `album_desc` varchar(50) CHARACTER SET utf8mb4 COLLATE utf8mb4_general_ci NOT NULL COMMENT '相册描述',
  `album_cover` varchar(255) CHARACTER SET utf8mb4 COLLATE utf8mb4_general_ci NOT NULL COMMENT '相册封面',
  `is_delete` tinyint(1) NOT NULL DEFAULT 0 COMMENT '是否删除',
  `status` tinyint(1) NOT NULL DEFAULT 1 COMMENT '状态值 1公开 2私密',
  `create_time` datetime(0) NOT NULL COMMENT '创建时间',
  `update_time` datetime(0) NULL DEFAULT NULL COMMENT '更新时间',
  PRIMARY KEY (`id`) USING BTREE
) ENGINE = InnoDB AUTO_INCREMENT = 1 CHARACTER SET = utf8mb4 COLLATE = utf8mb4_general_ci COMMENT = '相册' ROW_FORMAT = DYNAMIC;

-- ----------------------------
-- Records of t_photo_album
-- ----------------------------

-- ----------------------------
-- Table structure for t_resource
-- ----------------------------
DROP TABLE IF EXISTS `t_resource`;
CREATE TABLE `t_resource`  (
  `id` int(11) NOT NULL AUTO_INCREMENT COMMENT '主键',
  `resource_name` varchar(50) CHARACTER SET utf8mb4 COLLATE utf8mb4_general_ci NOT NULL COMMENT '资源名',
  `url` varchar(255) CHARACTER SET utf8mb4 COLLATE utf8mb4_general_ci NULL DEFAULT NULL COMMENT '权限路径',
  `request_method` varchar(10) CHARACTER SET utf8mb4 COLLATE utf8mb4_general_ci NULL DEFAULT NULL COMMENT '请求方式',
  `parent_id` int(11) NULL DEFAULT NULL COMMENT '父模块id',
  `is_anonymous` tinyint(1) NOT NULL DEFAULT 0 COMMENT '是否匿名访问 0否 1是',
  `create_time` datetime(0) NOT NULL COMMENT '创建时间',
  `update_time` datetime(0) NULL DEFAULT NULL COMMENT '修改时间',
  PRIMARY KEY (`id`) USING BTREE
) ENGINE = InnoDB AUTO_INCREMENT = 1190 CHARACTER SET = utf8mb4 COLLATE = utf8mb4_general_ci ROW_FORMAT = DYNAMIC;

-- ----------------------------
-- Records of t_resource
-- ----------------------------
INSERT INTO `t_resource` VALUES (1050, 'aurora信息', NULL, NULL, NULL, 0, '2022-08-19 22:26:21', NULL);
INSERT INTO `t_resource` VALUES (1051, '分类模块', NULL, NULL, NULL, 0, '2022-08-19 22:26:21', NULL);
INSERT INTO `t_resource` VALUES (1052, '友链模块', NULL, NULL, NULL, 0, '2022-08-19 22:26:21', NULL);
INSERT INTO `t_resource` VALUES (1053, '定时任务日志模块', NULL, NULL, NULL, 0, '2022-08-19 22:26:21', NULL);
INSERT INTO `t_resource` VALUES (1054, '定时任务模块', NULL, NULL, NULL, 0, '2022-08-19 22:26:21', NULL);
INSERT INTO `t_resource` VALUES (1055, '异常处理模块', NULL, NULL, NULL, 0, '2022-08-19 22:26:21', NULL);
INSERT INTO `t_resource` VALUES (1056, '操作日志模块', NULL, NULL, NULL, 0, '2022-08-19 22:26:21', NULL);
INSERT INTO `t_resource` VALUES (1057, '文章模块', NULL, NULL, NULL, 0, '2022-08-19 22:26:21', NULL);
INSERT INTO `t_resource` VALUES (1058, '标签模块', NULL, NULL, NULL, 0, '2022-08-19 22:26:21', NULL);
INSERT INTO `t_resource` VALUES (1059, '照片模块', NULL, NULL, NULL, 0, '2022-08-19 22:26:21', NULL);
INSERT INTO `t_resource` VALUES (1060, '用户信息模块', NULL, NULL, NULL, 0, '2022-08-19 22:26:21', NULL);
INSERT INTO `t_resource` VALUES (1061, '用户账号模块', NULL, NULL, NULL, 0, '2022-08-19 22:26:21', NULL);
INSERT INTO `t_resource` VALUES (1062, '相册模块', NULL, NULL, NULL, 0, '2022-08-19 22:26:21', NULL);
INSERT INTO `t_resource` VALUES (1063, '菜单模块', NULL, NULL, NULL, 0, '2022-08-19 22:26:21', NULL);
INSERT INTO `t_resource` VALUES (1064, '角色模块', NULL, NULL, NULL, 0, '2022-08-19 22:26:21', NULL);
INSERT INTO `t_resource` VALUES (1065, '评论模块', NULL, NULL, NULL, 0, '2022-08-19 22:26:21', NULL);
INSERT INTO `t_resource` VALUES (1066, '说说模块', NULL, NULL, NULL, 0, '2022-08-19 22:26:21', NULL);
INSERT INTO `t_resource` VALUES (1067, '资源模块', NULL, NULL, NULL, 0, '2022-08-19 22:26:21', NULL);
INSERT INTO `t_resource` VALUES (1068, '获取系统信息', '/', 'GET', 1050, 1, '2022-08-19 22:26:22', '2022-08-19 22:26:55');
INSERT INTO `t_resource` VALUES (1069, '查看关于我信息', '/about', 'GET', 1050, 1, '2022-08-19 22:26:22', '2022-08-19 22:26:57');
INSERT INTO `t_resource` VALUES (1070, '获取系统后台信息', '/admin', 'GET', 1050, 0, '2022-08-19 22:26:22', NULL);
INSERT INTO `t_resource` VALUES (1071, '修改关于我信息', '/admin/about', 'PUT', 1050, 0, '2022-08-19 22:26:22', NULL);
INSERT INTO `t_resource` VALUES (1072, '获取后台文章', '/admin/articles', 'GET', 1057, 0, '2022-08-19 22:26:22', NULL);
INSERT INTO `t_resource` VALUES (1073, '保存和修改文章', '/admin/articles', 'POST', 1057, 0, '2022-08-19 22:26:22', NULL);
INSERT INTO `t_resource` VALUES (1074, '删除或者恢复文章', '/admin/articles', 'PUT', 1057, 0, '2022-08-19 22:26:22', NULL);
INSERT INTO `t_resource` VALUES (1075, '物理删除文章', '/admin/articles/delete', 'DELETE', 1057, 0, '2022-08-19 22:26:22', NULL);
INSERT INTO `t_resource` VALUES (1076, '导出文章', '/admin/articles/export', 'POST', 1057, 0, '2022-08-19 22:26:22', NULL);
INSERT INTO `t_resource` VALUES (1077, '上传文章图片', '/admin/articles/images', 'POST', 1057, 0, '2022-08-19 22:26:22', NULL);
INSERT INTO `t_resource` VALUES (1078, '导入文章', '/admin/articles/import', 'POST', 1057, 0, '2022-08-19 22:26:22', NULL);
INSERT INTO `t_resource` VALUES (1079, '修改文章是否置顶和推荐', '/admin/articles/topAndFeatured', 'PUT', 1057, 0, '2022-08-19 22:26:22', NULL);
INSERT INTO `t_resource` VALUES (1080, '根据id查看后台文章', '/admin/articles/*', 'GET', 1057, 0, '2022-08-19 22:26:22', NULL);
INSERT INTO `t_resource` VALUES (1081, '查看后台分类列表', '/admin/categories', 'GET', 1051, 0, '2022-08-19 22:26:22', NULL);
INSERT INTO `t_resource` VALUES (1082, '添加或修改分类', '/admin/categories', 'POST', 1051, 0, '2022-08-19 22:26:22', NULL);
INSERT INTO `t_resource` VALUES (1083, '删除分类', '/admin/categories', 'DELETE', 1051, 0, '2022-08-19 22:26:22', NULL);
INSERT INTO `t_resource` VALUES (1084, '搜索文章分类', '/admin/categories/search', 'GET', 1051, 0, '2022-08-19 22:26:22', NULL);
INSERT INTO `t_resource` VALUES (1085, '查询后台评论', '/admin/comments', 'GET', 1065, 0, '2022-08-19 22:26:22', NULL);
INSERT INTO `t_resource` VALUES (1086, '删除评论', '/admin/comments', 'DELETE', 1065, 0, '2022-08-19 22:26:22', NULL);
INSERT INTO `t_resource` VALUES (1087, '审核评论', '/admin/comments/review', 'PUT', 1065, 0, '2022-08-19 22:26:22', NULL);
INSERT INTO `t_resource` VALUES (1088, '上传博客配置图片', '/admin/config/images', 'POST', 1050, 0, '2022-08-19 22:26:22', NULL);
INSERT INTO `t_resource` VALUES (1089, '获取定时任务的日志列表', '/admin/jobLogs', 'GET', 1053, 0, '2022-08-19 22:26:22', NULL);
INSERT INTO `t_resource` VALUES (1090, '删除定时任务的日志', '/admin/jobLogs', 'DELETE', 1053, 0, '2022-08-19 22:26:22', NULL);
INSERT INTO `t_resource` VALUES (1091, '清除定时任务的日志', '/admin/jobLogs/clean', 'DELETE', 1053, 0, '2022-08-19 22:26:22', NULL);
INSERT INTO `t_resource` VALUES (1092, '获取定时任务日志的所有组名', '/admin/jobLogs/jobGroups', 'GET', 1053, 0, '2022-08-19 22:26:22', NULL);
INSERT INTO `t_resource` VALUES (1093, '获取任务列表', '/admin/jobs', 'GET', 1054, 0, '2022-08-19 22:26:22', NULL);
INSERT INTO `t_resource` VALUES (1094, '添加定时任务', '/admin/jobs', 'POST', 1054, 0, '2022-08-19 22:26:22', NULL);
INSERT INTO `t_resource` VALUES (1095, '修改定时任务', '/admin/jobs', 'PUT', 1054, 0, '2022-08-19 22:26:22', NULL);
INSERT INTO `t_resource` VALUES (1096, '删除定时任务', '/admin/jobs', 'DELETE', 1054, 0, '2022-08-19 22:26:22', NULL);
INSERT INTO `t_resource` VALUES (1097, '获取所有job分组', '/admin/jobs/jobGroups', 'GET', 1054, 0, '2022-08-19 22:26:22', NULL);
INSERT INTO `t_resource` VALUES (1098, '执行某个任务', '/admin/jobs/run', 'PUT', 1054, 0, '2022-08-19 22:26:22', NULL);
INSERT INTO `t_resource` VALUES (1099, '更改任务的状态', '/admin/jobs/status', 'PUT', 1054, 0, '2022-08-19 22:26:22', NULL);
INSERT INTO `t_resource` VALUES (1100, '根据id获取任务', '/admin/jobs/*', 'GET', 1054, 0, '2022-08-19 22:26:22', NULL);
INSERT INTO `t_resource` VALUES (1101, '查看后台友链列表', '/admin/links', 'GET', 1052, 0, '2022-08-19 22:26:22', NULL);
INSERT INTO `t_resource` VALUES (1102, '保存或修改友链', '/admin/links', 'POST', 1052, 0, '2022-08-19 22:26:22', NULL);
INSERT INTO `t_resource` VALUES (1103, '删除友链', '/admin/links', 'DELETE', 1052, 0, '2022-08-19 22:26:22', NULL);
INSERT INTO `t_resource` VALUES (1104, '查看菜单列表', '/admin/menus', 'GET', 1063, 0, '2022-08-19 22:26:22', NULL);
INSERT INTO `t_resource` VALUES (1105, '新增或修改菜单', '/admin/menus', 'POST', 1063, 0, '2022-08-19 22:26:22', NULL);
INSERT INTO `t_resource` VALUES (1106, '修改目录是否隐藏', '/admin/menus/isHidden', 'PUT', 1063, 0, '2022-08-19 22:26:22', NULL);
INSERT INTO `t_resource` VALUES (1107, '删除菜单', '/admin/menus/*', 'DELETE', 1063, 0, '2022-08-19 22:26:22', NULL);
INSERT INTO `t_resource` VALUES (1108, '查看操作日志', '/admin/operation/logs', 'GET', 1056, 0, '2022-08-19 22:26:22', NULL);
INSERT INTO `t_resource` VALUES (1109, '删除操作日志', '/admin/operation/logs', 'DELETE', 1056, 0, '2022-08-19 22:26:22', NULL);
INSERT INTO `t_resource` VALUES (1110, '根据相册id获取照片列表', '/admin/photos', 'GET', 1059, 0, '2022-08-19 22:26:22', NULL);
INSERT INTO `t_resource` VALUES (1111, '保存照片', '/admin/photos', 'POST', 1059, 0, '2022-08-19 22:26:22', NULL);
INSERT INTO `t_resource` VALUES (1112, '更新照片信息', '/admin/photos', 'PUT', 1059, 0, '2022-08-19 22:26:22', NULL);
INSERT INTO `t_resource` VALUES (1113, '删除照片', '/admin/photos', 'DELETE', 1059, 0, '2022-08-19 22:26:22', NULL);
INSERT INTO `t_resource` VALUES (1114, '移动照片相册', '/admin/photos/album', 'PUT', 1059, 0, '2022-08-19 22:26:22', NULL);
INSERT INTO `t_resource` VALUES (1115, '查看后台相册列表', '/admin/photos/albums', 'GET', 1062, 0, '2022-08-19 22:26:22', NULL);
INSERT INTO `t_resource` VALUES (1116, '保存或更新相册', '/admin/photos/albums', 'POST', 1062, 0, '2022-08-19 22:26:22', NULL);
INSERT INTO `t_resource` VALUES (1117, '上传相册封面', '/admin/photos/albums/cover', 'POST', 1062, 0, '2022-08-19 22:26:22', NULL);
INSERT INTO `t_resource` VALUES (1118, '获取后台相册列表信息', '/admin/photos/albums/info', 'GET', 1062, 0, '2022-08-19 22:26:22', NULL);
INSERT INTO `t_resource` VALUES (1119, '根据id删除相册', '/admin/photos/albums/*', 'DELETE', 1062, 0, '2022-08-19 22:26:22', NULL);
INSERT INTO `t_resource` VALUES (1120, '根据id获取后台相册信息', '/admin/photos/albums/*/info', 'GET', 1062, 0, '2022-08-19 22:26:22', NULL);
INSERT INTO `t_resource` VALUES (1121, '更新照片删除状态', '/admin/photos/delete', 'PUT', 1059, 0, '2022-08-19 22:26:22', NULL);
INSERT INTO `t_resource` VALUES (1122, '查看资源列表', '/admin/resources', 'GET', 1067, 0, '2022-08-19 22:26:22', NULL);
INSERT INTO `t_resource` VALUES (1123, '新增或修改资源', '/admin/resources', 'POST', 1067, 0, '2022-08-19 22:26:22', NULL);
INSERT INTO `t_resource` VALUES (1124, '删除资源', '/admin/resources/*', 'DELETE', 1067, 0, '2022-08-19 22:26:22', NULL);
INSERT INTO `t_resource` VALUES (1125, '保存或更新角色', '/admin/role', 'POST', 1064, 0, '2022-08-19 22:26:22', NULL);
INSERT INTO `t_resource` VALUES (1126, '查看角色菜单选项', '/admin/role/menus', 'GET', 1063, 0, '2022-08-19 22:26:22', NULL);
INSERT INTO `t_resource` VALUES (1127, '查看角色资源选项', '/admin/role/resources', 'GET', 1067, 0, '2022-08-19 22:26:22', NULL);
INSERT INTO `t_resource` VALUES (1128, '查询角色列表', '/admin/roles', 'GET', 1064, 0, '2022-08-19 22:26:22', NULL);
INSERT INTO `t_resource` VALUES (1129, '删除角色', '/admin/roles', 'DELETE', 1064, 0, '2022-08-19 22:26:22', NULL);
INSERT INTO `t_resource` VALUES (1130, '查询后台标签列表', '/admin/tags', 'GET', 1058, 0, '2022-08-19 22:26:22', NULL);
INSERT INTO `t_resource` VALUES (1131, '添加或修改标签', '/admin/tags', 'POST', 1058, 0, '2022-08-19 22:26:22', NULL);
INSERT INTO `t_resource` VALUES (1132, '删除标签', '/admin/tags', 'DELETE', 1058, 0, '2022-08-19 22:26:22', NULL);
INSERT INTO `t_resource` VALUES (1133, '搜索文章标签', '/admin/tags/search', 'GET', 1058, 0, '2022-08-19 22:26:22', NULL);
INSERT INTO `t_resource` VALUES (1134, '查看后台说说', '/admin/talks', 'GET', 1066, 0, '2022-08-19 22:26:22', NULL);
INSERT INTO `t_resource` VALUES (1135, '保存或修改说说', '/admin/talks', 'POST', 1066, 0, '2022-08-19 22:26:22', NULL);
INSERT INTO `t_resource` VALUES (1136, '删除说说', '/admin/talks', 'DELETE', 1066, 0, '2022-08-19 22:26:22', NULL);
INSERT INTO `t_resource` VALUES (1137, '上传说说图片', '/admin/talks/images', 'POST', 1066, 0, '2022-08-19 22:26:22', NULL);
INSERT INTO `t_resource` VALUES (1138, '根据id查看后台说说', '/admin/talks/*', 'GET', 1066, 1, '2022-08-19 22:26:22', '2022-08-19 22:33:52');
INSERT INTO `t_resource` VALUES (1139, '查看当前用户菜单', '/admin/user/menus', 'GET', 1063, 0, '2022-08-19 22:26:22', NULL);
INSERT INTO `t_resource` VALUES (1140, '查询后台用户列表', '/admin/users', 'GET', 1061, 0, '2022-08-19 22:26:22', NULL);
INSERT INTO `t_resource` VALUES (1141, '获取用户区域分布', '/admin/users/area', 'GET', 1061, 0, '2022-08-19 22:26:22', NULL);
INSERT INTO `t_resource` VALUES (1142, '修改用户禁用状态', '/admin/users/disable', 'PUT', 1060, 0, '2022-08-19 22:26:22', NULL);
INSERT INTO `t_resource` VALUES (1143, '查看在线用户', '/admin/users/online', 'GET', 1060, 0, '2022-08-19 22:26:22', NULL);
INSERT INTO `t_resource` VALUES (1144, '修改管理员密码', '/admin/users/password', 'PUT', 1061, 0, '2022-08-19 22:26:22', NULL);
INSERT INTO `t_resource` VALUES (1145, '查询用户角色选项', '/admin/users/role', 'GET', 1064, 0, '2022-08-19 22:26:22', NULL);
INSERT INTO `t_resource` VALUES (1146, '修改用户角色', '/admin/users/role', 'PUT', 1060, 0, '2022-08-19 22:26:22', NULL);
INSERT INTO `t_resource` VALUES (1147, '下线用户', '/admin/users/*/online', 'DELETE', 1060, 0, '2022-08-19 22:26:22', NULL);
INSERT INTO `t_resource` VALUES (1148, '获取网站配置', '/admin/website/config', 'GET', 1050, 0, '2022-08-19 22:26:22', NULL);
INSERT INTO `t_resource` VALUES (1149, '更新网站配置', '/admin/website/config', 'PUT', 1050, 0, '2022-08-19 22:26:22', NULL);
INSERT INTO `t_resource` VALUES (1150, '根据相册id查看照片列表', '/albums/*/photos', 'GET', 1059, 1, '2022-08-19 22:26:22', '2022-08-19 22:27:54');
INSERT INTO `t_resource` VALUES (1151, '获取所有文章归档', '/archives/all', 'GET', 1057, 1, '2022-08-19 22:26:22', '2022-08-19 22:27:35');
INSERT INTO `t_resource` VALUES (1152, '获取所有文章', '/articles/all', 'GET', 1057, 1, '2022-08-19 22:26:22', '2022-08-19 22:27:37');
INSERT INTO `t_resource` VALUES (1153, '根据分类id获取文章', '/articles/categoryId', 'GET', 1057, 1, '2022-08-19 22:26:22', '2022-08-19 22:27:38');
INSERT INTO `t_resource` VALUES (1154, '搜索文章', '/articles/search', 'GET', 1057, 1, '2022-08-19 22:26:22', '2022-08-19 22:27:40');
INSERT INTO `t_resource` VALUES (1155, '根据标签id获取文章', '/articles/tagId', 'GET', 1057, 1, '2022-08-19 22:26:22', '2022-08-19 22:27:40');
INSERT INTO `t_resource` VALUES (1156, '获取置顶和推荐文章', '/articles/topAndFeatured', 'GET', 1057, 1, '2022-08-19 22:26:22', '2022-08-19 22:27:41');
INSERT INTO `t_resource` VALUES (1157, '根据id获取文章', '/articles/*', 'GET', 1057, 1, '2022-08-19 22:26:22', '2022-08-19 22:27:42');
INSERT INTO `t_resource` VALUES (1158, '/处理BizException', '/bizException', 'GET', 1055, 0, '2022-08-19 22:26:22', NULL);
INSERT INTO `t_resource` VALUES (1159, '/处理BizException', '/bizException', 'HEAD', 1055, 0, '2022-08-19 22:26:22', NULL);
INSERT INTO `t_resource` VALUES (1160, '/处理BizException', '/bizException', 'POST', 1055, 0, '2022-08-19 22:26:22', NULL);
INSERT INTO `t_resource` VALUES (1161, '/处理BizException', '/bizException', 'PUT', 1055, 0, '2022-08-19 22:26:22', NULL);
INSERT INTO `t_resource` VALUES (1162, '/处理BizException', '/bizException', 'DELETE', 1055, 0, '2022-08-19 22:26:22', NULL);
INSERT INTO `t_resource` VALUES (1163, '/处理BizException', '/bizException', 'OPTIONS', 1055, 0, '2022-08-19 22:26:22', NULL);
INSERT INTO `t_resource` VALUES (1164, '/处理BizException', '/bizException', 'PATCH', 1055, 0, '2022-08-19 22:26:22', NULL);
INSERT INTO `t_resource` VALUES (1165, '获取所有分类', '/categories/all', 'GET', 1051, 1, '2022-08-19 22:26:22', '2022-08-19 22:27:05');
INSERT INTO `t_resource` VALUES (1166, '获取评论', '/comments', 'GET', 1065, 1, '2022-08-19 22:26:22', '2022-08-19 22:33:50');
INSERT INTO `t_resource` VALUES (1167, '添加评论', '/comments/save', 'POST', 1065, 0, '2022-08-19 22:26:22', '2022-08-19 22:33:47');
INSERT INTO `t_resource` VALUES (1168, '获取前七个评论', '/comments/topSeven', 'GET', 1065, 1, '2022-08-19 22:26:22', '2022-08-19 22:33:44');
INSERT INTO `t_resource` VALUES (1169, '查看友链列表', '/links', 'GET', 1052, 1, '2022-08-19 22:26:22', '2022-08-19 22:27:13');
INSERT INTO `t_resource` VALUES (1170, '获取相册列表', '/photos/albums', 'GET', 1062, 1, '2022-08-19 22:26:22', '2022-08-19 22:28:25');
INSERT INTO `t_resource` VALUES (1171, 'report', '/report', 'POST', 1050, 1, '2022-08-19 22:26:22', '2022-08-19 22:27:00');
INSERT INTO `t_resource` VALUES (1172, '获取所有标签', '/tags/all', 'GET', 1058, 1, '2022-08-19 22:26:22', '2022-08-19 22:31:23');
INSERT INTO `t_resource` VALUES (1173, '获取前十个标签', '/tags/topTen', 'GET', 1058, 1, '2022-08-19 22:26:22', '2022-08-19 22:31:27');
INSERT INTO `t_resource` VALUES (1174, '查看说说列表', '/talks', 'GET', 1066, 1, '2022-08-19 22:26:22', '2022-08-19 22:28:38');
INSERT INTO `t_resource` VALUES (1175, '根据id查看说说', '/talks/*', 'GET', 1066, 1, '2022-08-19 22:26:22', '2022-08-19 22:28:38');
INSERT INTO `t_resource` VALUES (1176, '更新用户头像', '/users/avatar', 'POST', 1060, 1, '2022-08-19 22:26:22', '2022-08-19 22:28:05');
INSERT INTO `t_resource` VALUES (1177, '发送邮箱验证码', '/users/code', 'GET', 1061, 1, '2022-08-19 22:26:22', '2022-08-19 22:28:15');
INSERT INTO `t_resource` VALUES (1178, '绑定用户邮箱', '/users/email', 'PUT', 1060, 1, '2022-08-19 22:26:22', '2022-08-19 22:28:06');
INSERT INTO `t_resource` VALUES (1179, '更新用户信息', '/users/info', 'PUT', 1060, 1, '2022-08-19 22:26:22', '2022-08-19 22:28:07');
INSERT INTO `t_resource` VALUES (1180, '根据id获取用户信息', '/users/info/*', 'GET', 1060, 1, '2022-08-19 22:26:22', '2022-08-19 22:28:07');
INSERT INTO `t_resource` VALUES (1181, '用户登出', '/users/logout', 'POST', 1061, 1, '2022-08-19 22:26:22', '2022-08-19 22:28:15');
INSERT INTO `t_resource` VALUES (1182, 'qq登录', '/users/oauth/qq', 'POST', 1061, 1, '2022-08-19 22:26:22', '2023-07-02 17:16:44');
INSERT INTO `t_resource` VALUES (1183, '修改密码', '/users/password', 'PUT', 1061, 1, '2022-08-19 22:26:22', '2022-08-19 22:28:18');
INSERT INTO `t_resource` VALUES (1184, '用户注册', '/users/register', 'POST', 1061, 1, '2022-08-19 22:26:22', '2022-08-19 22:28:17');
INSERT INTO `t_resource` VALUES (1185, '修改用户的订阅状态', '/users/subscribe', 'PUT', 1060, 1, '2022-08-19 22:26:22', '2022-08-19 22:28:08');
INSERT INTO `t_resource` VALUES (1186, '异常日志模块', NULL, NULL, NULL, 0, '2022-08-25 15:13:40', NULL);
INSERT INTO `t_resource` VALUES (1187, '获取异常日志', '/admin/exception/logs', 'GET', 1186, 0, '2022-08-25 15:14:27', NULL);
INSERT INTO `t_resource` VALUES (1188, '删除异常日志', '/admin/exception/logs', 'DELETE', 1186, 0, '2022-08-25 15:14:59', NULL);

-- ----------------------------
-- Table structure for t_role
-- ----------------------------
DROP TABLE IF EXISTS `t_role`;
CREATE TABLE `t_role`  (
  `id` int(11) NOT NULL AUTO_INCREMENT COMMENT '主键id',
  `role_name` varchar(20) CHARACTER SET utf8mb4 COLLATE utf8mb4_general_ci NOT NULL COMMENT '角色名',
  `is_disable` tinyint(1) NOT NULL DEFAULT 0 COMMENT '是否禁用  0否 1是',
  `create_time` datetime(0) NOT NULL COMMENT '创建时间',
  `update_time` datetime(0) NULL DEFAULT NULL COMMENT '更新时间',
  PRIMARY KEY (`id`) USING BTREE
) ENGINE = InnoDB AUTO_INCREMENT = 15 CHARACTER SET = utf8mb4 COLLATE = utf8mb4_general_ci ROW_FORMAT = DYNAMIC;

-- ----------------------------
-- Records of t_role
-- ----------------------------
INSERT INTO `t_role` VALUES (1, 'admin', 0, '2022-07-20 13:25:19', '2022-08-16 16:07:49');
INSERT INTO `t_role` VALUES (2, 'user', 0, '2022-07-20 13:25:40', '2022-08-19 22:55:26');
INSERT INTO `t_role` VALUES (14, 'test', 0, '2022-08-19 21:48:14', '2022-08-19 22:38:15');

-- ----------------------------
-- Table structure for t_role_menu
-- ----------------------------
DROP TABLE IF EXISTS `t_role_menu`;
CREATE TABLE `t_role_menu`  (
  `id` int(11) NOT NULL AUTO_INCREMENT COMMENT '主键',
  `role_id` int(11) NULL DEFAULT NULL COMMENT '角色id',
  `menu_id` int(11) NULL DEFAULT NULL COMMENT '菜单id',
  PRIMARY KEY (`id`) USING BTREE
) ENGINE = InnoDB AUTO_INCREMENT = 2886 CHARACTER SET = utf8mb4 COLLATE = utf8mb4_general_ci ROW_FORMAT = DYNAMIC;

-- ----------------------------
-- Records of t_role_menu
-- ----------------------------
INSERT INTO `t_role_menu` VALUES (2784, 1, 1);
INSERT INTO `t_role_menu` VALUES (2785, 1, 2);
INSERT INTO `t_role_menu` VALUES (2786, 1, 6);
INSERT INTO `t_role_menu` VALUES (2787, 1, 7);
INSERT INTO `t_role_menu` VALUES (2788, 1, 8);
INSERT INTO `t_role_menu` VALUES (2789, 1, 9);
INSERT INTO `t_role_menu` VALUES (2790, 1, 10);
INSERT INTO `t_role_menu` VALUES (2791, 1, 3);
INSERT INTO `t_role_menu` VALUES (2792, 1, 11);
INSERT INTO `t_role_menu` VALUES (2793, 1, 221);
INSERT INTO `t_role_menu` VALUES (2794, 1, 222);
INSERT INTO `t_role_menu` VALUES (2795, 1, 223);
INSERT INTO `t_role_menu` VALUES (2796, 1, 224);
INSERT INTO `t_role_menu` VALUES (2797, 1, 202);
INSERT INTO `t_role_menu` VALUES (2798, 1, 13);
INSERT INTO `t_role_menu` VALUES (2799, 1, 201);
INSERT INTO `t_role_menu` VALUES (2800, 1, 213);
INSERT INTO `t_role_menu` VALUES (2801, 1, 14);
INSERT INTO `t_role_menu` VALUES (2802, 1, 15);
INSERT INTO `t_role_menu` VALUES (2803, 1, 16);
INSERT INTO `t_role_menu` VALUES (2804, 1, 4);
INSERT INTO `t_role_menu` VALUES (2805, 1, 214);
INSERT INTO `t_role_menu` VALUES (2806, 1, 209);
INSERT INTO `t_role_menu` VALUES (2807, 1, 17);
INSERT INTO `t_role_menu` VALUES (2808, 1, 18);
INSERT INTO `t_role_menu` VALUES (2809, 1, 205);
INSERT INTO `t_role_menu` VALUES (2810, 1, 206);
INSERT INTO `t_role_menu` VALUES (2811, 1, 208);
INSERT INTO `t_role_menu` VALUES (2812, 1, 210);
INSERT INTO `t_role_menu` VALUES (2813, 1, 19);
INSERT INTO `t_role_menu` VALUES (2814, 1, 20);
INSERT INTO `t_role_menu` VALUES (2815, 1, 225);
INSERT INTO `t_role_menu` VALUES (2816, 1, 220);
INSERT INTO `t_role_menu` VALUES (2817, 1, 5);
INSERT INTO `t_role_menu` VALUES (2852, 14, 1);
INSERT INTO `t_role_menu` VALUES (2853, 14, 2);
INSERT INTO `t_role_menu` VALUES (2854, 14, 6);
INSERT INTO `t_role_menu` VALUES (2855, 14, 7);
INSERT INTO `t_role_menu` VALUES (2856, 14, 8);
INSERT INTO `t_role_menu` VALUES (2857, 14, 9);
INSERT INTO `t_role_menu` VALUES (2858, 14, 10);
INSERT INTO `t_role_menu` VALUES (2859, 14, 3);
INSERT INTO `t_role_menu` VALUES (2860, 14, 11);
INSERT INTO `t_role_menu` VALUES (2861, 14, 221);
INSERT INTO `t_role_menu` VALUES (2862, 14, 222);
INSERT INTO `t_role_menu` VALUES (2863, 14, 223);
INSERT INTO `t_role_menu` VALUES (2864, 14, 224);
INSERT INTO `t_role_menu` VALUES (2865, 14, 202);
INSERT INTO `t_role_menu` VALUES (2866, 14, 13);
INSERT INTO `t_role_menu` VALUES (2867, 14, 201);
INSERT INTO `t_role_menu` VALUES (2868, 14, 213);
INSERT INTO `t_role_menu` VALUES (2869, 14, 14);
INSERT INTO `t_role_menu` VALUES (2870, 14, 15);
INSERT INTO `t_role_menu` VALUES (2871, 14, 16);
INSERT INTO `t_role_menu` VALUES (2872, 14, 4);
INSERT INTO `t_role_menu` VALUES (2873, 14, 214);
INSERT INTO `t_role_menu` VALUES (2874, 14, 209);
INSERT INTO `t_role_menu` VALUES (2875, 14, 17);
INSERT INTO `t_role_menu` VALUES (2876, 14, 18);
INSERT INTO `t_role_menu` VALUES (2877, 14, 205);
INSERT INTO `t_role_menu` VALUES (2878, 14, 206);
INSERT INTO `t_role_menu` VALUES (2879, 14, 208);
INSERT INTO `t_role_menu` VALUES (2880, 14, 210);
INSERT INTO `t_role_menu` VALUES (2881, 14, 19);
INSERT INTO `t_role_menu` VALUES (2882, 14, 20);
INSERT INTO `t_role_menu` VALUES (2883, 14, 225);
INSERT INTO `t_role_menu` VALUES (2884, 14, 220);
INSERT INTO `t_role_menu` VALUES (2885, 14, 5);

-- ----------------------------
-- Table structure for t_role_resource
-- ----------------------------
DROP TABLE IF EXISTS `t_role_resource`;
CREATE TABLE `t_role_resource`  (
  `id` int(11) NOT NULL AUTO_INCREMENT,
  `role_id` int(11) NULL DEFAULT NULL COMMENT '角色id',
  `resource_id` int(11) NULL DEFAULT NULL COMMENT '权限id',
  PRIMARY KEY (`id`) USING BTREE
) ENGINE = InnoDB AUTO_INCREMENT = 5547 CHARACTER SET = utf8mb4 COLLATE = utf8mb4_general_ci ROW_FORMAT = DYNAMIC;

-- ----------------------------
-- Records of t_role_resource
-- ----------------------------
INSERT INTO `t_role_resource` VALUES (5406, 2, 1146);
INSERT INTO `t_role_resource` VALUES (5407, 2, 1167);
INSERT INTO `t_role_resource` VALUES (5408, 1, 1050);
INSERT INTO `t_role_resource` VALUES (5409, 1, 1070);
INSERT INTO `t_role_resource` VALUES (5410, 1, 1071);
INSERT INTO `t_role_resource` VALUES (5411, 1, 1088);
INSERT INTO `t_role_resource` VALUES (5412, 1, 1148);
INSERT INTO `t_role_resource` VALUES (5413, 1, 1149);
INSERT INTO `t_role_resource` VALUES (5414, 1, 1051);
INSERT INTO `t_role_resource` VALUES (5415, 1, 1081);
INSERT INTO `t_role_resource` VALUES (5416, 1, 1082);
INSERT INTO `t_role_resource` VALUES (5417, 1, 1083);
INSERT INTO `t_role_resource` VALUES (5418, 1, 1084);
INSERT INTO `t_role_resource` VALUES (5419, 1, 1052);
INSERT INTO `t_role_resource` VALUES (5420, 1, 1101);
INSERT INTO `t_role_resource` VALUES (5421, 1, 1102);
INSERT INTO `t_role_resource` VALUES (5422, 1, 1103);
INSERT INTO `t_role_resource` VALUES (5423, 1, 1053);
INSERT INTO `t_role_resource` VALUES (5424, 1, 1089);
INSERT INTO `t_role_resource` VALUES (5425, 1, 1090);
INSERT INTO `t_role_resource` VALUES (5426, 1, 1091);
INSERT INTO `t_role_resource` VALUES (5427, 1, 1092);
INSERT INTO `t_role_resource` VALUES (5428, 1, 1054);
INSERT INTO `t_role_resource` VALUES (5429, 1, 1093);
INSERT INTO `t_role_resource` VALUES (5430, 1, 1094);
INSERT INTO `t_role_resource` VALUES (5431, 1, 1095);
INSERT INTO `t_role_resource` VALUES (5432, 1, 1096);
INSERT INTO `t_role_resource` VALUES (5433, 1, 1097);
INSERT INTO `t_role_resource` VALUES (5434, 1, 1098);
INSERT INTO `t_role_resource` VALUES (5435, 1, 1099);
INSERT INTO `t_role_resource` VALUES (5436, 1, 1100);
INSERT INTO `t_role_resource` VALUES (5437, 1, 1055);
INSERT INTO `t_role_resource` VALUES (5438, 1, 1158);
INSERT INTO `t_role_resource` VALUES (5439, 1, 1159);
INSERT INTO `t_role_resource` VALUES (5440, 1, 1160);
INSERT INTO `t_role_resource` VALUES (5441, 1, 1161);
INSERT INTO `t_role_resource` VALUES (5442, 1, 1162);
INSERT INTO `t_role_resource` VALUES (5443, 1, 1163);
INSERT INTO `t_role_resource` VALUES (5444, 1, 1164);
INSERT INTO `t_role_resource` VALUES (5445, 1, 1056);
INSERT INTO `t_role_resource` VALUES (5446, 1, 1108);
INSERT INTO `t_role_resource` VALUES (5447, 1, 1109);
INSERT INTO `t_role_resource` VALUES (5448, 1, 1057);
INSERT INTO `t_role_resource` VALUES (5449, 1, 1072);
INSERT INTO `t_role_resource` VALUES (5450, 1, 1073);
INSERT INTO `t_role_resource` VALUES (5451, 1, 1074);
INSERT INTO `t_role_resource` VALUES (5452, 1, 1075);
INSERT INTO `t_role_resource` VALUES (5453, 1, 1076);
INSERT INTO `t_role_resource` VALUES (5454, 1, 1077);
INSERT INTO `t_role_resource` VALUES (5455, 1, 1078);
INSERT INTO `t_role_resource` VALUES (5456, 1, 1079);
INSERT INTO `t_role_resource` VALUES (5457, 1, 1080);
INSERT INTO `t_role_resource` VALUES (5458, 1, 1058);
INSERT INTO `t_role_resource` VALUES (5459, 1, 1130);
INSERT INTO `t_role_resource` VALUES (5460, 1, 1131);
INSERT INTO `t_role_resource` VALUES (5461, 1, 1132);
INSERT INTO `t_role_resource` VALUES (5462, 1, 1133);
INSERT INTO `t_role_resource` VALUES (5463, 1, 1059);
INSERT INTO `t_role_resource` VALUES (5464, 1, 1110);
INSERT INTO `t_role_resource` VALUES (5465, 1, 1111);
INSERT INTO `t_role_resource` VALUES (5466, 1, 1112);
INSERT INTO `t_role_resource` VALUES (5467, 1, 1113);
INSERT INTO `t_role_resource` VALUES (5468, 1, 1114);
INSERT INTO `t_role_resource` VALUES (5469, 1, 1121);
INSERT INTO `t_role_resource` VALUES (5470, 1, 1060);
INSERT INTO `t_role_resource` VALUES (5471, 1, 1142);
INSERT INTO `t_role_resource` VALUES (5472, 1, 1143);
INSERT INTO `t_role_resource` VALUES (5473, 1, 1146);
INSERT INTO `t_role_resource` VALUES (5474, 1, 1147);
INSERT INTO `t_role_resource` VALUES (5475, 1, 1061);
INSERT INTO `t_role_resource` VALUES (5476, 1, 1140);
INSERT INTO `t_role_resource` VALUES (5477, 1, 1141);
INSERT INTO `t_role_resource` VALUES (5478, 1, 1144);
INSERT INTO `t_role_resource` VALUES (5479, 1, 1062);
INSERT INTO `t_role_resource` VALUES (5480, 1, 1115);
INSERT INTO `t_role_resource` VALUES (5481, 1, 1116);
INSERT INTO `t_role_resource` VALUES (5482, 1, 1117);
INSERT INTO `t_role_resource` VALUES (5483, 1, 1118);
INSERT INTO `t_role_resource` VALUES (5484, 1, 1119);
INSERT INTO `t_role_resource` VALUES (5485, 1, 1120);
INSERT INTO `t_role_resource` VALUES (5486, 1, 1063);
INSERT INTO `t_role_resource` VALUES (5487, 1, 1104);
INSERT INTO `t_role_resource` VALUES (5488, 1, 1105);
INSERT INTO `t_role_resource` VALUES (5489, 1, 1106);
INSERT INTO `t_role_resource` VALUES (5490, 1, 1107);
INSERT INTO `t_role_resource` VALUES (5491, 1, 1126);
INSERT INTO `t_role_resource` VALUES (5492, 1, 1139);
INSERT INTO `t_role_resource` VALUES (5493, 1, 1064);
INSERT INTO `t_role_resource` VALUES (5494, 1, 1125);
INSERT INTO `t_role_resource` VALUES (5495, 1, 1128);
INSERT INTO `t_role_resource` VALUES (5496, 1, 1129);
INSERT INTO `t_role_resource` VALUES (5497, 1, 1145);
INSERT INTO `t_role_resource` VALUES (5498, 1, 1065);
INSERT INTO `t_role_resource` VALUES (5499, 1, 1085);
INSERT INTO `t_role_resource` VALUES (5500, 1, 1086);
INSERT INTO `t_role_resource` VALUES (5501, 1, 1087);
INSERT INTO `t_role_resource` VALUES (5502, 1, 1167);
INSERT INTO `t_role_resource` VALUES (5503, 1, 1066);
INSERT INTO `t_role_resource` VALUES (5504, 1, 1134);
INSERT INTO `t_role_resource` VALUES (5505, 1, 1135);
INSERT INTO `t_role_resource` VALUES (5506, 1, 1136);
INSERT INTO `t_role_resource` VALUES (5507, 1, 1137);
INSERT INTO `t_role_resource` VALUES (5508, 1, 1067);
INSERT INTO `t_role_resource` VALUES (5509, 1, 1122);
INSERT INTO `t_role_resource` VALUES (5510, 1, 1123);
INSERT INTO `t_role_resource` VALUES (5511, 1, 1124);
INSERT INTO `t_role_resource` VALUES (5512, 1, 1127);
INSERT INTO `t_role_resource` VALUES (5513, 1, 1186);
INSERT INTO `t_role_resource` VALUES (5514, 1, 1187);
INSERT INTO `t_role_resource` VALUES (5515, 1, 1188);
INSERT INTO `t_role_resource` VALUES (5516, 14, 1070);
INSERT INTO `t_role_resource` VALUES (5517, 14, 1148);
INSERT INTO `t_role_resource` VALUES (5518, 14, 1081);
INSERT INTO `t_role_resource` VALUES (5519, 14, 1084);
INSERT INTO `t_role_resource` VALUES (5520, 14, 1101);
INSERT INTO `t_role_resource` VALUES (5521, 14, 1089);
INSERT INTO `t_role_resource` VALUES (5522, 14, 1092);
INSERT INTO `t_role_resource` VALUES (5523, 14, 1093);
INSERT INTO `t_role_resource` VALUES (5524, 14, 1097);
INSERT INTO `t_role_resource` VALUES (5525, 14, 1100);
INSERT INTO `t_role_resource` VALUES (5526, 14, 1108);
INSERT INTO `t_role_resource` VALUES (5527, 14, 1072);
INSERT INTO `t_role_resource` VALUES (5528, 14, 1080);
INSERT INTO `t_role_resource` VALUES (5529, 14, 1130);
INSERT INTO `t_role_resource` VALUES (5530, 14, 1133);
INSERT INTO `t_role_resource` VALUES (5531, 14, 1110);
INSERT INTO `t_role_resource` VALUES (5532, 14, 1143);
INSERT INTO `t_role_resource` VALUES (5533, 14, 1140);
INSERT INTO `t_role_resource` VALUES (5534, 14, 1141);
INSERT INTO `t_role_resource` VALUES (5535, 14, 1115);
INSERT INTO `t_role_resource` VALUES (5536, 14, 1118);
INSERT INTO `t_role_resource` VALUES (5537, 14, 1104);
INSERT INTO `t_role_resource` VALUES (5538, 14, 1126);
INSERT INTO `t_role_resource` VALUES (5539, 14, 1139);
INSERT INTO `t_role_resource` VALUES (5540, 14, 1128);
INSERT INTO `t_role_resource` VALUES (5541, 14, 1145);
INSERT INTO `t_role_resource` VALUES (5542, 14, 1085);
INSERT INTO `t_role_resource` VALUES (5543, 14, 1134);
INSERT INTO `t_role_resource` VALUES (5544, 14, 1122);
INSERT INTO `t_role_resource` VALUES (5545, 14, 1127);
INSERT INTO `t_role_resource` VALUES (5546, 14, 1187);

-- ----------------------------
-- Table structure for t_tag
-- ----------------------------
DROP TABLE IF EXISTS `t_tag`;
CREATE TABLE `t_tag`  (
  `id` int(11) NOT NULL AUTO_INCREMENT,
  `tag_name` varchar(20) CHARACTER SET utf8mb4 COLLATE utf8mb4_general_ci NOT NULL COMMENT '标签名',
  `create_time` datetime(0) NOT NULL COMMENT '创建时间',
  `update_time` datetime(0) NULL DEFAULT NULL COMMENT '更新时间',
  PRIMARY KEY (`id`) USING BTREE
) ENGINE = InnoDB AUTO_INCREMENT = 6 CHARACTER SET = utf8mb4 COLLATE = utf8mb4_general_ci ROW_FORMAT = DYNAMIC;

-- ----------------------------
-- Records of t_tag
-- ----------------------------
INSERT INTO `t_tag` VALUES (1, '学习', '2023-07-02 10:54:08', NULL);
INSERT INTO `t_tag` VALUES (2, '毕业设计程序', '2023-07-02 15:04:06', NULL);
INSERT INTO `t_tag` VALUES (3, 'java', '2023-07-02 15:04:19', NULL);
INSERT INTO `t_tag` VALUES (4, 'springboot', '2023-07-02 15:04:25', NULL);
INSERT INTO `t_tag` VALUES (5, 'mysql', '2023-07-02 15:04:33', NULL);

-- ----------------------------
-- Table structure for t_talk
-- ----------------------------
DROP TABLE IF EXISTS `t_talk`;
CREATE TABLE `t_talk`  (
  `id` int(11) NOT NULL AUTO_INCREMENT COMMENT '说说id',
  `user_id` int(11) NOT NULL COMMENT '用户id',
  `content` varchar(2000) CHARACTER SET utf8mb4 COLLATE utf8mb4_general_ci NOT NULL COMMENT '说说内容',
  `images` varchar(2500) CHARACTER SET utf8mb4 COLLATE utf8mb4_general_ci NULL DEFAULT NULL COMMENT '图片',
  `is_top` tinyint(1) NOT NULL DEFAULT 0 COMMENT '是否置顶',
  `status` tinyint(1) NOT NULL DEFAULT 1 COMMENT '状态 1.公开 2.私密',
  `create_time` datetime(0) NOT NULL COMMENT '创建时间',
  `update_time` datetime(0) NULL DEFAULT NULL COMMENT '更新时间',
  PRIMARY KEY (`id`) USING BTREE
) ENGINE = InnoDB AUTO_INCREMENT = 1 CHARACTER SET = utf8mb4 COLLATE = utf8mb4_general_ci ROW_FORMAT = DYNAMIC;

-- ----------------------------
-- Records of t_talk
-- ----------------------------

-- ----------------------------
-- Table structure for t_unique_view
-- ----------------------------
DROP TABLE IF EXISTS `t_unique_view`;
CREATE TABLE `t_unique_view`  (
  `id` int(11) NOT NULL AUTO_INCREMENT,
  `views_count` int(11) NOT NULL COMMENT '访问量',
  `create_time` datetime(0) NOT NULL COMMENT '创建时间',
  `update_time` datetime(0) NULL DEFAULT NULL COMMENT '更新时间',
  PRIMARY KEY (`id`) USING BTREE
) ENGINE = InnoDB AUTO_INCREMENT = 7 CHARACTER SET = utf8mb4 COLLATE = utf8mb4_general_ci ROW_FORMAT = DYNAMIC;

-- ----------------------------
-- Records of t_unique_view
-- ----------------------------
INSERT INTO `t_unique_view` VALUES (1, 2, '2023-07-01 00:00:00', NULL);
INSERT INTO `t_unique_view` VALUES (2, 6, '2023-07-02 00:00:00', NULL);
INSERT INTO `t_unique_view` VALUES (3, 6, '2023-07-02 00:00:00', NULL);
INSERT INTO `t_unique_view` VALUES (4, 3, '2023-07-03 00:00:00', NULL);
INSERT INTO `t_unique_view` VALUES (5, 1, '2023-07-04 00:00:00', NULL);
INSERT INTO `t_unique_view` VALUES (6, 3, '2023-07-08 00:00:00', NULL);

-- ----------------------------
-- Table structure for t_user_auth
-- ----------------------------
DROP TABLE IF EXISTS `t_user_auth`;
CREATE TABLE `t_user_auth`  (
  `id` int(11) NOT NULL AUTO_INCREMENT,
  `user_info_id` int(11) NOT NULL COMMENT '用户信息id',
  `username` varchar(50) CHARACTER SET utf8mb4 COLLATE utf8mb4_general_ci NOT NULL COMMENT '用户名',
  `password` varchar(100) CHARACTER SET utf8mb4 COLLATE utf8mb4_general_ci NOT NULL COMMENT '密码',
  `login_type` tinyint(1) NOT NULL COMMENT '登录类型',
  `ip_address` varchar(50) CHARACTER SET utf8mb4 COLLATE utf8mb4_general_ci NULL DEFAULT NULL COMMENT '用户登录ip',
  `ip_source` varchar(50) CHARACTER SET utf8mb4 COLLATE utf8mb4_general_ci NULL DEFAULT NULL COMMENT 'ip来源',
  `create_time` datetime(0) NOT NULL COMMENT '创建时间',
  `update_time` datetime(0) NULL DEFAULT NULL COMMENT '更新时间',
  `last_login_time` datetime(0) NULL DEFAULT NULL COMMENT '上次登录时间',
  PRIMARY KEY (`id`) USING BTREE,
  UNIQUE INDEX `username`(`username`) USING BTREE
) ENGINE = InnoDB AUTO_INCREMENT = 3 CHARACTER SET = utf8mb4 COLLATE = utf8mb4_general_ci ROW_FORMAT = DYNAMIC;

-- ----------------------------
-- Records of t_user_auth
-- ----------------------------
INSERT INTO `t_user_auth` VALUES (1, 1, 'admin@163.com', '$2a$10$/Z90STxVyGOIfNhTfvzbEuJ9t1yHjrkN6pBMRAqd5g5SdNIrdt5Da', 1, '172.17.0.1', '内网IP|内网IP', '2022-08-19 21:43:46', '2023-07-03 09:18:09', '2023-07-03 09:18:09');
INSERT INTO `t_user_auth` VALUES (2, 2, '1476029172@qq.com', '$2a$10$a7OlLSvTpW0I6UFa7rajA.Q02D6rY2jWoa1aBUryimKjs1xXtjKnK', 1, '172.17.0.1', '内网IP|内网IP', '2023-07-02 03:50:51', '2023-07-02 17:13:16', '2023-07-02 17:13:16');

-- ----------------------------
-- Table structure for t_user_info
-- ----------------------------
DROP TABLE IF EXISTS `t_user_info`;
CREATE TABLE `t_user_info`  (
  `id` int(11) NOT NULL AUTO_INCREMENT COMMENT '用户ID',
  `email` varchar(50) CHARACTER SET utf8mb4 COLLATE utf8mb4_general_ci NULL DEFAULT NULL COMMENT '邮箱号',
  `nickname` varchar(50) CHARACTER SET utf8mb4 COLLATE utf8mb4_general_ci NOT NULL COMMENT '用户昵称',
  `avatar` varchar(1024) CHARACTER SET utf8mb4 COLLATE utf8mb4_general_ci NOT NULL DEFAULT '' COMMENT '用户头像',
  `intro` varchar(255) CHARACTER SET utf8mb4 COLLATE utf8mb4_general_ci NULL DEFAULT NULL COMMENT '用户简介',
  `website` varchar(255) CHARACTER SET utf8mb4 COLLATE utf8mb4_general_ci NULL DEFAULT NULL COMMENT '个人网站',
  `is_subscribe` tinyint(1) NULL DEFAULT NULL COMMENT '是否订阅',
  `is_disable` tinyint(1) NOT NULL DEFAULT 0 COMMENT '是否禁用',
  `create_time` datetime(0) NOT NULL COMMENT '创建时间',
  `update_time` datetime(0) NULL DEFAULT NULL COMMENT '更新时间',
  PRIMARY KEY (`id`) USING BTREE
) ENGINE = InnoDB AUTO_INCREMENT = 3 CHARACTER SET = utf8mb4 COLLATE = utf8mb4_general_ci ROW_FORMAT = DYNAMIC;

-- ----------------------------
-- Records of t_user_info
-- ----------------------------
INSERT INTO `t_user_info` VALUES (1, 'admin@163.com', 'admin', 'http://192.168.18.178:9000/public/aurora/avatar/05ca8e17532b934836f2d5bf31c708ab.jpg', '123456', 'https://www.linhaojun.top', 0, 0, '2022-08-19 21:42:04', '2023-07-03 06:55:46');
INSERT INTO `t_user_info` VALUES (2, '1476029172@qq.com', 'ze.sir', 'http://192.168.18.178:9000/public/aurora/avatar/2f3fd5de21a8023bc2e13489731a045f.jpeg', '最帅的我', 'http://2jjy38.natappfree.cc', 1, 0, '2023-07-02 03:50:51', '2023-07-02 16:59:51');

-- ----------------------------
-- Table structure for t_user_role
-- ----------------------------
DROP TABLE IF EXISTS `t_user_role`;
CREATE TABLE `t_user_role`  (
  `id` int(11) NOT NULL AUTO_INCREMENT,
  `user_id` int(11) NULL DEFAULT NULL COMMENT '用户id',
  `role_id` int(11) NULL DEFAULT NULL COMMENT '角色id',
  PRIMARY KEY (`id`) USING BTREE
) ENGINE = InnoDB AUTO_INCREMENT = 5 CHARACTER SET = utf8mb4 COLLATE = utf8mb4_general_ci ROW_FORMAT = DYNAMIC;

-- ----------------------------
-- Records of t_user_role
-- ----------------------------
INSERT INTO `t_user_role` VALUES (2, 1, 1);
INSERT INTO `t_user_role` VALUES (3, 1, 2);
INSERT INTO `t_user_role` VALUES (4, 2, 2);

-- ----------------------------
-- Table structure for t_website_config
-- ----------------------------
DROP TABLE IF EXISTS `t_website_config`;
CREATE TABLE `t_website_config`  (
  `id` int(11) NOT NULL AUTO_INCREMENT,
  `config` varchar(2000) CHARACTER SET utf8mb4 COLLATE utf8mb4_general_ci NULL DEFAULT NULL COMMENT '配置信息',
  `create_time` datetime(0) NOT NULL COMMENT '创建时间',
  `update_time` datetime(0) NULL DEFAULT NULL COMMENT '更新时间',
  PRIMARY KEY (`id`) USING BTREE
) ENGINE = InnoDB AUTO_INCREMENT = 2 CHARACTER SET = utf8mb4 COLLATE = utf8mb4_general_ci ROW_FORMAT = DYNAMIC;

-- ----------------------------
-- Records of t_website_config
-- ----------------------------
INSERT INTO `t_website_config` VALUES (1, '{\"alipayQRCode\":\"https://static.linhaojun.top/config/da4c6d8c13f66a8dd6716ddb48d73299.jpg\",\"author\":\"阿泽\",\"authorAvatar\":\"http://192.168.18.178:9000/public/aurora/config/b1367d197dd77a9ab8fc4b06deb945f3.jpg\",\"authorIntro\":\"一个疯狂的码农\",\"beianNumber\":\"苏ICP备2022012376号\",\"csdn\":\"https://blog.csdn.net/weixin_46052344?spm=1000.2115.3001.5343\",\"englishName\":\"bolg\",\"gitee\":\"\",\"github\":\"\",\"isCommentReview\":0,\"isEmailNotice\":1,\"isReward\":1,\"juejin\":\"\",\"logo\":\"http://192.168.18.178:9000/public/aurora/config/47879beeeb9eb6c5de744e4e8bf9b8dd.jpg\",\"multiLanguage\":1,\"name\":\"阿泽个人网站\",\"notice\":\"请记得关注我哦\",\"qq\":\"\",\"qqLogin\":0,\"stackoverflow\":\"\",\"touristAvatar\":\"https://static.linhaojun.top/config/2af2e2db20740e712f0a011a6f8c9af5.jpg\",\"twitter\":\"\",\"userAvatar\":\"http://192.168.18.178:9000/public/aurora/config/2fdec6aa19f4ea9d09fa563625cce7b4.jpg\",\"weChat\":\"\",\"websiteCreateTime\":\"2023-07-02\",\"weiXinQRCode\":\"http://192.168.18.178:9000/public/aurora/config/72032e9da869cdfec0ee824bf08d3560.jpg\",\"weibo\":\"\",\"zhihu\":\"\"}', '2022-07-24 12:05:33', '2023-07-02 16:58:43');

SET FOREIGN_KEY_CHECKS = 1;
